id,text
1,Koji su neki grandž bendovi sa jakim uticajem iz 1970-ih godina?
2,Šta znači negrito?
3,Koji sudija je poništio presudu Kiza?
4,Koji arapski termin se još uvek koristi za crne ljude?
5,"Šta znači ""A šprah iz a dijalekta sa a armej un flot"" na engleskom?"
6,Koji dijalekti nisu pratili novoštokavsku retrakciju?
7,Kako se zove bol koji brzo prolazi?
8,Koja osoba je bila najviše rangirana u Osmanskom carstvu do 19. veka?
9,Šta se desilo sa ruskom carskom vojskom u toku oktobarske rezolucije?
10,Kada je termin antropologija korišćen kao naziv za komparativnu anatomiju?
11,Šta je Bela kuća smatrala neophodnim prilikom stvaranja sadržaja na Jutjub-u?
12,Koju luku je izgubilo Osmansko carstvo kao rezultat Beogradskog sporazuma?
13,"Reč ,,arhitektura“ je kombinacija koje dve reči?"
14,Kakav tip ugrađenog prijemnika će omogućiti televizoru spremnom za kablovsku da prikazuje VD sadržaj bez prijemnika spolja?
15,U kojoj nadležnosti su podnete protivtužbe Internet arhive?
16,Šta rade POST-i?
17,Vihuele i hurdi-gurdi se trenutno povezuju sa kojom vrstom muzike?
18,Koji je drugi termin za specifične formalne recepte?
19,"U baroknom periodu, ko bi improvizovao preludijume?"
20,Koje oblasti Afrike su bile pod kontrolom Osmanskog carstva?
21,Koji je prvi datum kada je Osmansko carstvo imalo vazdušnu vojnu jedinicu?
22,Čija su izdanja započela teoriju prirodne fonologije?
23,Ko je postao generalni sekretar KPJ nakon što je prethodni ubijen?
24,Koji je termin za bol koji je akutan i ne rešava se normalnim lečenjem?
25,Kome je Tito formalno bio  saveznik posle Drugog svetskog rata?
26,"Za koliko studenata je MIT prikupio novac da pokrije školarinu, sobu i pansion?"
27,Koliki je procenat osoblja UNFPA koje radi na terenu?
28,Gde se vodila većina borbi u Prvom svetskom ratu?
29,Koji je proces pokrenut 2007. godine koji je uveo master diplome u politehnički obrazovni sistem?
30,Šta znači polifono?
31,"Kako se zove zajednički projekat TU Klausthal, TU Braunšvajg i Univerziteta u Hanoveru?"
32,Po čemu se kulturna antropologija naglađeno izdvajala od drugih nauka?
33,Kakvi su bili pogledi širom sveta na pobede Japana nad Rusima?
34,Šta je predmet proučavanja lingvističke antropologije?
35,Kiselost kog sastojka deluje kao konzervans u pivu?
36,Kada je nastala evoluciona fonologija?
37,Kako je definisan novi afroamerički identitet?
38,Kada je završena Velika depresija?
39,Gde je bila prva osmanska Vazduhoplovna škola?
40,Ko je u početku odbacio japanske zakone koji nalažu služenje vojnog roka?
41,Kojoj klasi pripada materijalizam?
42,Kada je korišćen koncept Održive arhitekture?
43,Koje godine je Tito otputovao u Kinu da bi se pomirio sa kineskim rukovodstvom?
44,Koja škola misli je emocije posmatrala kao prepreku vrlini?
45,Kada je objavljen prvi računarski crv?
46,Kako se ponekad pominje praslovenski?
47,Koja je starosna granica na olimpijskom turniru za muškarce?
48,Koji procenat Afroamerikanaca je bio na Floridi u 2010. godini?
49,Rutinska praksa imunologije može se najbolje karakterisati kao?
50,Šta se smatra da u značajnoj meri određuje kako osoba gleda na sebe?
51,Koje tri statistike uključuje HDI?
52,Za koje populacije je tipičan I2a1b1?
53,"Kada je ""Kao Gong Dži"" napisan?"
54,Koji deo vlade kontroliše budžet pravosuđa u mnogim zemljama u razvoju?
55,Ko je razvio teoriju društvene veze?
56,Kome je bio dozvoljen „privremeni ulazak” na jugoslovensku teritoriju?
57,Ko se smatrao lojalnim Moskvi?
58,Gde su bile brojne zajednice tamnoputih ljudi?
59,Koje pitanje je blisko povezano sa promenama biodiverziteta?
60,Gde je rangirana posećenost utakmicama Arsenala u odnosu na druge engleske klubove?
61,Od koje do koje godine je živeo Vilijam Vordsvort?
62,Tokom vrhunca kredne transgresije koliki je deo kopnene mase Zemlje bio pod vodom?
63,Na kom stadionu je odigrana prva utakmica Premijer lige van Engleske?
64,Koju vrednost može imati i odeća koja je dizajnirana da bude modna?
65,Tokom koje sezone su Arenalove gostujuće bile bele majce i beli ili crni šorcevi?
66,Kojim procesom je vođen proces obrade komponenti modela emocija?
67,Koje je godine bilo prvo FIFA Svetsko prvenstvo u fudbalu za žene?
68,Koji poznati novinar je podneo ostavku na mesto stranog dopisnika Tajmsa 1988. godine?
69,Da li Florida ima koristi od poreza?
70,Koja bitka je bila 1402. godine između Timura i Osmanskog carstva?
71,Današnji hrvatski jezik ima korene u kom drugom jeziku?
72,Koja zemlja je 1949. godine počela prenose koristeći sistem od 819 linija?
73,Šta feministička antropologija sama navodi da nastoji da smanji u istraživačkim nalazima?
74,Za koje populacije je Maljarčuk otkrio da su tipično češko poreklo mitohondrijske dezoksiribonukleinske kiseline?
75,Ko je smislio test dijalekata?
76,Šta je dovelo do stvaranja moderne industrijske privrede?
77,Iz koje su zemlje stručnjaci demantovali izveštaj NSA-e?
78,Kog dana je potpisan Sporazum o osnivačkim članovima?
79,Koji procenat potencijalno naseljivih zona tetrapode još nisu naselili?
80,U blizini koje regije je granica Balte?
81,Od kojih nacionalnosti se sastoji zapadnoslovenska grupa naroda ?
82,Šta mogu aerodromi sa malim saobraćajem da koriste kako bi uštedeli električnu energiju i troškove osoblje?
83,Kako je finansiranje UNFPA prvobitno odobreno?
84,Gde se u južnoj Evropi nalaze vlažnija područja?
85,Koje zemlje je Nikson predsednik?
86,Koja pesma Gans en' rouziz je postala singl broj jedan?
87,Šta antropologija proučava?
88,"Rasni, religiozni, etnički i profesionalni aspekti su aspekti čega?"
89,Koji roman iz 1876. godine je napisao Namik Kemal?
90,Koja vlada dodeljuje viteški orden Bate?
91,Koja partija dominira većim delom ostatka Floride?
92,Šta je Pravoslavna crkva mogla da sačuva u zamenu za prihvatanje vlasti Osmanskog carstva?
93,Iz kog veka datira fudbal u Engleskoj?
94,Šta je primer programa za video-telefonski poziv?
95,Koji instrument je postao veoma popularan među srednjom klasom u 19. veku?
96,Koja knjiga Nika Hornbija je dva puta adaptirana za film?
97,Koja su bila četiri korpusa osmanske vojske?
98,Koji je termin za osećaj uzbuđenja ili nerviranja koji stvara emocionalno iskustvo?
99,Koji je primer sistema koji ispunjava EAL6?
100,Šta je pljuvačka?
101,Koje vrste piva sa niskim sadržajem alkohola se ponekad  služe u školi?
102,"Kako se naziva osnovni, primitivni deo imunološkog sistema?"
103,"Od čega su sada navijači manje zavisni, u ovom vremenu satelita i društvenih medija?"
104,Koja vrsta komentara je sigurno na vrhu otkako se uvela bolja funkcija sortiranja 2013. godine?
105,Kako se zove grupa od četiri slova za oslobađanje životinja?
106,Za koga se smatralo da mu je Tito lojalan?
107,U kojoj epohi se pojavila neoklasična muzika?
108,Koja trajna struktura je nastala na Antarktiku?
109,Koliko je „palac dole“ glasova dobila zvanična Jutjubova izjavu o novom sistemu komentara u roku od dva dana?
110,Kako se mirisni režnjevi mozga sisara razlikuju po veličini od reženjeva reptila?
111,U kojoj knjizi se najranije pominje klasična muzika?
112,Koji bend je imao prvi glam meta album koji je dostigao prvo mesto na Bilbordovoj listi?
113,Koje zemlje je predsednik Stejpan Mesić ?
114,U kom periodu je sprovedena serija filogenomskih studija koje su pružilee podršku za češljaste meduze kao bazalnu liniju  životinja?
115,Šta je postala barokna truba?
116,Gde je pronađen mehanizam Antikitere 1901. godine?
117,Koji aerodrom u blizini Pariza je bio jedan od prvih koji je dodao civilne objekte za upravljanje putničkim saobraćajem?
118,Šta uzrokuje genetsko zagađenje?
119,Kog datuma je objavljen Izveštaj o ljudskom razvoju za 2013. godinu?
120,U kom takmičenju su Arsenal Dame bile jedini ženski tim koji je pobedio do 2009. godine?
121,Šta su nekoliko antropologa primetilo u vezi sa zapadnim umetničkim naporima i njihovim mestom u nezapadnim kontekstima?
122,Kako se zvao Osmanov sin koji je osvojio grad u Anadoliji?
123,Koji je maksimalno moguć broj poena za program ritmičke gimnastike?
124,Do koje godine je uglavnom prestao da se koristi ispit 11+?
125,U kom periodu su nastali mnogi instrumenti?
126,Do čega vodi pouzdana komunikacija u porodici?
127,Koji procenat učenika iz Bavarske je 2007. godine pohađao Gesamšule?
128,Ko je brazilski premijer za rasnu ravnopravnost?
129,Kancelarija za strateške usluge je primer čega u vreme rata?
130,Koja škola u Australiji nudi sanskrit kao studij?
131,Još jedan od ciljeva UNFPA je da sve porođaje učini kakvim?
132,Kada je pagansko slovensko stanovništvo hristijanizovano?
133,Da li se često dešava ubijanje divova?
134,Koja je najavtoritetnija klasifikacija koja se danas koristi?
135,Ko se u početku protivio ideji o stvaranju HDI?
136,Gde ide većina prihoda Jutjuba?
137,Kako su se u Evropi najčešće koristili srednjovekovni instrumenti?
138,Kako se naziva model komunikacije u kojem su pošiljalac i primalac recipročno povezani?
139,Tokom kog svetskog događaja se desio Holokaust?
140,Koja je bila jedina teritorija koju je carstvo zadržalo na Balkanu nakon 1913. godine?
141,Iz čijeg sedišta je prvobitno radilo osoblje FA Premijer lige?
142,Na čemu se sada izvodi gimnastička disciplina na parteru?
143,U kojoj zemlji su pronađeni najraniji hemijski dokazi o pivu od ječma?
144,Nacistički plan gladi i Generalplan Ost (generalni plan za Istok) doveli su do smrti i zatvaranja koliko ljudi?
145,Zašto je tokom šezdesetih godina prošlog veka izgradnja aerodroma bila napredna?
146,Šta se dogodilo kada je vojska Marata izgubila treću bitku kod Panipata?
147,Koji sajt je kreiran da bi se ublažili problemi sa nepotpunim kopijama veb-stranica?
148,Šta je FKK odlučio da primeni na internetu?
149,Iz kog jezika potiče reč „arhitektura“?
150,Kako se obrazac saobraćaja često naziva izvan Sjedinjenih Država?
151,Koliko je Google platio za YouTube 2006. godine?
152,Koja vrsta instrumenta je bila donekle standardizovana u baroknom periodu?
153,Koji procenat učenika iz Brandenburga je 2007. godine pohađao Gesamšule?
154,Šta bi bio primer blage sramote?
155,"Za šta se, takođe, u hard roku može kristiti električna gitara?"
156,Prema kakvoj politici je Tajms izrazio rezervu kada je u pitanju bio politički stav Baraka Obame?
157,Koja kompanija je predstavila prvi uređaj za pomoć gluvim osobama da komuniciraju putem telekomunikacija?
158,U koju prvo regiju mozga putuju signali bola?
159,Koliko je FA pehara bilo?
160,Koji predsednik je dobio kontrolu nad Floridom?
161,Koje nacionalnosti je bila Brozova majka?
162,Kada su prvi put korišćeni računari za koordinaciju informacija između mnogih lokacija?
163,Šta su TRI?
164,Ko je izabran za premijera 1971. godine u Jugoslaviji?
165,U kojoj školi su radili Džon Vinsent Atansov i Kliford E. Beri?
166,Šta znači skraćenica D-VHS?
167,Koja muzička lista je 2013. godine rekla da će početi da uzima u obzir podatke sa Jutjub-a za svoje ocenjivanje?
168,Koji tip perifernog uređaja je tastatura?
169,Kada je Arsenal osvojio svoj prvi dvostruki kup?
170,Šta je glavni aktivni sastojak piva?
171,Šta je dvovisinski razboj?
172,Kako se sada zove Kraljevska politehnička ustanova?
173,Kako su Evropljani u 19. veku nazivali Osmansko carstvo?
174,Na šta je povezana analiza jezičkih formi i procesa?
175,Čiji je plan zahtevao da Arapi priznaju državu Izrael u zamenu za teritorije koje je Izrael stekao?
176,Koja je popularna igra ispijanja koja često podrazumeva pivo?
177,Ko je bio sin Murata drugog?
178,Koja rubrika počinje nakon prve polovine novinaTajms?
179,Kada su afričke države postale nezavisne?
180,Neki od pozitivnih aspekata Jutjuba mogu biti što pruža šta do mere koja nikada ranije nije postignuta?
181,Ko bi improvizovao muzičke ukrase u baroknom periodu?
182,Koji je softver koji vrši kompresiju audio i/ili video-zapisa?
183,Šta znači pri-?
184,Kada je potpisan Anglo-ruski sporazum?
185,Šta za autora knjige „Suština hrišćanstva“ predstavlja religija?
186,Kada je osnovana Američko antropološko društvo?
187,Kakva vrsta pokreta je bila moderna arhitektura u početku?
188,Kada je uvedeno pravilo „jedna kap”?
189,Iz koje grupe koja predstavlja 200 000 Muslimana su pobegli u Dobrudžu?
190,"Šta često, u svojoj težnji za više novca i vlasti, ignorišu korumpirani diktatori?"
191,Ko je napisao operu na sanskritu?
192,Koja je zemlja sprovela prisilne abortuse?
193,Po kom osnovu su dopušteni prelazi van prelaznih rokova?
194,Koje je državljanstvo imao Gregorio Maranjon?
195,Koji je osnov prikupljenih dokaza koji stavljaju kriminalce iza rešetaka?
196,Kakva je klima na Floridi?
197,Šta obuhvataju vazdušne zone?
198,Kada je UK izjavilo da je protiv politika autorskih prava na Jutjubu?
199,Koji časopis je objavio izjavu Kancelarije za izveštaj o ljudskom razvoju u januaru 2011. godine?
200,Ko je imenovan za glavnog urednika Tajmsa 1817. godine?
201,Odakle zigoti dobijaju svoje genetske informacije?
202,Koji deo Arsenalovog grba se ponekad pogrešno smatrao dimnjacima?
203,Zašto pritke više nisu od drveta?
204,"Kada se otvori tehnički univerzitet u Konji, koliko će ukupno biti instituta za tehnologiju u Turskoj i Osmanskom carstvu?"
205,Kampidanski sardinski jezik je varijanta kog jezika?
206,Čemu korupcija doprinosi kada je u pitanju životna sredina?
207,Koje vrste ekonomija su se razvijale u zapadnoj Evropi?
208,Koji utisak je Jutjubova politika nadgledanja video snimaka ostavila na Ujedinjeno Kraljevstvo?
209,Šta su granice države Floride?
210,U kojoj zemlji se proizvodi pivo Ošikundu?
211,Na  granicu kog carstva je Osman prvi nametao turska naselja?
212,Šta su germanski narodi stvorili umesto Zapadnog rimskog carstva?
213,Koliko alkohola je bilo u pivu „Kraj istorije”?
214,Koliko kupaca je snabdevala mreža za napajanje električnom energijom Tomasa Edisona?
215,Ko je zajedno sa Kropansanom razvio teoriju emocionalnog iskustva zasnovanu na komunikaciji?
216,Koji uređaj je najčešće korišćen tokom informacionog doba?
217,Zbog čega je Arsenalova utakmica 22. januara 1927. godine bila prva na Hajberiju?
218,Koji je procenat piva u limenkama prodat u Švedskoj 2001. godine?
219,Po kojim entitetima se tradicionalno nazivaju nemački dijalekti?
220,Šta mnogi karakterišu kao novu perspektivu koja je više informisana?
221,Na čijim granicama su se Sloveni pojavili oko 6.veka?
222,Za šta je bila optužena Norijegova vlada?
223,Šta se veruje da je izazvalo otvaranje novih pomorskih puteva tokom Osmanskog carstva?
224,Ko upravlja svim gimnastičkim takmičenjima?
225,Koji trener je krajem devedesetih godina prošlog veka doneo uspeh Arsenalu?
226,Čije  fuge postižu izuzetno spajanje smelo različitih melodičnih linija?
227,Šta je abisinska kriza?
228,Šta su arhitekte često zanemarivale u svom traženju estetike?
229,Šta je bio prototip za Feranti Mark 1?
230,Koji je komercijalno uspešan podžanr iznikao iz pokreta grandž?
231,Tokom kojih godina se desio osmanski rat protiv Habsburške Austrije?
232,Kako se zove Nacionalni park na Floridi?
233,Na šta politička ekonomija u antropologiji primenjuje istorijski materijalizam?
234,Kakve vrste eksperimenata su zahtevale preko četiri puta veći propusni opseg od SDTV emitovanja?
235,Za šta se smatralo da su kontinenti u kambrijskom području nekada bili deo?
236,Od koje grupe se radnička deca u sveobuhvatnim školama razlikuju u postignućima?
237,U ubijanju koga su sarađivali režimi Južnog konusa?
238,Koliko su domaća televizijska prava porasla od sezone 2010./2012. godine do sezone 2012./2013. godine?
239,Koja zemlja je nagradila Tita Zvezdom?
240,Koji je drugi panevropski stil?
241,Za šta se Margaret Mid zalagala?
242,Ko je ustanovio teoriju da će tipovi medija koje ljudi koriste za komunikaciju ponuditi različite mogućnosti za oblikovanje društva?
243,Po kom računaru je modelirana harvardska arhitektura?
244,Koliko je izdanja štampano pre nego što su novine promenile ime u Tajms?
245,"Šta postoji na izuzetno velikom aerodromu, ali se obično ne koristi?"
246,"Kada se pojavio termin ""klasična muzika""?"
247,Koliko godišnje ima sunčanih sati na Floridi?
248,Koji klub navijača je u daljoj vezi sa Arsenalom?
249,Kako se zvala rana verzija trombona?
250,Od čega su napravljeni zubi?
251,Koje oblasti moraju da se suoče u antropologiji?
252,Koje su to oblasti učenja u sveobuhvatnim školama koje se često ne nalaze u gimnazijama?
253,Koji kineski lider je 1979. godine putovao u Jugoslaviju?
254,Koliko veleprodajnih kompanija su imali Grci u Istanbulu u 1911. godini?
255,Kako se zove škola za imunologiju na planini Sinaj?
256,Koje su ostale slovenske manjine u Kazahstanu?
257,U kom vremenskom periodu je preovladalo pismo devangari?
258,Kojoj partiji pripada Sigrid Bir?
259,Na čemu su bili zasnovani standardi Srbije i Hrvatske?
260,Ko je bila prva žena koja je primljena u Bečku filharmoniju?
261,Koliko su BiTi Grupa i Skaj platili za svoja prava do sezone 2018./2019. godine?
262,Moderan klavir je generalno kakav ?
263,Humoralna imunologija uključuje interakciju koja dva elementa?
264,Šta je Vajc naglasio da moraju biti podaci za poređenje?
265,Šta je postalo prepoznatljiv znak klasične muzike?
266,Na koji način bi multitasking naizgled prouzrokovao  da računar radi?
267,Koja je bila prva knjiga objavljena na srpskohrvatskom?
268,Šta je preduzeto nakon smrti Amande Tod?
269,Koji Kinezi nisu ispunjavali uslove za socijalnu pomoć?
270,U kom periodu su se tradicionalno svirali duvački instrumenti od strane članovi profesionalne gilde?
271,Koja država je dala pomoć Jugoslaviji kada se Tito otuđio od Sovjetskog Saveza?
272,"Koja vrsta bola je tupa, bolna i teško lokalizovana?"
273,Koje projekte sponzorišu politehnike Kanade koji mogu dovesti do komercijalizacije tehnologije?
274,Koji tip antropologije pokušava da razume društvene aspekte masovnih medija?
275,Kada je koncept „obrazovanje kroz rekreaciju” promenjen i proširen?
276,Ko je u Osmanskom carstvu naručivao oslikane rukopise?
277,Kakva je to organizacija Prijatelji UNFPA?
278,Koja je uobičajena definicija dijalekta?
279,Kako bi nazvali mešavinu sastojaka koja se koristila za pravljenje piva pre 16. veka?
280,"Kako se zove pobednik emisije ""Veliko britansko pečenje"" na BBC-ju koji je takođe pisac kolumni u časopisu Tajms?"
281,Koja knjiga sadrži najranije pominjanje klasičnoj muzike?
282,Gde je temperatura morske površine najviša?
283,Koje su dve vrste varenje?
284,Koji naziv se odnosi na period nestabilnosti tokom raskola između Tita i SSSR-a?
285,Na koji signal je kasnije promenjen Evro1080?
286,"Pored Durkhajmovog, čiji je rad uticao na razvoj ritualne teorije interakcije?"
287,Koliko godina je imala Pelagija Belousova kada ju je Tito upoznao?
288,Koje analize su sprovedene na ljudskim vašima?
289,Koja dva jezika imaju mogućnost značajne međusobne razumljivosti?
290,Koji sistem je prvi put demonstriran u Sjedinjenim Državama 1981. godine?
291,Principi fonološke analize se mogu primeniti nezavisno od čega?
292,Na koje dve oblasti se dele aerodromi?
293,Kako je bio poznato versko pravo?
294,Ko je kreirao komparativni rad u državi Bali?
295,Šta Bah nije koristio?
296,Čije utiske o Titovom ruskom poreklu takođe beleži kriptološki spektar?
297,Koji je napitak sličan pivu u Kini koji se pravi od pirinča?
298,Koji se veliki događaj odigrao u Londonu 2012. godine?
299,Koji arhitekta je dizajnirao prvobitni stadion u Hajberiju?
300,Ko je razvio koncept emocionalnog rada?
301,Koja vrsta klijenata bi obično imala zahtevnije zahteve?
302,"Koji je istaknuti filozof, zajedno sa Dekartom, Makijavelijem i Hjumom, razvio teoriju o emocijama?"
303,Na kom jeziku su napisani najstariji dokumenti iz 9.veka koji opisuju Slovene?
304,"Godine 1963. poznati dvostruki agent koji je pružao vredne i visokokvalitetne izveštaje za Tajms tokom rata krajem 1930-ih, na kraju je prebegao u koju zemlju?"
305,Kako Fajerfoks formatira veb-fidove?
306,Kako su pošiljalac i primaoc povezani u nešto složenijem obliku komunikacionog modela?
307,Od kog izvora je led pomogao u stvaranju zemljinih okeana?
308,Koja zemlja brzo menja većinu ljudi koji rade na vladinim pozicijama kada nova vlada dođe na vlast?
309,Koji je bio efekat uticaja Laurazije na Gondvanu u Severnoj Americi?
310,Ko bira nacionalne parkove?
311,"Da bi mogao da radi na terenu, gde antroplog prvo treba da otputuje?"
312,Kada je Tito prvi put posetio Indiju?
313,Kako se zvao dokument koji je standardizovao srpskohrvatski jezik?
314,Koji izraz je zamenio Vitruvijev izraz „korisnost“?
315,Kada je Arsenalova utakmica prva televizijski prenošena uživo?
316,Šire značenje klasične muzike seže unazad od danas do kog perioda?
317,Koliko klubova je u Fudbalskoj ligi?
318,Koji sastojak daje pivu ukus?
319,Koje godine je Fudbalsko udruženje uredilo pravila igre?
320,Koji tim je pobedio Arsenal na Vembliju 2015. godine?
321,U kom području su bila masovna pogubljenja dunavskog švabskog stanovništva?
322,Kada je izašao album „U vašu čast” Fu fajtersa?
323,Gde se nalazi sedište YouTube-a?
324,Koja druga vrsta diplome se može steći na Univerzitetu primenjenih nauka pored diplome osnovnih studija?
325,Kada se panslavizam razvio kao pokret?
326,Kojih 5 predmeta se koristi u programima ritmičke gimnastike?
327,U kojoj godini je Rusija proglašena carstvom?
328,Kada je došlo do novog razvoja društva bez država?
329,Za šta su se koristile žene robinje?
330,Kada je antropologija razvila srodne termine?
331,Za koju visinu se nivo mora podigao na kraju poslednjeg glacijalnog perioda?
332,Da li evropske lige prodaju svoja televizijska prava na kolektivnom nivou?
333,Ko koordiniše studijski program „Samskritam kao strani jezik”?
334,Koliki je bio prosečan dnevni tiraž lista Tajms u martu 2014.godine?
335,Kolika je učestalost haplogrupe R1a u Rusiji?
336,Koliko prihoda ostvaruje Premijer liga godišnje od televizijskih prava širom sveta?
337,Šta korupcija nepoštuje u politici?
338,Šta je izazvalo revoluciju protiv dinastije Ćing?
339,Kako su evropske revolucije poznate u drugim zemljama?
340,Da li IHDI meri „prosečan” ili „potencijalan” nivo ljudskog razvoja?
341,Lista veb-sajtova na koje korisnik može da klikne kako bi im se lako vratio je šta od strane korisnika?
342,Šta je postalo dovoljno jeftino da bi srednja klasa mogla da kupi?
343,Zašto su evropske sile polagale pravo na područja Afrike?
344,Ko je izumeo prvi pregledač?
345,Immunologija je proučavanje koje vrste odgovora na antitela i antigene?
346,Kojim metodom kvantni računari brzo rešavaju algoritme za šifrovanje?
347,U kojoj zemlji postoji veliki broj imena reka i drugih imena mesta slovenskog porekla?
348,Šta u ljudskim zubima omogućava propriocepciju?
349,Kada je izumljena štamparska mašina sa pokretnim slovima?
350,"Koju vrstu pokrića ne nudi drugi talas, za razliku od prvog talasa?"
351,"Iz koje zemlje je bend ""Džet""?"
352,Na koju distinkciju se misli kada se kaže sopstvo?
353,Kako je takođe poznat 17. vek?
354,Šta ima sezonske i regionalne aspekte?
355,Koliko je prvobitno igrača Premijer lige u sezoni 1992./1993. godine pozvano izvan Ujedinjenog Kraljevstva ili Irske?
356,U kojoj drugoj komponenti računara se može naći mikrosekvencer?
357,Od koje dve reči potiče termin antigen?
358,Koje varenje počinje u ustima?
359,Kojim planom je takođe upravljala Administracija za ekonomsku saradnju?
360,Kog datuma je objavljen Izveštaj o ljudskom razvoju za 2014. godinu?
361,"Za koju vrstu odeće se veruje da izgleda čisto, sveže i uredno?"
362,Prilikom peruanske zloupotrebe UNFPA je odgovorila pozivanjem na šta?
363,Odakle su poreklom mnogi slovenski narodi koji su bili deo Varšavskog pakta?
364,Kroz koji vremenski period je trajala dinastija Ćing?
365,Koje je godine izdata prva knjiga na srpskohrvatskom jeziku?
366,Kako se zove lider političke stranke koju je Tajms podržao na opštim izborima 2001. godine?
367,U kojoj deceniji je Finska počela da primenjuje sveobuhvatne škole?
368,Koji rat se odigrao od 1877. godine do 1878. godine?
369,Do čega obično dovodi čin predacije za plen ?
370,Kakav muzički stil su koristili Edvard Grig i Antonin Dvoražak u svojim kompozicijama?
371,"Ceo istorijski arhiv digitalizovanog časopisa ""Tajms"" je dostupan na internetu i koji izdavač ga je objavio?"
372,Zašto se donjonemačke vrste smatraju dijalektima standardnog nemačkog?
373,Kako se od izvođača očekuje da izvedu delo zbog pisanog prenosa?
374,Koliko klubova „Velike četvorke” je završilo van prva četiri mesta u ligi u sezoni 2011./2012. godine?
375,Koja indijska država ima sanskrit kao zvanični jezik?
376,Gde se dešava varenje proteina?
377,"Koji model opisuje suprotnost pristupa kao nepokretno, ali sa otporom i snagom?"
378,Koje Vivaldijevo delo se koristi kao kliše za prikazivanje raskoši?
379,Šta je izazvalo prelaz između srednjeg veka i ranog modernog vremena?
380,"Osoba, aspekti sopstva i lične karakteristike prikazane drugima su komponente čega?"
381,"Koji je pokret, došavši do izražaja sredinom19. veka, naglašavao zajedničko nasleđe i jedinstvo svih slovenskih naroda?"
382,Kako nazivamo dijalekat koji je specifičan za određenu etničku pripadnost?
383,Koji tip antropologije proučava odnose između osoba i grupa?
384,U kom veku je počelo povećanje invazija vrsta?
385,Kako etnoistorija koristi i istorijske i etnografske podatke?
386,Koja tip odeće je često proizvod radionica?
387,Kako se zvala mašina koju su koristili gospodin Pibodi i Šerman?
388,Koliko selektivnih gimnazija još uvek funkcioniše u Engleskoj i Velsu?
389,Koja aktivnost je donela napredak Arsenalu?
390,Koji je pregledač najnoviji na tržištu?
391,U kojoj bici 1526. godine je Sulejman Veličanstveni imao važnu pobedu?
392,Navedite tri vrste imunoloških poremećaja
393,Kako se nazivaju samostalni komadi u dužim delima?
394,Koje su aktivnosti zabranjene u nacionalnim parkovima?
395,Za šta je skraćenica CPJ-a?
396,Ko je bio Otoaman Veliki Vizir 1726. godine?
397,Koji je dijalekat Skaus jezika?
398,Koja vrsta antropologije ima kao centralnu temu proučavanje društvene organizacije?
399,"Na koje emitovanje se ne primenjuju PAL, SECAM, i NTSC brzina kadrova?"
400,U kojoj koncentraciji kvasac ne može više da opstane u alkoholu?
401,Čega su politički oblici suzbijanje političkih protivnika i policijska brutalnost?
402,Ko je bio glavni pevač grupe Stoun Templ Pajlotsa?
403,Šta izgleda pokazuje oslobađanje vezikula?
404,Čime visceralni bol može biti praćen?
405,Ko obično poseduje i upravlja nacionalnim parkovima?
406,Kada su se među Slovenima pojavili prvi počeci državnih organizacija?
407,Koji sanskritski lingvista opisuje sanskrit kao „posebno rafiniran ili usavršen način govora”?
408,Kako se zvala jahta koju je jugoslovenski predsednik imao na raspolaganju?
409,Šta je primer ličnog sistemskog alata za video-konferencije?
410,Ko je uklapan u porodice arapskih vlasnika?
411,Improvizacija je sastavni deo onoga što je imalo veliki značaj?
412,Koje 3 vrste filozofije pokušavaju da ispravi problem sa materijom i energijom bez uklanjanja svakog verovanja o materijalizmu?
413,Kako se premijer liga naziva izvan Ujedinjenog Kraljevstva?
414,Koja reč na latinskom znači piti?
415,Kako su kolektivno poznati delovi računara koji su materijalni objekti?
416,Na koliko često je bila zaokruživana razlomljena brzina SD?
417,Čega je bio osnivač Timur?
418,Imenujte jednu od grupa koja je podržala Prusku u Francusko-pruskom ratu.
419,Šta obezbeđuje baziranje i podršku vojnim avionama?
420,Koju vrstu imena imaju „crnci”?
421,Kako se zove tamno pivo koje se pravi od pečenog slada ili ječma?
422,Za šta je optužen da je bio dogovor između Premijer lige i Skaj-a?
423,"Uopšteno, koliki je obično sadržaj alkohola u većini piva?"
424,Koju licencu je potrebno da zadrže treneri u Premijer ligi?
425,Koje su dve vrste granica grupe?
426,Koja su prva tri albuma grupe Raš?
427,Proces odvajanja od karakteristika bližnjih je proces čega?
428,Koji savremeni instrument je postala barokna violina?
429,Koji je još jedan termin za jezičke vrste?
430,U kojim zonama su starosedeoci koristili krzno za toplotu i zaštitu?
431,Da li branioci titule mogu da igraju u Ligi šampiona sledeće godine ako nemaju dovoljno pobeda da se kvalifikuju?
432,Koji nivo raspršivanja identiteta se interpretira kao norma?
433,Čega je talamus deo?
434,Kada je Mozaik objavljen?
435,Koji je razlog dramatičnog pada poseta veb-sajtu Tajmsa?
436,Na šta pozivaju Melzak i Kejsi u svom dokumentu?
437,Ko je 1876. godine stvorio ideju diferencijalnog analizatora?
438,Koji su drugi nazivi za kontrolnu jedinicu računara?
439,Šta se razvilo iz mirisnih putanja sisara?
440,Kakav je uticaj na prihode imalo naplaćivanje poreza u fiksnom iznosu?
441,Po čemu je „Jevanđelje iz Remsa” nazvano?
442,Koji je bio URL u vlasništvu Suzane Šel?
443,Zašto su žene robovi bile popularnije?
444,Upotreba kog pregledača se kontinuirano smanjuje zbog povećanja u upotrebi Hroma?
445,Koje elemente veb-stranica ne koristi mašina za pretragu prošlih verzija?
446,Koliko zemalja je bilo uključeno u HDI za 2010. godinu?
447,Kada su se Sloveni pojavili na vizantijskim granicama?
448,Koja organizacija nije pronašla nikakve dokaze da je UNFPA podržala kinesku prisilu?
449,Koje se himne smatraju najranijim?
450,Milan Rešetar konstatuje da je dubrovači govor nastao iz kog jezika?
451,"Dur i mol , koja su sredstva za upravljanje disonancom i hromatizmom?"
452,Zašto gljive komuniciraju?
453,Koji jezik je proglašen zvaničnim nacionalnim kada je Italija ujedinjena?
454,Šta znači aparthejd?
455,Kada je Las pisao o fonologiji?
456,Kako se zove pojava kada neko teži osobinama bližnjih?
457,Koji tim se u sezoni 2009./2010.godine prvi probio u „Veliku četvorku” od 2005. godine?
458,U kojoj godini je Osmansko carstvo izgubilo Grčku?
459,Koji film koristi likove nazvane po bekovima Arsenala?
460,Gde se održava većina finala FA kupa?
461,Koji je rang Premijer liga u UEFA koeficijentima liga?
462,Gde se nalaze hladnija područja unutar južne Evrope?
463,Šta prati registar CPJ-e?
464,Koja grupa koristi TDM kao metriku?
465,"Koji se sistem sa 525 linija, pored NTSC sistema,  smatra televizijskim sistemom standardne definicije?"
466,"Kakav tip električne aktivnosti u mozgu novorođenčadi šećer takođe ne menja, jednu sekundu nakon ubadanja pete?"
467,Koji tip boje kože ima bolje šanse za dobar život u Brazilu?
468,Na kom modelu su se zasnivale reforme u osmanskom sudskom sistemu?
469,"Koji neurotransmiter ili hormon, zajedno sa dopaminom, noradrenalinom, serotoninom, kortizolom i oksitocinom, utiče na emocije?"
470,Kako se zove sudoku igra u Tajmsu?
471,Šta radi Content ID ako je video koji se objavljuje previše sličan postojećem materijalu sa autorskim pravima?
472,Na kom tipu podstupa se evoluciona antropologija zasnovana?
473,Da li su standardni saobraćajni obrasci desnoruki ili levoruki?
474,Koja je definicija međusobne razumljivosti?
475,Kada je silazni trend engleskog fudbala počeo da se okreće?
476,Šta se dešava u sistemu kanalnog transporta?
477,"Autor, Reks Staut, stvorio je izmišljenog detektiva koji voli da  rešava ukrštenice London Tajmsa, pod kojim imenom?"
478,Kada je počela moderna naftna industrija?
479,Kada je proces digitalnog prelaska  završen u Ujedinjenom Kraljevstvu?
480,Ko emituje utakmice Premijer lige u Indiji?
481,Ko je dizajnirao Kule bliznakinje?
482,Koje dve demokratske vrednosti su okaljane zbog korupcije?
483,Šta bi Internet arhiva morala da uradi ako to zatraži neko čiji je sadržaj dostupan na mašini za pretragu prošlih verzija?
484,Ko je bio odgovoran za stvaranje sveobuhvatnih škola u Irskoj?
485,Koji je odlučujući faktor u tome kako će se URL interpretirati?
486,Kojim delom lingvistike se smatra fonetika?
487,Koja engleska škola nudi sanskrit kao studij jezika?
488,"Šta je, suprotno očekivanjima, moguće izazvati bez neprijatnosti?"
489,Od koga je ideja o integrisanom kolu računara?
490,Koje metode čine obrazovanje?
491,Koji stil je došao nakon modernizma?
492,Sa čime je Francuska započela prenose 1949. godine?
493,U prilog čemu ide potencijal za korupciju koji je jedan od argumenata u javnoj potršnji?
494,Koje godine je slovenački sud proglasio neustavnim davanje imena jednoj ulici po Titu 2009. godine?
495,Koiko je bilo povećanje stanovništva od 1950. do 2011. godine?
496,Čime je obeležen Meidži period?
497,"Koja sudska bitka, iz 2009. godine, je uključivala mašinu za pretragu prošlih verzija?"
498,Gde je Titovo rodno mesto u Hrvatskoj?
499,Iz čega se sastoji želudačni sok?
500,Koji naučnik je izumeo sredstvo za posmatranje svemira?
501,Koji je bio službeni jezik Osmanskog carstva?
502,Koji stil su usvojili neki hard rok bendovi 1980-ih?
503,Nesiguran odnos je održavan između Slovena i još koga?
504,Za koje takmičenje je Arsenal koristio žutu i plavu sportsku opremu?
505,Moderni pregledači podržavaju standard-zasnovane i defakto šta?
506,Ko je nestao iz populacije Balkana?
507,Koji žanr razlikuje hard rok od hevi metala po tome što sadrži veći uticaj?
508,Ko koristi ćirilično pismo?
509,Koliko videa je Jutjub prikazivao dnevno od maja 2010. godine?
510,Ko je razvio teoriju sličnu Džejmsovoj?
511,Kuda bi bila usmerena lozinka ukucana na naizgled autentičnoj veb stranici?
512,Šta je donekle postalo međunarodni stil početkom 21. veka?
513,U kojoj deceniji su razvijeni efikasniji načini upotrebe znakovnog jezika putem video-telefonije?
514,Kako su mape prikazale Afriku pre 1880. godine?
515,Koju još opciju Jutjub nudi vlasnicima autorskih prava osim uklanjanja video snimka?
516,Tokom kog veka je ruska vlada tvrdila da je ukrajinski jezik dijalekt ruskog?
517,U kom režimu funkcioniše većina računarskih monitora?
518,Šta korupcija slabi u politici?
519,Šta je stara kvantna teorija?
520,Obrasci srodstva mogu uključivati ljude koji su rođaci po kojem kulturnom ritualu koji uključuje razmenu prstenova i ponekad miraz?
521,U kojoj kuhinji je usavršena osmanska kuhinja?
522,Koja je opcija nekomprimovaanog skladištenja predstavljena 2008. godine?
523,U kojoj zemlji se proizvodi pivo Tela?
524,Klasična muzika ima korene  u tradicijama koje vrste muzike?
525,"Za razliku od istraživanja, u čemu Univerzitet primenjenih nauka daje prednost u obrazovanju?"
526,Koji deo računara ima ćelije memorije nazvane registri?
527,Koji grad ima najviše stanovnika na Floridi?
528,U šta se obično pretvaraju boje kada se prenose preko interneta?
529,Šta je bilo na kopnu na 30 stepeni severne geografske širine u periodi karbona?
530,Koja je dominantna religija Severne Afrike?
531,Koji termin se odnosi na raznovrsnost i promenljivost života na Zemlji?
532,Koliko je stanovnika Soluna bilo 1800. godini?
533,"Kakvu vrstu budućeg sveta je stvorio Džordž Orvel u svom romanu, Hiljadu devetsto osamdeset četvrte?"
534,Šta su ljudi koristili za odeću od praistorijskih vremena?
535,Gde Jutjub namerava da korisnici gledaju videa?
536,Kako je izvođenje jedanaesteraca zvanično poznato u Pravilima igre?
537,Kako se zvao prvi komercijalni DIU-a u Sjedinjenim Državama?
538,U kom se gradu nalazi politehnička škola iz Montreala?
539,Da li su Španci bili u stanju da kontrolišu naselja teških provincija?
540,Džez i bluz koriste ad libitum i koje druge ukrase?
541,Kada je formirana FA Premier liga kao kompanija sa ograničenom odgovornošću?
542,Šta se dešava kada se odvoji deo spoljašnje membrane?
543,Šta imunologija uopšte proučava?
544,Na kojoj osnovi politički antropolozi ispituju strukturu političkih sistema?
545,Gde se nalaze Vlaji?
546,Koje su preporuke za sipanje piva koje je odležalo u bačvi flaše?
547,Šta klasična muzika prenosi u filmovima i na televiziji?
548,Koji je zakon bio aktivan 900 godina u Vizantijskom carstvu?
549,Gde počinje varenje nekih masti?
550,Koja muzika dolazi od onih koji su obično obučavani usmenom tradicijom?
551,Koliko ljudskih jezika postoji?
552,Koliko je najmanje timova Premijer lige ispalo iz lige u svakoj sezoni osim u sezonama 2001./2002. godine i 2011./2012. godine?
553,Koja praksa se značajno promenila tokom klasičnog perioda?
554,"Ko je napisao ""Operu za tri groša""?"
555,Na čemu se baziraju biomorfizam i zoomorfna arhitektura u dizajnu?
556,Na koje mesto je imenovan Tito u Narodnom odboru za oslobođenje?
557,Koje dve DNK haplogrupe preovlađuju u savremenim slovenskim narodima?
558,Koja je bila radna frekvencija takta Z3?
559,Na kojoj brzini kadrova funkcioniše VDTV u zemljama sa bivšim NTSC?
560,Koje su dva arhitektonska pokreta bila pod kritikom zbog svog fokusa na individualnost?
561,Šta su arhitektonski fenomenolozi nadali da će proširiti?
562,Koliko linija rezolucije može imati slika napravljena sistemom Transformatora?
563,Od čega može biti opasniji za javnost nečasni savez iako nije nezakonit?
564,Kada se smatra da je počela perioda silura?
565,Kakvu vrstu koristi podrazumeva podmićivanje koje je primer korupcije?
566,Zašto su Džon Kvinton i Piter Liver podneli ostavke kao predsednik i izvršni direktor?
567,Šta je izazvala naučna revolucija?
568,Koje jezičke grupe su živele u gradovima-državama Dalmacije pre 19. veka?
569,"Ko je rekao da svi sukobi Premijer ligu čine zanimljivom, čak i ako su samo četiri tima dominirala?"
570,Koliko lavova se nalazi na trofeju Premijer lige?
571,Koja je bila originalna boja Sportskog kluba Braga?
572,Kako se vedski sanskrit koristio?
573,Koji tim je pobedio Arsenal u finalu Lige šampiona u sezoni 2005./2006. godine?
574,Sa kim je Tito vodio paralelni život tokom braka sa Hasovom?
575,"Koja je bila namenjena svrha Jutjubove ""Šous"" sekcije?"
576,Ko je činio prvobitno bogato društvo?
577,U kojoj je godini napravljen Harvel CADET?
578,Šta klub može da uradi ako igrač sa kojim želi da potpiše ne ispunjava uslove za radnu dozvolu Ministarstva unutrašnjih poslova?
579,Koje je etničke pripadnosti Sandra Laing?
580,Kakvi kursevi su dostupni studentima koji ne ostvaruju dobre akademske rezultate?
581,Koje su dve vrste poljoprivredne raznolikosti?
582,Sa kim su Mandžuri napravili savez da preuzmu kontrolu nad Pekingom?
583,Tajms je stekao veliku ozloglašenost 1930-ih zbog svog zalaganja za šta?
584,Kako se rešava problem konfuznog zamenika i problem ne garantovanja pristupa samo jednaj osobai?
585,Ko je smatrao da je lesema *Slověninъ izvedena od lekseme slovo?
586,"Kako se ""obeleživači"" nazivaju u Internet eksploreruru?"
587,Kome su bili privlačni pa se sportska oprema redovno menjala?
588,Koje zemlje su doživele neželjene posledice invazije vrsta?
589,Ko je izabrao da proširi svoju korporaciju na Floridi?
590,Koji je tipičan uzrast za predškolsku ustanovu?
591,Za koje vrste zgrada je uloženo najviše napora da se izgrade?
592,Koje dve oblasti su ostale uglavnom pozitivističke?
593,Odakle afrička populacija na Floridi ima korene predaka?
594,Šta obično može izazvati masovno izumiranje?
595,Kako se takođe naziva filozofija 17. veka?
596,Koju je platformu za igre visoke definicije Nintendo nedavno objavio?
597,Na koji današnji narod je proširena turska vlast nakon pobedonosne bitke 1526. godine?
598,Interpretacija podataka ekološke antropologije može se koristiti za sprečavanje kakve vrste eksploatacije?
599,Kako se naziva video kada osoba snima da gleda drugačiji video?
600,Do kakve sporne prakse je doveo roditeljski izbor?
601,Koji termin je postao popularniji tokom vladavine Mobutu?
602,Kakav je prihod Arsenala od dana utakmice u poređuje sa drugim stadionima u svetu?
603,U kojoj godini je prvi put napravljen diferencijalni analizator H.L. Hejzena i Vanevara Buša?
604,Kojim jezikom su govorili lombardski doseljenici na Siciliju?
605,Za koju oblast discipline su specijalizovani japanski  instituti za tehnologiju?
606,Koje godine je Njukasl junajted platio 15 miliona funti za prelaz Alana Širera u svoj klub?
607,Koji je bio prvi elektronski programabilni računar napravljen u Sjedinjenim Državama?
608,Zašto je Ministarstvo unutrašnjih poslova 1999. godine promenilo pravila u vezi radnim dozvolama?
609,Šta Solomon veruje da su emocije?
610,Koliko puta su timovi Premijer lige bili drugoplasirani na Svetskom klupskom prvenstvu u fudbalu?
611,Koje vojne grupe je Sun Jat Sen postao vođa?
612,Šta je primer nečega što ima neku drugu funkciju osim zaštite?
613,"Prvobitno, koliko je klubova imala Premijer liga?"
614,Pre koliko vremena je počela perioda ordovicijuma?
615,Kako glasi Lairdovo zanimanje?
616,Kako je bilo opisano kolonijalno iskustvo Afrikanaca?
617,Ko je prvi dizajnirao arhitekturu u vezi sa životnim sredinom?
618,Zašto DIU-e treba da plati nadređenu vezu DIU-e?
619,Šta je Trojna antanta?
620,Kako je „rani moderni period” poznat u Japanu?
621,Koje mandate je Liga nacija dodelila Francuskoj?
622,Kada se dogodila Kubanska kriza?
623,Šta omogućava video-konferencijama da povežu tri ili više udaljenih tačaka?
624,Koji je bio prvi solo album Ozija Ozborna?
625,Koji narodi su živeli na Balkanu?
626,U kojoj vrsti vlasti čak i male količine javnog novca mogu biti mnogo?
627,Kada je Jutjub ušao u partnerstvo sa NBC-om?
628,Šta može da prati mokrenje kod ljudi koji su doživeli amputaciju?
629,Kako se takođe naziva tehnika H.323?
630,Koje je pismo korišćeno u severozapadnoj Indiji?
631,Ko je pobedio Arsenal 2011. godine u Liga kupu?
632,Od koje školske godine je prvi put Hauptšulablšus spojen sa Realšulablšus i Gesamšule?
633,Kada je Konrad Zuse stvorio računar Z3?
634,Koliko je studenata bilo upisano u politehničke škole u Maleziji 2009. godine?
635,Ko je jedna od retkih pomenutih ženskih kompozitora?
636,Koje godine je Tajms promenio svoj format širokog lista u kompaktnu veličinu?
637,Da li postoji jedinstveni standard za podršku bojama za HDTV?
638,Od čega proizilazi reč „Sidi”?
639,"Ko još predstavlja Fond, pored pokrovitelja?"
640,Ko je procenio milione muslimanskih smrtnih slučajeva na Balkanu krajem 19. veka i početkom 20. veka?
641,U kojoj je godini objavljena knjiga Džesija Princa „Instinkti”?
642,Kako se naziva Bon Džovijev treći LP?
643,Koji dijalekt su pisci i lingvisti  srpskog i hrvatskog porekla želeli da koriste kao svoj zajednički standardni jezik?
644,"U kojoj je godini napisana knjiga ,,Kontrasti“?"
645,Koji sajt je uklonio mogućnost preuzimanja Jutjub videa nakon 2012. godine?
646,Šta je Džejms verovao da je sinonim za emociju?
647,Šta je predviđao Zakon o glasačkim pravima?
648,Koje stanište je specifično za telesnu vaš?
649,Ko je bio glavna flauta Bečke filharmonije 1996. godine?
650,U koje stanje emocija je Le Korbuzije rekao da ga je arhitektura stavila?
651,Kako se zove centralizovani institut u Singapuru koji studenti mogu da pohađaju pre univerziteta?
652,Koja železnička linija povezuje Floridu sa severom?
653,Kako je Sovjetski Savez pokušao da se sprijatelji sa kineskim revolucionarima?
654,Šta izaziva fermentaciju tokom procesa pravljenja piva?
655,"Ko je napisao ""Jahanje Valkira""?"
656,Šta je Mauri na engleskom?
657,Kojih pet odvojenih gimnastičkih sprava se koristi u pet odvojenih programa?
658,Šta znači 24p?
659,Ko je pozajmio vizantijski termin Sklavnoi na arapski jezik kao Saqaliba?
660,Istorijska arhiva Tajmsa je besplatno dostupna na internetu iz koje baze podataka?
661,"U nepovoljnim vremenskim uslovima, šta se može koristiti za poboljšanje trenja na pisti za sletanje?"
662,Koje dve hard rok pesme se nalaze na albumu „Glava motora” grupe Dip perpl?
663,Gde se nalaze mnogi veliki aerodromi za besprekornu povezanost kombinovanog transporta?
664,Kada je objavljeno Osnove fonologije?
665,Koje vrste barijera mogu sprečiti osobu da kaže nekome da oseća bol?
666,Kako se obično pomoć u hrani direktno preusmerava od ljudi kojima bi trebalo da bude dodeljena?
667,Za koje pravo su žene niže kaste morale da plaćaju  porez da bi ga stekle?
668,"Kada je reč ""Sloveni"" upotrebljena u nacionalnoj himni Savezne Republike Jugoslavije?"
669,Koja vrsta muzike je uticala na Morisa Ravela?
670,Koja godina predstavlja najraniji spomen 'klasične muzike'?
671,Odakle su bili prisutni predstavnici u Antropološkom društvu Londona?
672,Koju državu je Florida nedavno prešla po broju stanovnika?
673,Koja reč se može koristiti za opisivanje biljnog sveta južne Evrope?
674,Na šta životinje ne mogu da odgovore?
675,Na koji način video-konferencije mogu pomoći osobi?
676,Iz koje godine je prvobitno termin „visoka definicija” opisivao televizijske sisteme?
677,Koliki je procenat oluja kategorije 4 pogodio Floridu?
678,Kom dijalekatskom kontinuumu pripada makedonski jezik?
679,Šta je treći glavni uzrok prerane smrti u Sjedinjenim Državama
680,Koliko vokala ima srpskohrvatski jezik?
681,Ko je u poslednjim danima Drugog svetskog rata u Jugoslaviji bio odgovoran za zločine?
682,Koji se kontinent odvojio od Gondvane u pravcu Laurentije?
683,Kada se arapski aparthejd pojačao?
684,Na koja dva načina se hrana razgrađuje?
685,Šta je Edvardijan doba?
686,Koji su primeri filozofskog fizikalizma?
687,"Zajedno sa Vilijamom Džejmsom, ko je bio uticajan teoretik 19. veka?"
688,Šta je zamenilo poljoprivredu kao fokus evropske ekonomije uspostavljanjem prekomorskih kolonija?
689,Na kojoj ravni radi MC?
690,Na kom događaju je Staljin priznao Tita?
691,Gde je trebalo da se poveže Bagdadska železnica?
692,Gde se Broz preselio 1921. godine?
693,Koje vrste sajtova sadrže informacije koje mašina za pretragu prošlih verzija ne snima?
694,Koji sultanat je prethodio osmanskoj dinastiji?
695,"Kako je i dalje morao da se deli format VDTV-e, uprkos smanjenom propusnom opsegu?"
696,Prema čemu je ekonomska antropologija veoma kritična?
697,Ko upravlja sistemima lige?
698,"Koji procenat američkih lekova potiče od biljaka, životinja i mikroorganizma?"
699,Koje godine je izveštaj o ljudskom razvoju uveo IHDI?
700,Za koje vrste nepravednog ponašanja se optužuju sveobuhvatne škole?
701,Koja evropska zemlja je prva razvila emitovanje VD sadržaja koristeći novi DVB-T2 standard?
702,Od kog rezultata se uzimaju odbici u izvršenju i umetničkoj veštini?
703,Šta postaje od ključne važnosti kada osoba nije verbalna?
704,Koliko dugo traje želudačna faza?
705,Kako gljive komuniciraju sa insektima?
706,Koji procenat Afroamerikanca ima evropsko poreklo?
707,Koja kompanija je 2008. godine preuzela pivarsku kompaniju Anhazer-Buš?
708,Koji je bio drugi naslov izveštaja o ljudskom razvoju za 2009. godinu?
709,Odakle potiču termini „srednji vek” i „moderno doba”?
710,Koju poziciju na Jutjub-u je zauzimao Piter Bradšou?
711,Veruje se da su životinje evoluirale iz čega?
712,Šta pomaže glisti da hvata lišće trave i korov?
713,Koliko ima klubova članica akcionara u Premijer ligi?
714,U kom obliku se pojavio prvi namenski sistem za video-konferencije?
715,Koji specifičan istorijski događaj je prouzrokovao grupu verskih i verbalnih razlika u južnoslovenskom dijalektu?
716,Ko je izmislio planisferu?
717,Koji tip raznolikosti je pokazao opštu eksponencijalnu tendenciju?
718,Koja životinja je pokazala izuzetnu inventivnost u odeći koju je izmislila?
719,U kom gradu je osnovana FIFA?
720,Koje oblasti proučavaju ulogu emocija u lečenju mentalnih poremećaja kod ljudi?
721,Šta može uticati na ukupni potencijalni razvoj ako postoji lak pristup hrani?
722,Šta je zlatni gol?
723,Uz koga su ukrajinski bolševici osvojili Ukrajinu?
724,Ko je napisao osnovu za računar sa uskladištenim programom?
725,"Ko je pitao zašto je muzika koju komponuju žene toliko marginalna u odnosu na standardni ""klasični"" repertoar?"
726,Pre koliko vremena se završio poslednji glacijani period?
727,"Pored engleskog, koji drugi jezik se govori na Gibraltaru ?"
728,Ko je bio diktator u Zairu od 1965. godine do 1997. godine?
729,"Da li su se ljudi katoličke vere, nakon što su dozvolili svoju religiju, smatrali Srbima ili Hrvatima?"
730,Ko je napadao partizane 1943. godine?
731,Čemu bi mogli nalikovati relativni intenziteti bola?
732,Koje godine je počela nastava u Banskoj akademiji?
733,Kako su britanski akademici pokazali svoja osećanja prema sanskritu?
734,Koji termin se koristio u nekim zemljama da opiše odabrane univerzitete koji se fokusiraju na tehnološko obrazovanje u primenjenoj nauci i inženjerstvu?
735,Kako se naziva konzumiranje mrtve organske materije?
736,Šta se tvrdilo o visokim tarifama u obrazovanju?
737,"Osim Osmanskog carstva, kojoj su drugoj imperiji pripale srpske i hrvatske zemlje sredinom 19. veka?"
738,Koja organizacija je otkrila korupciju u sektoru obrazovanja?
739,"Šta se odnosi na slovenske plaćenike i robove u srednjovekovnom arapskom svetu u Severnoj Africi, Siciliji i Al-Andalusu?"
740,Koje su vrste pisma korišćene za pisanje sanskrita u severozapadnom delu Indije?
741,Šta spaja pravce kulturne i socijalne antropologije?
742,Šta prema Džejms-Langovoj teoriji uzrokuje emocije?
743,Koja je zemlja proizvela Kao Gong Dži?
744,Šta je ukidanje MFA omogućilo?
745,Koliko je timova osvojilo Premijer ligu do 2013. godine uključujući Arsenal?
746,Koji je termin upotrebljen za opisivanje pravljenja piva?
747,Ko je bio otac Osmana prvog?
748,Za koliko gledalaca je prosečna posećenost Premijer lige porasla između 1992. godine i 2009. godine?
749,Fosili pronađeni u tonijsankom periodu ukazuju na prisustvo kojih stvorenja?
750,Koji izraz je skovan u 16. veku da bi se odnosio na novije vreme?
751,Ciljevi održivog razvoja namenjeni su da promene svet u toku kog vremenskog perioda?
752,Šta znači „Djaleti” na italijanskom?
753,O čemu je bio „Živeti crno”?
754,Šta arhitektura ima zajedničko sa drugim naukama?
755,Kako su bili poznati osmanski neregularni dobri strelci?
756,Šta pivarske kompanije ponekad koriste da bi dobile više alkohola u svom pivu?
757,Gde je bila arapska trgovina robljem?
758,Koji kontinent je formiran na kraju paleozoika?
759,Koja veličina objekta je možda stvorila Mesec?
760,"Kako se zove rubrika koja sadrži kolumne koje se bave temama kao što su poznate ličnosti, moda i lepota, hrana i piće, domovi i bašte ili jednostavno anegdote pisaca?"
761,Koje su dve glavne varijante srpskohrvatskog jezika?
762,Koje su organizacije stvorile srednjovekovnezanatlije?
763,Koja mreža je glavni emiter Premijer lige uživo u Australiji?
764,Koji preduslov treba da ispunjavaju upisnici na kurs napredne imunologije?
765,Koja nacionalnost može da toleriše najmanje količine električnog udara?
766,Kod doslovnog značenja na šta se odnosi Osmansko carstvo?
767,U kojoj godini je objavljen Tjellorov izveštaj?
768,Nedostatak ishrane i kolonijalizam su samo dve teorije o korenu uzroka nehumanosti prema kome?
769,Koja tehnologija je omogućila istraživanje ranije evoluiranih delova mozga?
770,Koja je bila druga poznata kuća sa najdužom vladavinom u Evropi?
771,Koju vrstu novca koriste neke korumpirane vlade?
772,Gde su dozvoljena zvanična takmičenja u prevrtanju?
773,Dobre veštine sa ljudima je kvalifikacija koja je važna za koju profesiju?
774,Na kom filmu su se video-konferencije široko koristile?
775,Koja mesta su rezervisana za pobednike FA Kupa i Liga kupa?
776,Ko kontroliše avione na pisti?
777,Šta označava MPI skraćenica?
778,Kako je većina stanovnika istorijske Moravske smatrala sebe?
779,"Koji muzičari su, osim klasičnih, eksperimentisali sa elektronskim instrumentima?"
780,Na koju školu razmišljanja je uticalo situaciono posmatranje?
781,Koje godine je Tajms prestao sa politikom korišćenja učtivih titula za žive osobe pre punih imena pri prvom pominjanju?
782,Šta je Jutjub uradio 31. marta 2010. godine?
783,Gde su pronađene mikrobni fosili od milijardu godina?
784,"U kojoj deceniji su, novozelandske ustanove visokog obrazovanja, počele da se konsoliduju?"
785,Na koje vrste stimulusa nociceptori reaguju?
786,Kako je bio poznat romantični žanr divanske poezije?
787,"Šta je činilo 1,1% upotrebe pregledača u aprilu 2011. godine?"
788,"Šta opisuje komunikaciju kao kreativnu i dinamičnu, a ne diskretnu?"
789,Na koji drugi neočekivani aspekt ljudskog razvoja će verovatno imati uticaja Jutjub?
790,Šta odeća štiti od stvari koje bi joj mogle naškoditi?
791,Kako se takođe zove kronizam kada se ljudi biraju iz zatvorene i ekskluzivne društvene mreže?
792,Koji hrvatski lingvista se slaže sa Igorom Mandićem i smatra da je srpskohrvatski jezik policentrični?
793,Koje godine je zaustavljen trend pada engleskog fudbala zahvaljujući Engleskoj što je stigla do polufinala Svetskog prvenstva u fudbalu?
794,Ko je ostao pod španskom vlašću posle smrti kralja Ferdinanda?
795,Pahelbelov kanon je uticao na popularne pesme od koje decenije?
796,Koji period je  bio od 500-1400?
797,"HTML i XHTML treba da budu šta, od strane svih pregledača?"
798,Koja pravila kažu da samo žene mogu da se takmiče u ritmičkoj gimnastici?
799,Koje tri brzine skeniranja podržavaju sistemi od 50 herca?
800,Šta su vokalni izvođači dodali melodijama počev od baroknog perioda?
801,Koja zemlja je Tita nagradila Kraljevskim ordenom?
802,Tokom kog vremenskog perioda je Zapad najviše uticao na osmansku psmenost?
803,Ko je prvi razvio potrošački VD televizor sa odnosom prikaza 5:3?
804,Šta određuje vrsta korišćenog video zapisa za snimanje i karakteristike slike?
805,Kada su Bronislav Malinosovki i Franc Boas uradili svoj relevantni rad?
806,Gde se nalazi BIOS čip u računaru?
807,Šta je nedostajalo indeksu objavljenom 18. decembra 2008. godine?
808,Ko je bio tvorac fonta koji je koristio Tajms?
809,Ko je bila prva komunistička zemlja koja je otvorila svoje granice za sve strane posetioce?
810,Koji je minimalni broj ljudi koji mogu biti uključeni u davanje mita?
811,Ko je osnivač Kan Akademi?
812,Koja je uloga DVE-a?
813,Mnoge demonstracije u devetnaestom veku su ubedile uredništvo Tajmsa da konačno podrži ukidanje kojih zakona?
814,Koja dva uređaja je astrolab bio kombinacija u prošlosti?
815,Ko je napisao Muhaielat?
816,Šta može biti u nekim situacijama treća strana u kriminalu koji se bavi trgovinom uticajem ako možda nije uključena?
817,Koliko je muških ritmičkih gimnastičara bilo u Japanu 2002. godine?
818,Za šta je Ajnštajn otkrio rešenje?
819,Koja zajednica ljudi je nastanila Jugoslaviju na kraju Drugog svetskog rata?
820,Kojeg suparnika je Arsenal pobedio da bi osvojio titulu lige u sezoni 1988./1989. godine?
821,Gde su Sovjeti pod vlašću Boljševika prvi put preuzeli vlast tokom Ruskog građanskog rata?
822,"Vibrato i glisando se mogu svirati na gudačkim, duvačkim, limenim, i kojim drugim  instrumentima?"
823,Koji trener Arsenala je imao govornu ulogu u filmu iz 1939. godine?
824,Kada su tranzistori počeli da zamenjuju vakuumske cevi u računarima?
825,Od koje vrste kuhinje potiče hleb pita?
826,Šta je rezultiralo trzajem izazvanim globalnom depresijom?
827,Koju vrstu antropologije koristimo za analizu i pronalaženje rešenja za probleme iz stvarnog sveta?
828,Šta se Sun Jat Sen nadao da će dobiti od zapadnih demokratija?
829,Sa kojim indonežanskim liderom je Tito radio u Pokretu nesvrstanih?
830,Koje godine je počeo da izlazi list Tajms of Strejts (Singapur) započeo?
831,"Koji istraživač je zastupao fokus na granice etničkih grupa, a ne na kulturne aspekte etničkih grupa?"
832,Gde Prunus spinosa olistava mnogo ranije?
833,Kako neoplatonizam opisuje božanstvo?
834,Koliko je stadiona na kojima se igrala Premijer liga srušeno do 2016. godine?
835,Šta  još uvek može služiti svrsi prvog zajedničkog slovenskog književnog jezika?
836,U kom veku je formirana prva organizovana vojna jedinica Osman prvog?
837,Šta se smatralo pretnjom zapadnoj civilizaciji?
838,Šta je stvorilo prvobitnu atmosferu na Zemlji?
839,U kojoj se klasifikaciji nalazi osoba koja odustaje od ekskluzivnog osećaja sopstva i definiše sebe isključivo kroz društvenu angažovanost?
840,Sa koliko je timova ostala Premijer liga u sezoni 2007./2008. godine?
841,"Ako dugoročna bol može da se olakša terapijom, šta se dešava sa rezultatima na skali neurotične trijade te osobe?"
842,Ko se odlikuje prisustvom Y haplogupe N?
843,Kojei tipovi vrsta nestaju kada se uvede nova bolest?
844,Kakav uticaj ima hmelj u pivu kada se kuva duže vreme?
845,Tokom koje godine je Tito postajao sve bolesniji?
846,Koje vrste mašina obično imaju zaštitni zid?
847,Koja disciplina proučava ulogu emocija u neuronskim mehanizmima?
848,Kako se nazivaju računarski resursi koji se nalaze u mobilnim telefonima?
849,Šta je Mihail Gorbačov uveo?
850,Na kojim idealima se nije zasnivala grčka i rimska klasična arhitektura?
851,Tokom kojeg perioda su evropske sile proširile kontrolu u Africi?
852,"Koja je mera koju objavljuje, a koja uključuje anketiranje kako bi se utvrdilo mišljenje javnosti o tome koliko su različite zemlje korupirane?"
853,Koje godine je Hrvatska donela zakon o politehničkom obrazovanju?
854,"Ko je porazio Centralne sile predvođene Nemačkim carstvom, Austrougarskim carstvom i Osmanskim carstvom?"
855,Koliko neki pacijenti koji prolaze kroz psihohirurgiju pate od osećanja bola?
856,Tajms je u velikoj meri podržao koji zakon 1832. godine koji je smanjio korupciju i povećao broj glasača?
857,Klasične sekcije su proširene u romantizmu za puniji i veći  šta?
858,Koliko je robova uvezao Brazil?
859,Koja evropska zemlja je lider u pružanju usluga VRS svojim građanima?
860,Šta je obeležilo evropsku renesansu?
861,Šta je naučna revolucija?
862,Odakle dolaze Afro-Španci?
863,"Primeri čega su preuzimanja sa interneta, Blu-Rej video disk i AplTV?"
864,Koliko daleko unazad bi neki naučnici produžili viktorijansku vladavinu?
865,Čiji je rad Hant istakao u prvom tomu Antropološkog pregleda?
866,Hajdn je klasifikovan kao tipičan za koju epohu?
867,Ko je okupio privremenu vladu Demokratske Federativne Jugoslavije?
868,"Šta je obeleženo nizom ratova, gladi i drugih katastrofa u 20. veku?"
869,Koji garažni rok klasik je snimio bend Kingsmen?
870,Od čega je sporija RAM keš memorija?
871,Šta je Rusko carstvo koristilo kao opravdanje za svoja teritorijalna osvajanja?
872,Kako se zvao urednik koji je 1982. godine zamenio prethodnog urednika Tajmsa?
873,Zašto su neki tvrdili da je „crnac” bolji termin?
874,Za koji zločin je prvi izdavač i urednik Tajmsa bio u zatvoru kada je objavljen u njegovim novinama?
875,Ko je razvio novu vrstu štamparske mašine 1814. godine za Tajms?
876,Koliko dugo je sanskrit bio jezik kulture?
877,Koliko je bilo najviše ljudi koje je stadion Hajberi mogao da ugosti?
878,Telesno kažnjavanje je oblik kakvog tipa bola?
879,Koliko glasova ima svaki klub Fudbalske asocijacije Premijer Lige d.o.o (FAPL) o pitanjima?
880,Koliki procenat svetske populacije poseduje Afrika u vreme Berlinske konferencije?
881,Koja su tri najčešće korišćena anadolijska i centralnoazijska instrumenta u osmanskoj klasičnoj muzici?
882,Na šta su se politički ekonomisti najskorije fokusirali?
883,Koliki tiraž ima Sandej Tajms od januara 2013. godine?
884,Koje godini je osnovan Renselaer politehnički institut?
885,Za koje pravilo je optužen Brazil da praktikuje?
886,Koji je drugi termin koji se koristi za osnovno obrazovanje?
887,Šta obezbeđuje nesmetan tok saobraćaja između odlazećih i dolazećih aviona?
888,Mogu li igrači biti prebačeni u hitnim slučajevima izvan prelaznih rokova?
889,Kada se sloveni prvi put pojavljuju u vizantijskim zapisima?
890,Kako se zovu kompjuterski programi koji su dugačke liste brojeva?
891,"U pogledu čega, kod funkcionera koji donose odluke, može varirati nivo korupcije u bogatijim demokratijama?"
892,Koja je bila revolucija koja je izazvala kraj Osmanskog carstva?
893,Šta je izgrađeno u blizini Morovića da bi Tito koristio u slučaju svog oporavka?
894,Koji deo elitnih kineskih univerziteta i danas ima primarni politehnički fokus?
895,Kako je Alan Deršovic opisao Sudan?
896,"Šta se sastojalo od dva reda svetala koja su formirala levak, ukazujući na položaj aviona na kliznoj padini?"
897,Koliko košta Program saradnje u oblasti sajber bezbednosti?
898,Tok pisin se može smatrati dijalektom kog jezika?
899,Ko je stvorio relejni računar Z2?
900,Šta se dešava sa zrnom kada se potopi u vodi?
901,Koju stranku je Tajms podržao na opštim izborima 2001. i 2005. godine?
902,Koje je najpopularnije alkoholno piće u većini društava?
903,Da li se pobednici FA kupa kvalifikuju za bilo šta?
904,Koja profesija koristi tehnologiju video-konferencija za sprovođenje onlajn sesija?
905,Izvori iz 6. veka govore nam o Slovenima (Sclaveni) kao narodu koji živi gde?
906,Ko je kontrolisao azijsku sferu tokom perioda između 1600. godine i 1868. godine?
907,Šta je ključno za otkrivanje lekova i dostupnost medicinskih resursa?
908,Koliko je ppm bezbedna granica za direktnu izloženost kože formaldehidu?
909,Zašto pomaže povećati viši odskok od partera?
910,Koliko predstavnika je imala Premijer liga u Evropskoj asocijaciji klubova tokom sezone 2012./2013. godine?
911,Po kom dizajnu majci je poznat Arsenal?
912,U kojoj vrsti nacija se takođe mogu naći loši uslovi koji se nalaze u zemljama u razvoju?
913,Gde je napravio diferencijalni analizator H.L. Hejzen?
914,Koju je zemlju vodio U Nu?
915,U januaru 2006. ko je odobrio novi program UNFPA za zemlje?
916,Koja je profesija Džordža Ajiteja?
917,Koje oblasti čine nadoblast obrazovanju u delokrugu primenjene filozofije?
918,Ko je objavio Mozaik?
919,Do koga nivoa je često potrebna obuka za klasičnu muziku?
920,Kako je Staknet crv zarazio industrijsku opremu?
921,Ko je Tita smatrao previše nezavisnim?
922,"Šta se, pored nezakonite registracija birača i pogrešnog brojanja glasova smatra izbornom prevarom na biračkim mestima?"
923,Koliki je približan broj upisanih studenata na univerzitetima za tehnologiju u Nemačkoj?
924,Koje mreže emituje premijer ligu uživo u Indiji?
925,Gde se Negritosi trenutno nalaze?
926,Nijedan arheološki dokaz o slovenskom naseljavanju na Balkan nije  mogao sigurno da datira pre koliko godina?
927,Kako su se naplaćivali porezi tokom Tokugava perioda?
928,Šta su neuroni dinamičkog opsega?
929,"Šta predstavlja primer primer ljudi koji vole one koji su u svojoj grupi, a ne one koji su van nje?"
930,Šta je svemirsko doba?
931,Koja vrsta  klime je karakteristična za južnu Evropu?
932,Koja grupa je 2006. godine preuzela britansku upravu  za aerodrome?
933,Ko je bio direktor Londonske vikend televizije?
934,Koji je ukupan zbir celokupnog kapaciteta svih stadiona u Premijer ligi od 2011. godine?
935,"Šta je dijalekat nemačkog zajedno sa bavarskim nemačkim, prema kriterijumima jezičkog autoriteta?"
936,Ko je prvobitno dao selo Matur sanskritskim naučnicima?
937,Za šta je karolinški opat bio zaslužan 822. godine zbog dodavanja u pivo?
938,Koja klasa je povećala svoje interesovanje za muziku tokom 19. veka?
939,Kako neuroni prvog reda ulaze u kičmeni stub?
940,Koje ritmičke jedinice koristi osmanska klasična muzika?
941,Gde se šalju stimulansi ukusa i mirisa?
942,Koji je naslov filma u kome čovek postaje trajno prizemljen na aerodromskom terminalu?
943,Iz kog jezika dolazi termin negrito?
944,Koja nacionalnost nosi kilt?
945,Koja je ukrajinska politička grupa bila umešana u poraz Nemačkog carstva?
946,Koji trener fudbalskog kluba je doneo promenu imena podzemne stanice za Arsenal?
947,U kom moru je Hadsonov zaliv nekada bio?
948,Šta pružaju usluge iznajmljivanja prostora na internetu?
949,Koje su podgrupe Slovenaca izumrle?
950,Kako se zove skraćeni alfabet?
951,U kojoj epohi je klavijaturna muzika postala popularna?
952,"Na kom kontinentu, osim Evrope, je Premijer liga posebno popularna?"
953,Koja agencija je smanjila broj zaposlenih na 5000 nakon što je napuštena lenjinistička pravovernost?
954,Na šta se odnosi izraz „Mauri”?
955,Koliko muzičara je najviše moglo da čini kamerni ansambl tokom klasičnog perioda?
956,"Ko je rekao da neutralizam ne podrazumeva pasivnost, već ""nezauzimanje ni jedne strane""?"
957,Sa hranom kojih drugih regiona potiču zajedno od osmanske kuhinje Turska i Grčka kuhinja ?
958,Za čije pozive na jedinstvo zapadni komunisti pripisuju zasluge za održavanje Jogoslavije?
959,Koje godine su prvi put otkrivene Ebla ploče?
960,Koja zemlja je izvršila invaziju na Panamu da bi uhvatila Norijega?
961,Kako biste nazvali okvir koji horizontalno drži bačvu piva kada se donese u pab?
962,"Kojoj klasifikaciji pripada osoba koja se odrekne šanse za pravo ""ja"" i usvoji društvene percepcije o sebi?"
963,Na kom albumu Led zepelina se nalazi hit „Stepenice do neba”?
964,Šta su ljudi u stigmatizovanim poslovima primorani da stvaraju?
965,Koje dostignuće je Japan imao u ranoj VDTV-i?
966,Kada se „obrazovanje kroz rekreaciju” primenjivalo na dečije doba?
967,U kojoj godini je formiran sportski klub Altaj?
968,Šta piring omogućava?
969,Kojoj brzinom se skenira bioskopski film u zemljama PAL-sistema da bi se prikazivao na SDTV?
970,Koju knjigu o perceptivnoj teoriji je napisao Džejms Laird?
971,Od čega potiče turska kafa?
972,Ko je bio poznat po svojim složenim improvizacijama?
973,U kojoj vrsti aktivnosti korupcija može odrediti određene stvari?
974,Koje emocije se smatra društveno neprihvatljivom u većini kultura?
975,Kada je prvi put predložena teorija klonske selekcije?
976,Šta je uobičajeno skandiranje pristalica Arsenala?
977,Koja vrsta piva ima najviše koristi od vode koja sadrži gips?
978,Koje vrste ćelija su potisnute sidom?
979,Za šta je zvanično Stejt department optužio UNFPA da sprovođenjem pomaže Kini?
980,Kada je Evropa počela emitovanje u boji?
981,Ko je bio sufinansijer osude od strane Senata Sjedinjenih Država zbog videa Koni iz 2012. godine?
982,Ko je bio autor dela „Sedam lampa arhitekture“?
983,Koje je opšte područje rada UNFPA?
984,Gde se dešava 95% apsorpcije hranljivih materija?
985,"Na koji način su država, birokratije i tržišta u stanju da stvaraju društveno okruženje?"
986,Šta je materijalizam?
987,Kako emotivna obrada govora prepoznaje emocionalno stanje korisnika?
988,"Šta ukazuje na kraj piste, na pistama?"
989,"Osim toga što je praktično korisna, koji su drugi aspekti bili potrebni da bi zgrada mogla da se smatra funkcionalnom?"
990,U kojoj godini je došlo do raskola Tito-Staljin?
991,Tokom kojeg vremenskog perioda je vladala dinastija Ćing?
992,Koje vrste zajednica su prijavljene u Iraku?
993,Šta iskustvo bola ima kroz različite kulture?
994,Ko je koristio uzorak čeških pojedinca da odredi učestalost „mongoloidnog” porekla mitohondrijske dezoksiribonukleinske kiseline?
995,Gde se nalazi postvediski oblik sanskrita?
996,Na šta je bio fokusiran Izveštaj o ljudskom razvoju za 2007/2008. godinu?
997,Koliko je klubova navijača van Britanije bilo povezano sa Arsenalom 2007. godine?
998,Koja italijanska reč je slična francuskoj reči „avoir”?
999,"Kada je izšao album „Viči na đavola”"" Motli Krua?"
1000,Na šta je Kina pristala da izbegne narušavanje Republike?
1001,Koliko Forbs procenjuje da je klub Arsenala vredeo u 2015. godini?
1002,Tokom kojih godina se odvijao Austro-turski rat?
1003,Koje su dve oblasti počele da se odvajaju?
1004,Kada je uslužen prvi komercijalni klijent DIU-a?
1005,Šta je varenje?
1006,Koji događaj se smatra prekretnicom u razvoju modernog nacionalizma?
1007,Šta znači bhāṣā?
1008,Šta hardver može biti izvor?
1009,Ko je napisao Noć na Ćelavoj planini?
1010,Koji moto je prikazan na grbu godišnjice Arsenala?
1011,Koji tip računara može brzo da razbije algoritme za šifrovanje?
1012,Na kakvom je okviru zasnova divanske poezije?
1013,Šta se formira kada se kolagen i elastični glikoproteini koji okružuju eukariotske ćelija kalcifikuju?
1014,Za koliko je Totenhem hotspur prodao Gareta Bejla Real Madridu 2013. godine?
1015,U šta se završetak -ěl razvio u ijekavskom novoštokavskom?
1016,Šta su pratile evropske kulturne ideje?
1017,Koja vrsta memorije se uvek čuva i ostaje ista?
1018,Kako se zvao ugovor kojim je Florida ustupljena Sjedinjenim Državama?
1019,"Uz subektivno iskustvo, kognitivne procese, ekspresivno ponašanje i psihofiziološke promene, koja je još jedna značajna emocionalna komponenta?"
1020,Koja je bila Langova profesija?
1021,U kojoj deceniji su se pojavile međunarodne inicijative za borbu protiv korupcije?
1022,"Ko je snimio ""Ramble""?"
1023,Od čega elektronska krađa podataka izaziva veći gubitak?
1024,Koliko je visokih komunista bilo sistemski uklonjeno na suđenju Slanskom?
1025,Kada je predstavljen lični video snimač Hopog 1212?
1026,"Koje strukture su osetljive na istezanja, ali ne i na opekotine?"
1027,U rascepu između Severne Amerike i koje druge kopnene mase je formiran Meksički zaliv?
1028,Na šta se škole arhitekture sve više i više fokusiraju danas?
1029,Koji je superkontinent bio raširen tokom periode perma?
1030,Kako pacijenti sa demencijom mogu da ukažu na postojanje nelagodnosti?
1031,Sa čime su inače napredovali parobrodi i železnički putevi?
1032,Ko je vladao Nigerijom do svoje smrti 1998. godine?
1033,Koliko je oštećeno stanište od samo jednog pakovanja od 6 mikro piva?
1034,Ko je bio vođa Burme 1955. godine?
1035,Koji deo konfederacije je kontrolisao general Robert E. Li?
1036,Da li neke kulture ne koriste izraz „crni ljudi”?
1037,Šta može šifrovanje 5C da spreči?
1038,"Za šta su dokaz artefakti, ostaci fauna i pejzaži koje je čovek promenio ?"
1039,Koliki je bio BDP Floride 2010. godine?
1040,Šta može se formirati između spoljašnjeg ektodermalnog i unutrašnjeg endodermalnog sloja?
1041,Koji je okean pokrivao veći deo severne hemisfere u periodi silura?
1042,"Gde ekipe HTS rade sa vojskom, pored Avganistana?"
1043,Koliko alkohola je bilo u pivu „Potopi Bizmarka!”?
1044,Koje vrste videa je Jutjub zvanično počeo da podržava u julu 2009. godine?
1045,Koje godine je realizovan film „Froen”?
1046,Korišćenje sanskrita smatralo se markerom za šta u drevnoj Indiji?
1047,"U kom periodu je, pre razdvajanja „Balto-Slovena”, prema izjavi Maljarčuka, mongoloidna komponenta slovenskih naroda delimično dodata?"
1048,Izraz moderno je nastao je iz čega?
1049,Zašto se umetnost Osmanskog carstva razvila na način na koji se razvijala?
1050,Koji žanr je pretežno bio Gregorijanski pevanje tokom ranog srednjevekovnog perioda?
1051,Promene koje uključuju Guglu+ su omogućile onima koji objavljuju video snimke da mogu da ublaže komentare i šta još?
1052,Nacionalni simfonijski orkestar vodi koji pol violinista?
1053,Koje godine je osnovan Univerzitet za tehnologiju Suranare?
1054,Gde su Dekanske zamke?
1055,Koja je vodeća kompanija za igrice potraživala prihode na osnovu autorskih prava od onih što su objavljivali njihove video snimke?
1056,Kako se zove matična kompanija koja je stvorila Ašli Madson?
1057,Koja godina se smatra prelazom između klasičnog perioda i srednjeg veka?
1058,Koliko releja je sadržao Z3?
1059,Šta je bilo rasprostranjeno u brazilskoj kulturi tokom ropstva?
1060,Koji je časopis objavio članke o tome kako Kastro profitira od korupcije?
1061,Šta se zajedno sa klasom i rasom smatra suštinskom kategorijom istorijske analize?
1062,Koja dva nivoa uključuju kursevi imunologije AAI?
1063,Koji sistem je koristio isprepletano skeniranje da ispravi problem treperenja sa 240 linija?
1064,Šta istraga i posvećenost u velikoj meri određuju u paradigmi statusa neo-eriksonskog identiteta?
1065,Kojem dijalektu je sličan Romanški jezik?
1066,Kada je Pjer Jake Droz napravio mehaničku lutku koja je mogla da drži olovku?
1067,Ko je izvršni direktor Arsenala?
1068,Kako se zove špijun i heroj iz knjiga Ijana Fleminga?
1069,Šta se takođe vari u tankom crevu?
1070,Koji deo su Mocart i Betoven često improvizovali?
1071,Šta su studije koje su istraživale efikasnost hipnoze propustile da uključe?
1072,Šta sportisti izvode na prevrtanju?
1073,Koliko je robova bilo isporučeno brodovima iz Afrike u Brazil između 1500. godine i 1850. godine?
1074,"Na opštim izborima 1945. godine, Tajms je zauzeo stav koji je bio poznat pod kojim imenom?"
1075,U kojoj zemlji je počela evropska renesansa?
1076,Kada je Javna bezbednost Kanade sklopila partnerstvo sa Stop. Tink. Konekt?
1077,Kada su objavljeni detalji o test verziji ažurirane mašine za pretragu prošlih verzija?
1078,Koji su neki od skupova ili ideala koje većina školskih sistema prati?
1079,Na osnovu čega Premijer liga prodaje svoja televizijska prava?
1080,Šta je Ruska revolucija?
1081,U kojoj zemlji je Premijer liga najrasprostranjeniji televizijski sportski prenos?
1082,Koja je bila početna jednolična boja šorceva i čarapa?
1083,Koje nacionalnosti je bio bend Nazaret?
1084,Ko je tvrdio da su emocije diskretne?
1085,U kom dobu su kompozitori  odbacili tradicije  perioda zajedničke prakse ?
1086,Koji prirodni postupak pravljenja piva karbonizuje pivo?
1087,Kada je Majkrosoft objavio Internet eksplorer?
1088,Kada je došlo do pada  komunizma  u zemljama saveznicima Sovjetskog Saveza?
1089,U kom veku je Darvin pisao?
1090,U šta su pretvorene gimnazije koje nisu bile zatvorene?
1091,Koja je svrha davaoca digitalnog sandučeta?
1092,Zašto je Madrid ustupio teritoriju Sjedinjenim Državama?
1093,Kog benda je bio singl „Oblici stvari” iz 1966. godine?
1094,Koja grana antropologije se bavi bezbednošću hrane?
1095,Šta nadređena veza DIU-e obezbeđuje za DIU-e?
1096,Gde su se nastanili polapski Sloveni (Vendi)?
1097,"Koja je grupa, podržana od strane Rusije, ušla je u Baltu 1768. godine?"
1098,Proučavanje strukture slogova je deo koje discipline?
1099,Kroz koga su narodne mase imale pristup božanskom?
1100,Visceralni bol je kategorija kog bola?
1101,"Koji filmski festival podržava Tajms, a koji je takođe podržan zajedno sa Britanskim filmskim institutom?"
1102,Šta su Britanci iz 19. veka želeli da Indija bude što je pre moguće?
1103,Koji deo prihoda od reklame ide onome ko je objavio Jutjub video snimak ako je u partnerskom programu?
1104,Kako se zvala Titova austrijska drugarica koju je upoznao u Moskvi 1936. godine?
1105,"Šta je karakteristika ""sweatshops"" osim nedostatka beneficija i predstavnika radnika?"
1106,Šta je Jutjub pokrenuo u januaru 2009. godine?
1107,Kako se zove turistički časopis koji prodaje Tajms?
1108,Kako se prvobitno zvala prva politehnika u Britaniji?
1109,Čime se još klinička imunologija bavi?
1110,Na koji aspekt sporta može uticati medicinsko osoblje?
1111,U kom gradu se nalazi najstarija poznata pivara na svetu koja je još uvek aktivna?
1112,Na kom jeziku se u Indiji objavljuju mnoge periodične publikacije?
1113,Koliko prihoda je pivo donelo 2006. godine?
1114,Gde je održana konferencija o bezbednosti RSA?
1115,O čemu se brine NCSO?
1116,U kojim takmičenjima komisija za klupska takmičenja ima pravo glasa?
1117,Gde se može naći formacija krede Niobrara?
1118,Kako se antrozoologija takođe naziva?
1119,"Iz kojih populacija se, tokom talasa migracije, prema izjavi Maljarčuka, „mongoloidna komponenta” povećala kod ostalih Slovena?"
1120,Šta su aerodromi koristili da bi dozvolili letenje noću i sletanje težih aviona?
1121,Ko je proučavao cikluse besa i sramote u bračnim parovima?
1122,Koje nacionalnosti je bio inženjer Konrad Zuse?
1123,Koji je primer političkog konteksta u kojem se termin bosanski/hrvatski/srpski koristi za opisivanje jezika?
1124,Koja grana antropologije pokušava da objasni ljudsko ekonomsko ponašanje?
1125,Kada je izašao album „Get a grip“ Aerosmita?
1126,Kada su se prvi put pojavili indeksi o korupciji?
1127,Koje su dve stvari koje računar uvek ima?
1128,Od kraja kog veka je reč „računar” poprimila svoje danas dobro poznato značenje?
1129,Šta ublažava prihvatanje drugih kultura na njihovim uslovima?
1130,Pre koliko vremena se prvi put pojavio moderan čovek?
1131,Kada su uklonjena preostala ograničenja na internetu?
1132,Kako su takođe bili poznati nemuslimani u islamskoj Osmanskoj državi?
1133,Ko je bio označavan kao „crni ljudi”?
1134,Koja vrsta poezije je inspirisala osmansku divansku poeziju?
1135,Kako je Darvin došao do svojih zaključaka?
1136,Koja životinja je nenamerno zauzela američke vodene puteve?
1137,Ko je Džon Panč?
1138,Koliko vremena treba da prođe avionu da bude van aerodroma i u vazduhu?
1139,Iz kog jezika potiču mnogi italijanski dijalekti?
1140,Na koji datum je vojska pod Vladislavom trećim poražena od Murata drugog?
1141,Tkanine otporne na mrlje su premazane hemikalijama da bi se smanjilo šta?
1142,Gde Arsenal stavljaju ukupne Lige šampiona u poređenju sa drugim engleskim timovima?
1143,Sa kojom godinom se većina naučnika slaže da je završeno ujedinjenje Italije?
1144,Kada je sastavljena privremena vlada Demokratske Federativne Jugoslavije?
1145,Jermenske žene i deca su deportovani na marševima smrti kroz koju pustinju?
1146,U kojoj deceniji je termin biološka raznolikost postao uobičajen u nauci i ekonomiji?
1147,Gde se arheologija smatra granom antropologije?
1148,Koji jezici su priznati kao indoevropski?
1149,Šta je glavni sastojk piva?
1150,Kada je bio Berdov sistem ukinut?
1151,"Ko je izjavio da se sajtovi koji nisu na Otvorenom direktorijumu još uvek čuvaju, ali da neće biti objavljeni dok Arhiva ne bude ponovo indeksirana?"
1152,Koju vrstu antropologije interesuje struktura političkih sistema?
1153,Za osnivanje čega je odgovoran Čarls.V. Alkok?
1154,Šta će orkestri koristiti da bi povećali svoje redovne sastave?
1155,Najveći deo imunološkog posla je šta?
1156,Pored čega je postojao sanskrit?
1157,Zbog čega je Ben Frenklin bio onemogućen?
1158,Kako je takođe bio poznat 19. vek?
1159,"Koji je još jedan termin koji se koristi za jezik bez određivanja njegovog nezavisnog statusa, uz raznolikost i mlitavost?"
1160,Šta su endosimbionti bakterije?
1161,Šta bi naučnici želeli da termin „negro” uključi?
1162,"Osim Gajevog latinskog pisma, na kom se još pismu može pisati srpskohrvatski?"
1163,Koji kompozitor je imao efekat nazvan po njemu?
1164,Koji je tipičan limit registara za CPJ-u?
1165,U kom veku su Osmanlije počeli da žele strane rukopise?
1166,Gde se završavala godišnja štafetna trka  „Bratstvo i Jedinstvo”?
1167,Gde se često iz Afrike premeštaju finansije?
1168,Šta su poboljšanja povećala u kvalitetu života?
1169,Kako se zove proučavanje ljudske komunikacije?
1170,Koji je tip teksta Samaveda?
1171,Za šta se smatraju analogni kasetofoni na sekundarnom tržištu?
1172,Koji konkvistador je stigao na Floridu 1539. godine?
1173,Koji jezik je potomak sanskrita?
1174,Gde se nalaze Šokci?
1175,"Koja zemlja ima Institute za tehnologiju/Politehničke institute na kojima studenti mogu steći sertifikate, diplome i akademske diplome?"
1176,"Protiv čega se osim, protiv fistule u akušerstvu, UNFPA bori?"
1177,Za koju godinu je Gabrijel procenio da će 30% svih vrsta izumreti?
1178,U kojoj  epohi je nastala upotreba prvih bas instrumenata?
1179,Koja je bila profesija Le Korbuzijea?
1180,Koliko CPJ obično poseduju superračunari?
1181,Šta ublažava klimu Floride?
1182,"Koja se mreža koristi za kontakt sa osobama za pomoć i službama pomoći u hitnim slučajevima, kao i za dobijanje informacija o navigaciji i zabavi?"
1183,Koji tip „proizvoda” je BIOS ROM u PC-u?
1184,Koji proces tokom periode trijasa prikriva informacije o okeanu  od ispitivanja?
1185,Instrumenti koji se trenutno koristi u većini klasične muzike izumljeni su  pre koga perioda?
1186,"Prema Poloku, kako se samo sanskrit koristi?"
1187,Koja pesma je bila hit na Stepenvulfovom istoimenom debi albumu?
1188,Šta je ASI?
1189,Koji je postupak tokom pravljenja piva u kojem se šećer metaboliše u alkohol?
1190,Koje nacionalnosti je bio Brozov otac?
1191,Ko je Džim Volter?
1192,Koja vrsta skroba se koristi za pravljenje piva Ošikundu?
1193,Koju stranu je Tajms podržao u sukobima koji su izbili u Atini 1944. godine?
1194,"Tradicionalno, koji politički spektar je Tajms podržavao?"
1195,Kako se zove to kada grupe koje su suprotstavljene jedna prema drugoj formiraju koaliciju za skrivenu korist?
1196,Koje dve vrste naoružanja je osmanljska vojska među prvima upotrebila?
1197,Šta je Jutjub saopštio u februaru 2015. godine?
1198,Tokom koje epohe su se formirale  planine u zapadnom delu Severne Amerike?
1199,Koje vreme ukazuje da radnja nije završena?
1200,Gde se mogu naći ljudi koji govore katalonski jezik?
1201,Koju vrstu ekonomije je trebalo da podrži tehničko obrazovanje u Venecueli?
1202,Koji je bio međunarodni hit benda Jurop?
1203,Šta se desilo sa obrazovanjem tokom ranog srednjeg veka?
1204,Koji je električno-izoalcioni materijal koji pokriva A-delta vlakna?
1205,Koji poznati tim je Arsenal pobedio za Liga kup 2007. godine?
1206,Koliki je bio propusni opseg AT&T Pikčfon-a?
1207,Ko je napravio malu eksperimentalnu mašinu malih razmera iz Mančestera?
1208,Koja je veličina svakog kadra 1920x1080p25?
1209,Šta je osnovano nakon pada Minga?
1210,Koji su tri nova pokreta koji se usredsređuju na održivost?
1211,Od koje godine Tajms i Sandej Tajms imaju prisustvo na internetu?
1212,Ko je tvrdio da je staroistočnoslovenska Slavuta za reku Dnjepar potekla od slova?
1213,Ko je osnovao prvu fudbalsku ligu na svetu?
1214,Na šta se odnosi pojam „darijas”?
1215,Koji tip  instrumenta je serpent?
1216,Od kog drugog kontinenta se oslobodila Južna Amerika u oligocenu?
1217,Čega višestruko imaju višeprocesorni i višejezgreni računari?
1218,Koje je poreklo Osmanovog imena?
1219,Kada se desilo zauzimanje Mandžurije?
1220,Koja je procenjena varijacija sadašnjeg globalnog makroskopske raznolikosti vrsta?
1221,Ko je osnovao Valvort školu?
1222,Kada je Alan Tjuring napisao svoj rad o osnovi računara sa uskladišenim programom?
1223,Šta drugima takođe izaziva mito kada se koristi osim za dobijanje novca?
1224,Kakvu je naslovnu stranu objavio Tajms 26. jula 2012.?
1225,Koji tim je pobedio Arsenal da bi osvojio UEFA Ligu šampiona 2006. godine?
1226,U šta fotosinteza pretvara energiju sunčeve svetlosti?
1227,"Šta, prema Ruskinu, gledanje arhitekture treba da doprinese gledaocu?"
1228,Dr Babatunde Osotimehin je iz koje zemlje?
1229,Koji organ luči himotripsin?
1230,Koje Mocartovo delo  se koristi kao kliše da bi se prikazala prefinjenost?
1231,Kada se dogodio Turski rat za nezavisnost?
1232,Šta se može desiti sa nepovređenim delovima tela ako postoji dugotrajni i kontinuirani bol?
1233,U kojoj periodi su se spojile Severna i Južna Amerika?
1234,Tokom kojeg perioda je UNFPA pomogla Peruu u programu reproduktivnog zdravlja?
1235,Gde su još postojala slovenska naselja?
1236,Koliki je procenat belaca bio na Floridi koji nije Hispanac 1970. godine?
1237,Koje godine je počeo da izlazi Ajriš tajms?
1238,Mnogi naučnici mešaju identitet kao kategoriju prakse sa kojom drugom kategorijom?
1239,Ko je bio prvi klub koji je osvojio FA kup kao deo duple Lige i Kupa?
1240,Koji elementi mogu da se prenesu u biljne ćelije?
1241,Kada je prvi put upotrebljen termin srpskohrvatski?
1242,Kako je bila označena Druga industrijska revolucija?
1243,Na šta su se sorte sa visokim prinosom postale otporne?
1244,Koji oblik obrazovanja će očekivano biti  dominantan u narednim godinama?
1245,"Pre uvođenja reči emocija, koja je reč bila upotrebljava umesto nje?"
1246,Po kojim preživelim strukturama su često identifikovane istorijske civilizacije?
1247,Kakve su tipove detalja modernisti želeli u svojim zgradama?
1248,Kako se naziva prenos odupiranjem samo uz pomoć ramena?
1249,Fizičke i ponašajne reakcije životinja mogu ukazivati na prisustvo čega?
1250,"Simfonijski orkestar uključuje članove gudačkih, drvenih, udaraljke i koje druge porodice instrumenata?"
1251,Kako se obično naziva završni stav klasičnog dela?
1252,Koje godine je profesionalnim igračima bilo dozvoljeno da igraju na Letnjim olimpijskim igrama?
1253,Gde se korupcija najuočljivija?
1254,Pod kojim imenom je Tajms bio poznat pre nego što je postao Tajms?
1255,Koji je smisao peglanja odeće?
1256,Ko je bio jedino preživelo Titovo dete?
1257,Koje je prve godine Oval bio domaćin FA kupa?
1258,Koliko primeraka je prodato istoimenog albuma grupe Vajsnejk 1987. godine?
1259,Koliko kičmenika ima brazilska atlantska šuma?
1260,Koliko Tehničkih univerziteta danas postoji u Holandiji?
1261,Deo čega su bila plemena koja su govorila slovenskim jezikom pre nego što su postala poznata rimskom svetu?
1262,Kada su se tropske šume urušile u karbonu?
1263,"Sa kim antropolozi rade, zajedno sa drugim društvenim naučnicima?"
1264,Koja vrsta jezika je bio donjonemački u srednjem veku?
1265,Šta znači AGG?
1266,Kada je Kosemova ubijena?
1267,Koja grana antropologije se bavi dugoročnim razvojem ljudskog organizma?
1268,Koji je bio partnerski producent videa sa najvišim zarađivanjem na Jutjub-u?
1269,Koji entitet čini formulu za definisanje HDI dobro poznatom?
1270,Gde je Tito primljen 7. januara i ponovo 11. januara 1980. godine sa problemima  sa cirkulacijom?
1271,Kako se zove medijski magnat koji je kupio Tajms 1980-ih?
1272,Koji period je obuhvatao indeks statističkog ažuriranja objavljen u decembru 2008. godine?
1273,Šta je Fridrih Niče smatrao humanizmom?
1274,U kojoj zemlji je Ulcinj?
1275,Ko je stvorio jednostavnu verziju računarske jedinice analitičke mašine?
1276,Kako je takođe poznat 21. vek?
1277,Šta je program Perua primoravao?
1278,"Šta sadrži pivo koje je odležalo u bačvi, a većina nema šanse da ima?"
1279,"Zajedno sa gnevom, gađenjem, srećom, tugom i strahom, koja je jedna od osnovnih Ekmanovih emocija?"
1280,19. vek označava temelje čega?
1281,Koja organizacija objavljuje HDI?
1282,Na kom nivou vlasti je korupcija posebno rasprostranjena u zemljama podsaharske Afrike?
1283,Sa kim su Južni Sloveni i germanski Gepidi stupali u brak na zapadnom Balkanu?
1284,Šta se koristi za postavljanje Jutjub videa veb stranicu?
1285,Kada je u Gibraltaru otvorena prva sveobuhvatna škola?
1286,Koji je organizam dao neke informacije o vremenskoj liniji odeće?
1287,U kojoj opsadi je bio zaustavljen Sulejman Veličanstveni kada je napao Beč 1532. godine?
1288,Koji sporazum obavezuje zemlje da razviju resurse za održivost?
1289,Sa kojim drugim kontinentom je bila povezana Australija na početku eocena?
1290,Gde antropolog može posmatrati učesnike istraživanja?
1291,Tokom kojih godina se dogodila Srpska revolucija?
1292,"Osim Jedrene, Istanbula i Egipta, na kojim drugim lokacijama se može pronaći uticaj osmanskog klasičnog perioda?"
1293,Šta se pojavilo među Slovenima kada su završeni migracioni pokreti?
1294,U razvoju kojih interdisciplinarnih oblasti je antropologija bila ključna?
1295,Ko je stvorio tip prepoznavanja?
1296,Kada se pojavila viola?
1297,Šta „Pokretači promena” preskaču?
1298,Da li je žena ikada emitovala utakmicu?
1299,Koji jezik se koristi na Kosovu i u Albaniji?
1300,Koji je bio prvi računar sa uskladištenim programom na svetu?
1301,Šta se sudski arheolog podstiče da uradi u prisustvu zakopanih žrtava?
1302,Koje godine je održan sastanak Odbora za komunikaciju Doma lordova koji je istraživao vlasništvo nad medijima i vestima?
1303,"Kome se pripisuje ""standardni komplement""?"
1304,"Da bi bila istinska arhitektura, po Ruskinovom mišljenju, šta treba da se uradi sa strukturom?"
1305,Koji indonežanski vođa je zajedno sa Titom osnovao Pokret nesvrstanih?
1306,Koja plemena su srušila Zapadno rimsko carstvo?
1307,Kakav tip socijalnog ponašanja mogu ispoljavati pacijenti koji osećaju bol?
1308,Saobraćajni obrasci su obično upravljanja avionom na kojoj visini iznad nivoa zemlje?
1309,Koji je drugi termin za fonološki sistem?
1310,Kako se zvao rat koji su izgubile države Marata 1818. godine?
1311,Koji stil obuhvata klasična muzika 20. veka ?
1312,Kakav tip osobe će verovatno zameniti rajsferšlus i dugme?
1313,Kako se zove kada je korupcija deo celog javnog života?
1314,Kako se zove biloška interakcija u kojoj se predator hrani svojim plenom ?
1315,Koga su Španci odveli iz Floride na Kubu?
1316,Koji bivši igrač Arsenala je postao trener 1986. godine?
1317,Kako se naziva knjiga iz 1991. godine koju su napisali Pol Dejvis i Džon Gribin?
1318,Zašto je definisanje bola bilo izazov?
1319,Za šta je muzička notacija efikasna?
1320,Veruje se da bi veoma topla Zemlja dovela do veće prerade čega?
1321,Kako se zove to što radi čitanje i tumačenje iz kontrolne jedinice?
1322,Gde su robovi bili isporučeni iz Zapadne Afrike?
1323,Koji je drugi naziv korišćen za visoko obrazovanje?
1324,Koja je ideja da je identitet napravljen od komponenti koje identifikuju pojedinci?
1325,Grad Podgorica je glavni grad čega?
1326,Ko smatra životinjsko krzno okrutnim i nepotrebnim?
1327,Kada je ruska kavkaska vojska napredovala u istočnu Anadoliju?
1328,Ko je napisao pesmu De Rerum Natura?
1329,Prema kojoj teoriji je Ajnštajn imao rezerve?
1330,Kada je Hrom postao više korišćen od svih verzija Internet eksplorera?
1331,Koja vrsta antropologije se koristi za rešavanje specifičnih problema?
1332,"Koji novi dodatak je urađen 1949.godine
da bi se poboljšao novi klupski grb Arsenala?"
1333,Šta znači skraćenica DTG?
1334,Neki autori menjaju terminologiju da bi period zajedničke prakse nazvali kako?
1335,Kako se zove teorija koju je Plučik stvorio?
1336,Šta se dešavalo sa Pangeom u kasnom trijasu?
1337,Kada su se spojile Istočna i Zapadna Florida?
1338,Koja organizacija je postala autoritet u testiranju i proučavanju međunarodne VDTV-e tehnologije?
1339,Koji je najčešći razlog zbog koga ljudi idu kod doktora u zemljama prvog sveta?
1340,"1914. godine, posebno plaćeni dodatak časopisa Tajms bio je  časopis koji je sadržao kakvu vrstu sadržaja?"
1341,Zašto su se Sjedinjene Države formirale od nezavisnih država?
1342,Koju antisemitsku izmišljenu stvar je Tajms podržao 1920. godine?
1343,Šta uključuje termin „pardo”?
1344,Koja su dva grada imala velike koristi od aktivnosti krstaša?
1345,"Pod šta su svrstani performansi, umetnost i proizvodnja masovnih medija?"
1346,Koja je troslovna skraćenica za institut univerziteta tehnologije?
1347,Šta antropologija kiborga proučava o čovečanstvu i tehnološkom sistemu koji su ljudi izgradili?
1348,Koje su neke usluge koje pruža DIU?
1349,Koji deo Francuske se smatra delom Sredozemne Evrope?
1350,U kojim prostorima se dešavalo odstranjivanje političkih protivnika „Titoista”?
1351,"Ko tvrdi da je reč ""slava"" nekada imala značenje obožavaoca?"
1352,Ko je osnovao rana naselja na Floridi?
1353,Na kom rangu vrednosti u Premijer ligi je Arsenal?
1354,"Ko je takođe, zajedno sa Danom, preporučio druge nastave?"
1355,Koje godine je osnovan carski univerzitet Tiencin u Kini?
1356,Šta je ono što vodi do gubitka biodiverziteta u nekim zemljama?
1357,U kojoj godini je Arsenal prvi put postavio grb za tim?
1358,S čim se preklapaju oblasti antrozoologije?
1359,Koji eon je došao pre proterozoika?
1360,Kako se zvao album Van Hejlena iz 1986. godine?
1361,Koja šema transliteracije se često  koristi na internetu?
1362,Ko je bio dugogodišnji predsednik FA kupa?
1363,Šta je u prošlosti bilo pravilo za obrazovanje za osobe sa invaliditetom?
1364,Kakav je oblik poprimila korupcija u Africi?
1365,Kakva vrsta bolesti je sida?
1366,Ko je bio glavni urednik Tajmsa 1914. godine?
1367,Tokom kojih godina je bio Krimski rat?
1368,Šta digitalni fizičari smatraju da je važnije od materije?
1369,Koja je skraćenica za Tehnički univerzitet?
1370,Odeća koja je previše providna nudi manju šta?
1371,Koju stranicu svojih novina je Tajms preradio 6. juna 2005.?
1372,Kada se održao prvi turnir FA kupa?
1373,Gde MCU može biti ugradjen?
1374,Za šta je perm primer?
1375,Koje godine je umro lord Kinaird?
1376,Šta mnogo planiranog razvoja očigledno čini?
1377,Vokalna muzika u renesansi je poznata po sve složenijem čemu?
1378,Koliko dugo traje postupak gnječenja u procesu pravljenja piva?
1379,Ko je razvio osnovu za apštant i ausbau jezike?
1380,Od kada su CPJ-e konstruisane sa mikroprocesorom?
1381,S kojim etničkim imenima se povezuje srpskohrvatski?
1382,Tokom kog perioda je istaknut značaj  postojanja italijanskog nacionalnog jezika?
1383,Kako se nazivaju uređaji koji daju ulaz ili izlaz računaru?
1384,Mnogi ljudi i dalje nose odeću kakvog oblika?
1385,Ko je dao informaciju o tome kako su crnci bili svrstani na Arapskom poluostrvu?
1386,Kada je objavljena Hornbijeva knjiga?
1387,Šta je omogućilo da se arhitektura dizajnira novim sredstvima i metodama?
1388,Koje su međućelijske veze jedinstvene za životinjske ćelije?
1389,"Šta uzrokuje namerno, dovoljno uzastopno unošenje pogrešne lozinke?"
1390,Koakvu fonologiju imaju južnoslovenski jezici?
1391,U kojim se okolnostima diskutuju implikacije identiteta i konstrukcije identiteta?
1392,Koja velika politička ličnost je osudila Tajms 1944. godine zbog toga što nije podržao britansku vojsku?
1393,Koje vrste takmičenja održava Sveindijski festival sanskrita?
1394,Koji termin u visokom obrazovanju se odnosi na tehničke univerzitete koji dodeljuju diplome inženjera?
1395,Koja disciplina proučava kakvu ulogu emocije igraju u kulturi?
1396,"Kada je napisano delo ""Umetnost kao kulturni sistem""?"
1397,O kakvoj vrsti ujedinjenja u govornim zajednicama su raspravljale osnove apštant i ausbau?
1398,Kako su se zvale dve britanske kolonije na Floridi?
1399,Čime se programski jezici pretvaraju u mašinski kod?
1400,Koje zemlje su bile uključene u Francusko-pruski rat?
1401,Šta se obično izostavlja za komercijalno imenovanje VDTV proizvoda?
1402,Na koji način Arsenal posluje kao kompanija?
1403,Kog datuma je objavljen izveštaj o ljudskom razvoju za 2009. godinu?
1404,"Koje su druge dve komponente računara, osim ALJ, ulaznih i izlaznih uređaja?"
1405,Tokom kojih godina je bila perioda jure?
1406,Koji je bio poslednji album Van Hejlena sa Semijem Hagarom?
1407,Šta je bila posledica pada nivoa mora sredinom periode karbona?
1408,Kako se muzika prenosila pre izuma muzičke notacije?
1409,Kako se zove korporacija koja je kupila Tajms 1967. godine?
1410,"Šta su američke kablovske kompanije morale da obezbede korisnicima koji iznajmljuju VD set-top uređaje, pre 2004. godine?"
1411,Koji su neki faktori u porodičnoj komunikaciji koji bi mogli da utiču na komunikaciju među članovima porodice?
1412,Kada se završio romantični period ?
1413,Kako još se nazivaju Pomori?
1414,Tokom kojih godina se odvijala epoha eocena?
1415,Koja organizacija je bila formirana od članova čiji je glavni cilj bio ukidanje ropstva?
1416,Koliko je vremena bilopotrebno da se sadržaj sa Jutjub-a prebaci na standard Epl-a?
1417,Koji tip školskog sistema koristi akademske uspehe kao osnovu za prijem učenika?
1418,Kako se naziva oružani sukob od 1775. godine do 1783. godine?
1419,Koja organizacija pokušava da oživi sanskrit?
1420,Koji privremeni trener je kasnije bio unapređen u stalnog trenera u Totenhem hotspuru?
1421,"Na sajtu thesundaytimes.co.uk, se nalaz koji saržaj?"
1422,Šta je glavna prepreka za video-konferencije između nekih zajednica?
1423,"Šta bi moglo biti izazvano kod čoveka sa 0,80% sadržaja alkohola u krvi?"
1424,Šta je Brams ponekad koristio u svojoj  Akademskoj festivalskoj uvertiri?
1425,Za koju upotrebu političar koristi vladine resurse kao jedan oblik političke pronevere?
1426,Prefiks news: se prosleđuje korisnikovom čemu?
1427,Koja politička stranka ima najviše čitalaca Tajmsa?
1428,Koja skraćenica opisuje Upravu državne bezbednosti?
1429,Kada je Kristofer Kolumbo plovio na Bahame?
1430,Kolika je bila vrednost akcije Arsenala 10. marta 2016. godine?
1431,Šta je ljudski univerzalni fenomen?
1432,"Koliko je ljudi širom sveta, prema podacima iz 2011. godine, i dalje uskraćeno za pristup jeftinim lekovima za jak bol?"
1433,Kako se zovu organizmi koji vare hranu u unutrašnjoj komori?
1434,Koliko je simfonijska instrumentacija ostala verna Betovenu nakon njegove smrti?
1435,Čime je zastupljena snaga britanskog carstva?
1436,Šta je FKK usvojio za internet?
1437,Koje su melodijske jedinice koje koristi osmanska klasična muzika?
1438,Za šta su sposobna dva bezbednosna modela LKP i sigurnost zasnovana na sposobnostima?
1439,Šta bi se moglo desiti u restriktivnom stanju čak i ako imate pristup samom sajtu Jutjuba?
1440,Između koje dve nacije je potpisan Pirenejski sporazum?
1441,Ko je definisao Aksijalno doba?
1442,Koje druge organizme takođe uključuju opistokonti?
1443,Za šta su specifikovana neka vlakna kičmenog stuba?
1444,Šta bi iskusan krojač ili krojačica vešto mogao učiniti gotovo nevidljivim?
1445,Šta bakterije koriste kao izvore ugljenika i energije?
1446,Koji je još jezik dodat kao zvanični jezik nakon raspada Jugoslavije?
1447,U kojoj sudskoj nadležnosti je suđeno u slučaju Netbjula protiv Kordijenta?
1448,Koje godine je sultan Selim prvi naredio masakr 40.000 ljudi koje je smatrao jereticima?
1449,Koji kontinent je nastao susretanjem Laurencije i Baltike?
1450,"Kada su osnovane nezavisne države kao što su Čehoslovačka, Druga poljska republika i država Slovenaca, Hrvata i Srba?"
1451,Koja su dva primera glam metal bendova?
1452,Koliko je VD kanala sadržao Frivju VD servis od decembra 2013. godine?
1453,Kada je Jutjub Red prvobitno najavljen?
1454,Koja religijska zajednica se snažno protivila ideji neoplatonizma?
1455,Za šta je potrebno znatno više istraživanja kako bi se utvrdilo kod različitih stanja hroničnog bola?
1456,Šta se definiše kao način filtriranja mrežnih podataka između računara domaćina ili mreže i druge mreže?
1457,"Kako se naziva još jedan oblik korupcije, praksa zelenaštva?"
1458,Šta zdravstveni radnici često potcenjuju?
1459,U kom gradu se nalazio tim za pisanje pesama za Frozen?
1460,Kako su kolektivno poznati delovi računara koji nisu materijalni objekti?
1461,Koji je procenat sanskritskih reči za koje se misli da su u savremenim indoarijskim jezicima?
1462,Kada je Tito stvorio Drugu proletarsku brigadu?
1463,Koje starosne grupe obuhvata finska sveobuhvatna škola?
1464,U kom vremenskom periodu je bio eon Arhaik?
1465,Šta postaje međunarodno političko pitanje?
1466,Ko su bili istaknuti kritičari teorije optimalnosti?
1467,Šta radi DIU?
1468,Koje su najbliži poznati živi srodnici životinja?
1469,Kada je Arsenal FC napustio stadion Hajberi?
1470,Koja religija je dovela do arhitektonskih promena u mnogim azijskim zemljama?
1471,Kako se naziva teorija koja se bavi prenosom sanskrita u Indiju?
1472,Kako je danas poznata univerzalna mašina?
1473,Odakle potiču  mnoge pozajmljenice u tradicionalnom malajskom jeziku?
1474,Čega su primer uređaji za praćenje aktivnosti?
1475,Koja je najnovija godina koja je obuhvaćena Izveštajem o ljudskom razvoju za 2007/2008. godinu?
1476,Koji planinski lanac se izdigao u kredi kao rezultat oregeneze Laramida?
1477,Iz kog razloga je strani dopisnik Tajmsa dao ostavku 1988.godine?
1478,Koji je drugi faktor koji utiče na imunološki odgovor kod beba?
1479,Kolika je potencijalna televizijska publika Premier lige?
1480,Koje vrste kompanija mogu da se bave samo sa nekoliko vrsta komunikacija?
1481,"U kojim drugim uslovima mogu postojati univerzalni fonološki procesi, osim što su aktivni?"
1482,Srbi u Hrvatskoj su uglavnom potomci kog?
1483,Ko je stvorio Safari?
1484,"Prema konstruktivistima, šta je primer naučene meta-emocije?"
1485,Šta funkcioniše kao ekvivalent dokumentu Nacionalne strategije i akcionom planu za kritičnu infrastrukturu?
1486,Šta je bitka kod Port Artura uspostavila?
1487,Šta su „burne dvadesete”?
1488,Čime mogu manipulisati korupirani ljudi da bi dobili više pomoći?
1489,U kojoj seriji za decu postoji izmišljeni lik po imenu Ujak Bugarska koji traži od drugih da mu donesu primerke lista Tajms pronađene među otpadom?
1490,Koja bolest je harala Evropom tokom kasnog srednjeg veka?
1491,Koji osnivači su bili odgovorni za crvene majce?
1492,Gde se održava formalno obrazovanje?
1493,Na kojoj konzoli za igranje je Gugl omogućio prenos uživo Jutjub-a u decembru 2013. godine?
1494,Zasluge koga podržavaju moderni?
1495,Čemu lingvisti različito pristupaju?
1496,Koje sredstvo je dodalo navijačku bazu Arsenalu?
1497,Od koga je Somalijsko muslimansko Adžuransko carstvo proglasilo nezavisnosti novim kovanicama?
1498,"Koji je pesnik iz 12. veka jednom napisao: „Ale se zove među ljudima, ali među bogovima pivo”."
1499,"Kako se zove, u računarskom smislu, kada računar brzo prelazi između pokretanja svakog programa redom?"
1500,Koliko je muškaraca u 2013. godini izloženo testiranju ukusa piva po časopisu Neuropsihofarmakologija?
1501,Šta može ugroziti egzistenciju endemičnih vrsta?
1502,Koji politički sporazum je povezan sa podgrupom koja govori dijalekt ?
1503,Koje godine je prvo pitanje na Jutjub-u postavljeno  predsedničkom kandidatu?
1504,Koliko brojeva može da ima kapacitet ćelije memorije računara?
1505,U kojoj zemlji su srpskohrvatski jezik nazivali „bosanskim”?
1506,Šta je izazvalo povećanje urbanizacije u Kini?
1507,Kada su formirana tehnička pravila za japansku verziju muške ritmičke gimnastike?
1508,Koja partija je dominirala politikom Floride od 1930. godine do 1960. godine?
1509,Koji događaj je podelio Ujedinjeno Kraljevstvo u dve grupe?
1510,Koja servis sadrži 10 VD kanala i završen je sa postepenin uvođenjem u oktobru 2012. godine?
1511,Šta omogućava ljudima na izdvojenim lokacijama mogućnost video-konferencije sa udaljenim kolegama?
1512,Kojom vrstom takmičenja su nazvane utakmice u kojima se mora odlučiti pobednik?
1513,Blok-flauta je deo koje porodice duvačkih instrumenata?
1514,Šta se dešava kada postoji prisustvo masti u tankom crevu?
1515,Gde su objavljeni Sanskrit Vartaman Patram i Vishwasya Vrittantam?
1516,Kako se naziva sposobnost čuvanja i izvršavanja lista instrukcija?
1517,Ko je poboljšao parnu mašinu?
1518,Koji je bio hit singl grupe Tin Lizi?
1519,Za kada je Tejlorov izveštaj postavio rok za zamenu tribina sa sedištima na stadionima?
1520,Koji je bio cilj sistema Transformator?
1521,Gde je Arsenal bio rangiran u diviziji do 1920. godine?
1522,Šta je narkokleptokratija?
1523,Da li je Prva divizija Fudbalske lige ikada bila na vrhunskom nivou?
1524,Imenujte jedan aerodrom koji nudi među-terminalni prevoz.
1525,Šta je omogućila jednaka temperacija kod teško štimovanih klavijaturnih instrumenata?
1526,Polifona muzika uključivala je složenije glasove čega?
1527,Kako je poznat kontroverzni program Agencije za nacionalnu bezbednost koji se koristi u Sjedinjenim Državama?
1528,U kojoj pokrajini su srpski i hrvatski oba službeni jezici?
1529,Šta materijalisti smatraju najvažnijim?
1530,Gde su sačuvani mnogi sanskritski tekstovi?
1531,Šta je bio uzrok Titove smrti?
1532,Kako se nazivaju ulazni i izlazni uređaji?
1533,Šta je izazvalo smrt cara Aurangzeba?
1534,Posle kog rata je Moskva počela represiju nad ukrajinskim jezikom?
1535,Kako su se crnci prepoznavali u ranoj Americi?
1536,Zašto je engleskim klubovima zabranjen pristup evropskim takmičenjima u osamdesetim godinama 20. veka?
1537,Kako se zove kada svetlost ošteti pivo koje nije u limenci?
1538,Zašto je Dajk želeo da samo veći klubovi budu predstavljeni na nacionalnoj televiziji?
1539,Koji tim je 1909. godine prvobitno oponašao aktuelnu crvenu boju Arsenala?
1540,Od čega se obično sastoje univerziteti?
1541,Kolika je bila ukupna posećenost svih utakmica Premijer lige tokom sezone 2009./2010. godine?
1542,"Od čega su, uopšteno, sastavljene arhaične stene?"
1543,Šta su postigli biti mnogi od sultana Osmanskog carstva?
1544,Koji je kapacitet na stadionu Blumfild Roud?
1545,Kada je usvojen novi ustav Jugoslavije?
1546,"Zajedno sa valencom, koja je druga od dve dimenzije koja se koristi za mapiranje emocionalnih iskustava?"
1547,Koje se pismo razvilo iz pisma gupta u 8. veku?
1548,Za koju osobu Dinić daje nekoliko alternativnih identiteta ?
1549,Od koje godine je ženski fudbal olimpijski događaj?
1550,Kada je Britanskoj istočnoj kompaniji dato pravo da prikuplja prihod?
1551,Koji kontinent se pomakao na najjužniji deo Zemlje u periodi kambrijuma?
1552,Zašto se srpski i hrvatski često tretiraju kao različiti jezici?
1553,Koliko žutih kartona vodi do crvenog kartona?
1554,U kojoj sezoni je Arsenal osvojio svoju prvu ligu i dvostruki FA kup?
1555,Koliko različitih britanskih saveza je deo IFAB?
1556,Kako se zvala nova aplikacija koju je Jutjub pokrenuo?
1557,Protiv kog tima je Svonzi Siti odigrao svoju prvu utakmicu Premijer lige?
1558,Koliko je veći propusni opseg bio potreban za rane VDTV-e komercijalne eksperimenate nego za SD emitovanje?
1559,Koliko se revanš utakmica odigralo na Ovalu?
1560,Kako se još naziva jezik jue?
1561,Šta se promenilo kada je koncept proširen?
1562,Koji tip društva uglavnom uzgaja monokulture?
1563,Koja je najveća indoevropska etnolingvistička grupa u Evropi?
1564,Zašto su voćna mušica i nematoda najintenzivnije proučavani modeli metazoa?
1565,Koliko je divizija imala Fudbalska liga nakon osnivanja Premijer lige?
1566,U kojoj zemlji su deca igrala fudbal u državnim školama u 19. veku?
1567,Koji je bio prvi računar dostupan za javnost?
1568,Koji je bio prvi fudbalski klub sa juga Engleske koji se pridružio fudbalskoj ligi?
1569,Kako je čovekovo vreme na Zemlji podeljeno?
1570,Ko je sa Titom napisao predlog zakona o „samoupravljanju”?
1571,Koja tehnologija se može koristiti zajedno sa video-konferencijama?
1572,Kada je Hrom objavljen?
1573,Sa koliko kadrova u sekundi oznaka  1920x1080p25 identifikuje progresivni format skeniranja?
1574,U kojoj deceniji je Arsenal dominirao u engleskom fudbalu?
1575,Koji je razlog za proučavanje promocije nacionalne bezbednosti mreže i zakona o informacionim tehnologijama?
1576,Koje je etničko poreklo dunavskog švapskog stanovništva?
1577,Kada je napravljen prvi pregledač?
1578,Kada je vladao sultan Mehmed šesti?
1579,Šta je išlo uz Internet eksplorer?
1580,Kako se opisuje bol izazvan A-delta vlaknama?
1581,Sa kojim egipatskim liderom je Tito radio u Pokretu nesvrtanih?
1582,Koji je bio raniji naziv Rajamangala Univerziteta za tehnologiju?
1583,U kojoj vrsti tradicije je nastao sanskrit?
1584,Čime se bavi pedagoška psihologija?
1585,Potomak čega je praslovenski?
1586,Cilj imunologa je da proučava koja živa bića?
1587,Iz kog grada je Van Hejlen bio poreklom?
1588,Haka je jezik iz kog geografskog dela Kine?
1589,Šta znači reč mavron?
1590,Ko je objavio rat protiv Osmanskog sultana 1821. godine?
1591,Šta znači crveni karton?
1592,U kom formatu se od 2004. isključivo štampa Tajms?
1593,"Koji kriminal košta više od jednog biliona američkih dolara svake godine, širom sveta?"
1594,Kako glasi latinska reč za arhitekturu?
1595,Šta organizacije koriste za proučavanje korupcije umesto javnih anketa?
1596,Šta je često jedan od načina da korupcija uđe u polje građevinarstva ispod standarda?
1597,Šta je izveštaj Arensala o dobiti pre oporezivanja za sezonu 2014./2015. godine?
1598,Gde Dloit Futbol Mani Lejg rangira Arsenal u svetskim fudbalskim klubovima?
1599,UNFPA je prvobitno upravljala koja ustanova UN?
1600,Kako se zovu najprodavanije tabloidne dnevne novine u Ujedinjenom Kraljevstvu?
1601,Koja vrsta tehnologije se koristi za bežično povezivanje na internet?
1602,Koje godine je Benediktinska pivara Vajenštefan prvi put licencirana kao pivara?
1603,Koji bivši direktor je branio UNFPA?
1604,Koje su narodni jezici postojali u drevnoj Indiji pored sanskrita?
1605,Na kom kontinentu se nalaze sve 22 zemlje sa niskim razvojem?
1606,Kaji je bio naziv Def lepardovog albuma  iz 1992. godine?
1607,Kod kojih organizama nije poznat nijedan mehanizam putem kojeg bi oni mogli imati osećaj bola?
1608,Koja dva kluba „Velike četvorke” nisu završili u prva četiri u sezoni 2011./2012. godine?
1609,Ko je napisao knjigu o Titu dovodeći u pitanje njegovo pravo poreklu?
1610,Koja zemlja je svetski lider u pružanju VRS usluga?
1611,"U kom filmskom žanru, pored drame i melodrame, emocije igraju važnu ulogu?"
1612,"U medicinskoj dijagnozi, šta se smatra bolom?"
1613,Ko je sprovodio „test olovke”?
1614,Protiv koga se udružio Drugi kontinentalni kongres?
1615,"Koji je primer emocije koja, prema psihološkoj teoriji konstrukcije, nije ista od jednog slučaja do drugog?"
1616,Koju klasičnu pesmu je Blu čir obradio?
1617,Koja je minimalna brzina bitova za komprimovan video i audio prenos?
1618,"Sem zbog procena rizika, zašto ekonomisti analiziraju emocije?"
1619,Šta se dobijalo besplatno uz Vindous OS?
1620,Kada je materijalizam postao deo drevne indijske filozofije?
1621,Koje  godine je objavljeno prvo izdanje Tajmsa?
1622,"Kolika je, obično, brzina drugog stava u klasičnom delu?"
1623,Koja vrsta alkohola se nalazi u vinu i destilovanim alkoholnim pićima?
1624,"Šta osigurava opstanak ljudske vrste pružajući hranu, sklonište, druge resurse čovečanstvu?"
1625,Kog benda je bio naziv debi albuma Šejk jor mani mejker?
1626,Gde mogu da idu učenici nakon završetka sveobuhvatne škole u Gibraltaru?
1627,U kojoj godini je engleskim fudbalskim klubovima zabranjeno takmičenje u Evropi?
1628,Šta je služilo kao osnova za strukturu ekonomije Osmanskog carstva?
1629,Znojenje je proizvod uzbuđenja kog sistema?
1630,Ko je spremao nekoliko pokušaja atentata na Tita?
1631,Koji je bio početni naziv FK Arsenal?
1632,U kom temperamentu se izvodi muzika  engleske renesanse?
1633,Kako se izveštaj o ljudskom razvoju za 2009. godinu odnosi na zemlje koje su rangirane „veoma visoko”?
1634,Koja odeljenja fakulteta mogu biti povezana sa univerzitetskim bolnicama?
1635,Kako se može blokirati mrežni napad sa jedne internet protokol adrese?
1636,Kada je Jutjub postao dostupan na Epl proizvodima?
1637,Koja vrsta antropologije nastala je kao podfokusna grupa?
1638,Koji paraziti su uključeni u grupu Platihelmintesa?
1639,Na šta liče VDIU-a?
1640,Koji član Krivičnopravne konvencije o korupciji sadrži posebne kriterijume za utvrđivanje neprikladnog uticaja?
1641,Kog datuma je 1920. godine Komunistička partija bila zabranjena u Jugoslaviji?
1642,Gde je Arsenal igrao utakmice zbog povećanog kapaciteta rasporeda sedenja?
1643,Koji arhitektonski stilovi postoje na Floridi?
1644,Koja zemlja ima složen način priznavanja rase?
1645,Na koga je Vajc imao uticaj?
1646,Koje su četiri faktora koji određuju kako telo reaguje na antigen?
1647,Koji predstavnik Arsenala je održao razgovore sa Fudbalskom asocijacijom o dobijanju njihove podrške za novu ligu?
1648,Kada se pojavljuju ranjivosti mikročipova?
1649,Koja vrsta antropologije se fokusira na političku agendu umesto na doprinos nauci?
1650,Ko je opisao koncept kontinuima intenziteta?
1651,Na kraju kog svetskog rata su Nemci nastanili Jugoslaviju?
1652,Koliko godina nakon Prvog svetskog rata je počeo Drugi svetski rat?
1653,Do koje godine je Arsenal postao društvo sa ograničenom odgovornošću?
1654,Koji sistemi su tradicionalno usmerenje fonologije?
1655,Kada se Jugoslavija raspala?
1656,Sa kim UNFPA radi u partnerstvu?
1657,Tokom kojeg perioda je postojala Mauretanija?
1658,Na koje osmanske književne pokrete je najviše uticala poetska tradicija?
1659,Kako se zvao sovjetski dvostruki agent koji je bio dopisnik lista Tajms u Španiji krajem 1930-ih?
1660,Od kog imena dolazi Ginez?
1661,Koju vrednost je Forbs uknjižio Arsenalu u 2015. godini?
1662,Koje su epske pesme napisane na postvedskom sanskritu?
1663,Šta je DVE?
1664,Koji nelingvistički razvoj utiče na status jezika?
1665,Koje godine je unuk osnivača nasledio svog oca kao urednik lista Tajms?
1666,Do kog vremenskog perioda je doveo tehnološki napredak?
1667,Gde je osnovan NCSO?
1668,Gde se podaci iz ulaznih uređaja šalju nakon obrade?
1669,"Glasni, oštriji  spoljašnji instrumenti nazivali su se ""haut"", dok su tiši, intimniji instrumenti nazivali kako?"
1670,Odakle dolazi naziv opistokonti?
1671,Uobičajeno je da aerodromi obezbeđuju pokretne prolazne staze i šta još?
1672,Kada je Jutjub pokrenuo svoju prvu aplikaciju za Ajfon?
1673,Šta je još bilo izgrađeno u Rumuniji gde je Osmansko carstvo izgradilo strukture koje su uključivale džamije i mostove?
1674,Ko je razvio prve sisteme za prenos usporenog gledanja video-zapisa?
1675,"Ko je rekao: ""Oni ne osvajaju našu zemlju, mi osvajamo njihovu, tako će uvek biti za nas""?"
1676,Koja tehnologija podržava ispijanje ohlađenog piva?
1677,Koji je jedan od načina na koji se video-pozivanje može upotrebiti?
1678,Šta je glavni cilj za sladost piva?
1679,Koliko muslimana je pobeglo sa Balkana sa osmanlijskom vojskom?
1680,Kada je Tito poslednji put posetio cara Selasija?
1681,Zašto je Kevin Kigan bio zabrinut za ligu u maju 2008. godine?
1682,Na čijem je radu zasnovana teorija Stenlija Šahtera?
1683,Koji je primer uslova koji mora biti ispunjen da bi se podaci Internet arhive smatrali prihvatljivim za podnošenje patentnim zavodima u Sjedinjenim Državama i Evropi?
1684,Džejms Tomson je bio brat koje poznate ličnosti?
1685,Koja kuća je bila osnivač Osmanskog carstva?
1686,"Šta je sveštenik uradio Titu kao detetu, kada je imao poteškoća da skine svešteničku odeždu?"
1687,Koje vrste životinja i biljaka su ograničeni na određenu geografsku zonu?
1688,Čija je odgovornost davanja značaja onome što memorija vidi kao ništa drugo do niz brojeva?
1689,Šta razlikuje životinje od bakterija i većine protista?
1690,Koje godine se održala jedna od prvih upotreba video-konferencija u društvenim uslugama?
1691,Kako se naziva period od Johan Sebastijan Baha do Betovena?
1692,Oni sa visokim nivoom raspršivanja identiteta klasifikuju se kao šta?
1693,Koji su u većini takođe davaoci digitalnog sandučeta?
1694,Na šta se pozivao renesansni humanizam?
1695,Kada je poslednji put Škotska odbacila model specijalizovanih škola?
1696,Da li je došlo do promene u formatu takmičenja nakon osnivanja Premijer lige?
1697,Koja tri roda ima srpskohrvatski?
1698,U kojoj godini je IFAB prvobitno odobrio fiksnu veličinu kao standardnu dimenziju terenu za međunarodne utakmice?
1699,Ko se obično deli po geografskim linijama u tri velike podgrupe?
1700,Na šta je naučna revolucija primorala ljude da čine?
1701,Na kom jeziku je Prokopijev savremenik Jordanes spominjao Slovene?
1702,Koji je nedostatak kontrole kritičnije infrastrukture putem računarskih programa?
1703,Kako se zvalo vojno partnerstvo između zemalja povezanih sa Sovjetskim Savezom?
1704,Koliko sadržaja na Jutjub-u dolazi izvan Sjedinjenih Država?
1705,Koji je drugi termin za kolektivnu svest?
1706,Koje su tri karakteristike koje se mogu koristiti za definisanje južne Evrope?
1707,Ko se fokusirao na identifikovanje podsticaja koji mogu uticati na učenje?
1708,U čemu se specijalizovao nemački filozof Vajc?
1709,Koji jezik se govori u Makedoniji?
1710,Koja su najpoznatija gimnastička takmičenja?
1711,Koliko dugo je Adrenalajz bio na vrhu američkih albumskih lista?
1712,Koju poziciju je Mia imao u klubu Arsenal pre nego što je postao trener?
1713,Kako se nazivaju neintenzivna osećanja koja nemaju kontekstualni stimulus?
1714,Šta znači TDM?
1715,Ko je koristio programe kao što su Karnivor i Narus Insajt da prisluškuje davaoca internet usluga?
1716,U kojoj deceniji su film i literatura pomogli oživljavanju fudbala u Britaniji?
1717,Šta je celeste?
1718,Gde Jutjub nudi korisnicima mogućnost da gledaju sadržaj?
1719,"Iz koga jezika potiče reč ""dialektos""?"
1720,Šta pomaže da se spreči korupcija pored radio-emisija?
1721,Koliko se broj evropskih VD kanala i gledalaca promenio od prvih emitovanja VDTV-e?
1722,Kompozicije slobodne forme  poput nokturna i preludija su bile prekretnica koje ere?
1723,"Kako se naziva jako pivo kada je delimično zamrznuto, a onda se led ponovo i ponovo uklanja?"
1724,Kada je improvizacija  bila uobičajena u izvođenju klasične muzike?
1725,Koje godine je slika topa dodatno oplemenjena na grbu Arsenala?
1726,Kada su se prvi VDTV prenosi dogodili u Evropi?
1727,Na čemu je zasnovano poreklo turske kuhinje?
1728,U koje vreme je Arsenal igrao na Vembliju?
1729,Kako se zove kada se neko rodi bez mogućnosti da oseća bol zbog svog nervnog sistema?
1730,Koliko je firmi širom sveta anketirala Svetska banka u vezi sa svojom studijom o korupciji?
1731,Šta omogućava računaru da izvršava zadatke koji se ponavljaju bez ljudske intervencije?
1732,Koliki je procenat ljudi koji većinu vremena koriste video-konferencije?
1733,Šta se dešava sa decom sa urođenom neosetljivosti na bol?
1734,Kako se crnački identitet opisuje u Sjedinjenim Državama?
1735,Kako se stimuliše početak želudačne faze?
1736,Ko je imao kontrolu nad Irakom pre nego što je ponovo osvojen 1639. godine?
1737,Koje dve vrste podmićivanja Međunarodna zajednica pokušava da se progoni kao odvojene?
1738,Šta su sastavni delovi laktoze?
1739,Gde sistem za video-konferencije upravlja kreiranjem konferencija?
1740,Kako se zove početna vrednost ukupnog rezultata?
1741,Koji veliki orkestar je  poslednji imenovao  ženu na stalno mesto?
1742,Za koju godinu je argumentovano da je Osmansko carstvo bilo samo „senka” onoga što je bilo 1566. godine?
1743,Ko je predvodio naciste?
1744,"Koje tri stvari treba da odgovaraju izvoru, za najbolju vernost izvora?"
1745,"Kako je bolna medicina bola često posmatrana pod disciplinama kao što su fizijatrija, neurologija, itd?"
1746,Ko je na kraju stekao kontrolu nad vladom u Pekingu?
1747,U kojoj zemlji se termin „obdanište” koristi za osnovno obrazovanje?
1748,Iz kog razloga francuski i italijanski nisu međusobno razumljivi?
1749,U šta literatura psihologije sebe može da ponudi uvid?
1750,Do koga perioda se koristio visoki sanskrit?
1751,Koji zakon omogućava roditeljima da imaju potpunu kontrolu nad obrazovanjem svog deteta?
1752,Šta omogućava osobi  da usmeri svoj pregledač ka nekom resursu?
1753,Koja kompanija je podnela tužbu protiv klijenta Harding  Erli Folmer i Frejlija?
1754,Koje godine su Osmanlije pobedili na Kosovu?
1755,"U humoralnoj imunologiji, umesto u ćelijama, gde se nalaze molekuli koji izazivaju imunološki odgovor?"
1756,Kako se zove rubrika o životnom stilu u Tajmsu?
1757,Šta je standard za EAL6?
1758,Ko je vodio tim koji je otkrio M458?
1759,Koji je liturgijski jezik Islama?
1760,Koliko alkohola ima u Šolšboku 57?
1761,Kada je imunologija počela da se kodifikuje kao naučna teorija?
1762,"Koja izdanja, zajedno sa gramatikom i rečnicima, pomažu dijalektu da postane standardizovan?"
1763,Na kojoj video konzoli je Opera dostupna?
1764,Triko su primer kakvog tipa odeće?
1765,Ko je bio kum na venčanju Jovanke i Tita?
1766,Na čemu se temelji 2. deo uvodnog kursa AAI za imunologiju?
1767,Koji je izvor zrna popularan u proizvodnji piva u Meksiku?
1768,Koliko Liga šampiona je tokom tridesetih godina prošlog veka osvojio Arsenal?
1769,Koji specifični hormon ubrzava promenu imunologije kod muškaraca?
1770,Kada je objavljen „Zvučni obrazac engleskog jezika”?
1771,U kom okruženju su dijalekti manje uobičajeni?
1772,Koliko je vojnika poginulo u Prvom svetskom ratu?
1773,Da li bi FA Premier liga mogla da pregovara o svojim ugovorima o emitovanju i sponzorstvu?
1774,Šta definiše „crnački identitet”?
1775,Kako se meri alkohol u ljudskom telu?
1776,Koja je permutacija kada osoba manjka u istraživanju i posvećenosti?
1777,Koja manja jedinica čini region južne Evrope?
1778,Koja je profesija Džesi Princa?
1779,Koja vrsta ambalaže se koristi za  piva koja su odležala u bačvi?
1780,Ko je u Francuskoj uveo gimnastiku u obrazovanje?
1781,Od čega se danas obično sastoje tranzistori?
1782,Koliko državnih instituta za tehnologiju u državnom vlasništvu ima Indonezija?
1783,"Umesto da budu specifični za jedan jezik, kao kakva alatka su prinicipi fonološke analize dizajnirani?"
1784,Kojoj jedinici u Omsku se pridružio Tito?
1785,"Pored srpskog, sa kojim jezikom je makedonski međusobno razumljiv?"
1786,Koje vrste perioda je imao hladni rat?
1787,Kako je nazvana frekvencija koju koriste odlazeći  avioni u svrhu zahtevanja dozvole za pristup?
1788,Koji je termin za trudnu robinju?
1789,Zašto je imalo smisla trošiti vreme na popravljanje odeće?
1790,Gde su obično na univerzitetima smeštena odjeljenja pedagoške psihologije?
1791,Koju političku partiju je Tajms  podržavao od 1970-ih do 1997. godine?
1792,Koja je bila rezolucija prvog sistema HD za video-konferencije ?
1793,Za šta je srpskohrvatski bio zvanični jezik u 20. veku?
1794,Koji album je bio komercijalni vrhunac Vana Hejlena?
1795,Na čemu se zasniva trofej šampiona Premijer lige?
1796,U kojoj eri se pojavio prvi rod višećelijskih organizama?
1797,Šta podržava MBTA?
1798,Koliko je članova Evropske asocijacije klubova odgovorno za izbor u komisiju za klupska takmičenja UEFA?
1799,Koje godine je Tajms prvi put počeo da izlazi?
1800,Šta se dešava u želucu nakon što se hrana žvaće i pomeša sa skrobom?
1801,Obeležja pomažu u stvaranju čega?
1802,Kada su počela redovna testiranja Haj-Vižn-a?
1803,Na kom kontinentu je osmanska mornarica najviše doprinela?
1804,Ko je napisao „Suštinu hrišćanstva“?
1805,Gde je Tito boravio od 1954. do 1955. godine?
1806,Koji procenat prihoda od emitovanja dele svi klubovi  La Lige podjednako?
1807,Koja kompanija je kupila predsednički Boing 727 nakon Titove smrti?
1808,Gde se nalaze Gradišćanski Hrvati?
1809,Šta je moglo zaustaviti pojavu veoma vruće Zemlje?
1810,Ja i Sebe su dve oblasti interesovanja u čemu?
1811,Koliko klubova je osvojilo FA kup kao deo duple Lige i Kupa?
1812,"Osim kada govore sa Italijanima iz istog grada ili regiona, koje je zajedničko mesto gde Italijani govore svojim regionalnim jezikom?"
1813,Koje godine je Tito po šesti put ponovo izabran za predsednika Jugoslavije?
1814,Kada je Džon Goldsmit predstavio svoj rad?
1815,Koja je pretpostavljena domovina Slovena?
1816,Kojim delovanjem se hrana premešta u želudac?
1817,Koja je uobičajena struktura rečenice za srpskohrvatski jezik?
1818,Na šta je MFA stavljao kvote?
1819,Koje nove inicijative mogu imati uticaj na razvoj koncepta sveobuhvatnih škola?
1820,Ko je otkrio da je više ljudi koji čitaju novine rezultiralo većom političkom odgovornošću?
1821,Šta znači skraćenica SDTV?
1822,Na šta su dipeptidaze dele?
1823,"Kako se zvao zakon o čistoći iz 1516. godine koji je regulisao pivo, a koji je i danas u upotrebi?"
1824,Kada je Tito počeo da promoviše mirno rešenje arapsko-izraelskog sukoba?
1825,Zašto je teško izmeriti korupciju?
1826,"Ko je, zajedno sa Leduom, bio značajan u istraživanjima mozga?"
1827,Imunologija proučava imunološki sistem u kojim trima fazama postojanja?
1828,Na šta se termin dijalekat najčešće odnosi?
1829,Kako je drugo ime Osmanske dinastije?
1830,Ko je car Etiopije 1954. godine?
1831,"Koji se evropski sistem, pored PAL sistema sa 625 linija, smatra televizijskim sistemom standardne definicije?"
1832,Koji je jedan primer neverbalne komunikacije?
1833,Koji je jedan od glavnih ciljeva domorodačkog obrazovanja?
1834,"Kada je snimljen film ""Aerodrom""?"
1835,Aerodrom se takođe naziva i kao kako?
1836,Koliko je nedavno unapređenih klubova ispalo iz Premijer lige u sezoni 1997./1998. godine?
1837,Rok i pop muzičari mogu imati diplome iz koje vrste muzike?
1838,Kada je generalni direktor Avid Lajf Midija podneo ostavku?
1839,Kada je razvijen renesansni humanizam?
1840,Koje godine je Zakon o obrazovanju prvi put usvojen na Novom Zelandu?
1841,Koji procenat evropskih domova sa satelitskom digitalnom televizijom je gledalo VD emisije 2010. godine?
1842,Šta su postale televizijske reklame koje koriste delo Tako je govorio Zaratustra Ričarda Štrausa?
1843,Sa čime je povezana muška ritmička gimnastika?
1844,Koji procenat ljudske komunikacije se dešava kroz neverbalne izraze lica?
1845,Koji je superkontinent formiran tokom periode silura?
1846,Kako se naziva osnovna morfološka jedinica?
1847,Ko je bio vojvoda od Bavarske 1516. godine?
1848,"Prema proceni iz 2013. godine, koliko bi član partnerskog programa zaradio od reklama na početku video snimaka na svakih 1000 pregleda?"
1849,Šta se korisnicima poručuje da ne rade kada objavljuju video?
1850,Koliko je obično potrebno vremena da se završi masterski stepen studija?
1851,Koja je glavna svrha upotrebe pregledača?
1852,Šta su zapravo bili mnogi rani članovi Terskih Kozaka?
1853,Kako su verski zvaničnici smatrani u premodernom dobu?
1854,Koje su tri faze varenja?
1855,Kojim delom discipline sa teorijske strane se uglavnom smatra fonologija?
1856,Kog benda je naziv albuma „Tri muškarca”?
1857,Gde se nalazi grčko ostrvo Antikitera?
1858,Koje kortekse još aktivira jasno lokalizovana bol?
1859,Kako se Arsenal Dame rangiraju u poređenju sa drugim engleskim ženskim fudbalskim timovima?
1860,Šta je uvodni kurs imunologije AAI?
1861,Kakvo obaveštenje mora da izda vlasnik autorskih prava kada pokušava da ukloni sadržaj?
1862,Šta je Jutjub Red?
1863,Ko je podsticao hibridizaciju?
1864,Šta je kulminacija Rusko-turskog rata omogućila građanima provincija u Moldaviji pod kontrolom Osmanlija?
1865,Šta je Margo Makaferi uvela 1968. godine?
1866,Kako se naziva jedna od dimenzija što je stepen u kojem se vlast koristi za ličnu korist?
1867,Posle čije smrti su počele spekulacije o tome da li bi njegovi slebdenici mogli da nastave sa drže Jugoslaviju na okupu?
1868,Koji procenat stanovništva ne može da jede nefermentisanu hranu na bazi mleka?
1869,Kada je termin „rano moderno” uveden u engleski jezik?
1870,Koje su neke od filozofija koje koriste moderni arhitekti?
1871,Koji medicinski naučnik je prvi predložio teoriju klonske selekcije imuniteta?
1872,Koliki su prihodi Premijer lige za sezonu 2009./2010. godine?
1873,Kojim posebnim lokalnim dijalektom je govorio Tito?
1874,Kako se zove onaj koji zameni igrača tokom utakmice?
1875,Koliko je BiTi Grupa prikazala utakmica u sezonama od 2013./2016. godine?
1876,Koje je prosečnan očekivani životni vek ljudi koji ne osećaju bol?
1877,Kojom zemljom je Norijega vladao?
1878,Koje mesto na svetskoj listi najposećenijih sajtova zauzima Jutjub?
1879,Koja decenija se smatra „zlatnim dobom” ženskog fudbala?
1880,Kako se određuje etnička pripadnost u Brazilu?
1881,Kakav je bio svetski rang Arsenalovih društvenih mreža u sezoni 2014./2015. godine?
1882,Koja vrsta alkohola se nalazi u pivu?
1883,Koje su faktori najvažniji po mišljenju situacione perspektive?
1884,"Od dve srpskohrvatske varijante, koja je imala dva puta više govornika nego druga?"
1885,Koje planine povezane sa Sjedinjenim Državama su nastale blizu ekvatora na Pangeji tokom periode devona?
1886,Ko je preusmerio sredstva na uništenje partizana?
1887,Utvrđeno je da Tajms ima najveći broj čitalaca iz koje starosne grupe?
1888,Koja je titula bila Vilijama IV 1516. godine?
1889,Ko je nemački federalni ministar za životnu sredinu?
1890,Šta znači NHK u Japanu?
1891,Koju vrstu matematike je koristio računar Torpedo Data za paljbu torpeda na pokretnu metu?
1892,Ko je otkrio proces prerade kerozina iz uglja?
1893,Koje mišljenje imaju hrvatski nacionalisti o jezičkom pitanju?
1894,Kada je formirana Balkanska vazduhoplovna snaga?
1895,Gde se nalazi 10-metarska statua Tita?
1896,Ko je napisao knjigu o Mocartovom efektu?
1897,Koje je glavno čulo noćnih sisara?
1898,Koju etničku grupu je osmanska vlada deportovala iz istočne Anadolije?
1899,Koje promene biodiverziteta utiču na klimu?
1900,Koji napori se usredsređuju na bolje razumevanje i ispunjavanje lokalnih potreba u Avganistanu?
1901,Gde je sanskrit bio učen jezik visokih klasa?
1902,Kada su kreatori dobili ideju za YouTube?
1903,Ko je razvijao tehnološko obrazovanje koristeći francuski sistem?
1904,Ko su bili pobednici Drugog svetskog rata?
1905,Koji prostor boja se obično koristi za emitovanje boja pre nego što se konveruju u RGB?
1906,Šta pisana partitura obično ne sadrži eksplicitno?
1907,Koji izdavač štampa Tajmsov atlas?
1908,Koji tip diplome tajlandskim tehničkim koledžima istorijski nije bio dozvoljeno da dodeljuju?
1909,Koji rat je doveo do povećane popularnosti instituta za tehnologiju i politehnike?
1910,Pod čijim vođstvom je Jugoslavija postala jedna od osnivača Pokreta nesvrstanih?
1911,Koje područje UNFPA grupiše zajedno sa arapskim državama?
1912,Da li visok rang na HDI-u ukazuje na kraći ili duži životni vek pri rođenju?
1913,Na koliko deo propusnog opsega SDTV-e su uloženi napori da se smanji analogna VDTV-a?
1914,Šta je prema Šon Vankuru nanelo štetu muzičkoj industriji u 20. veku?
1915,"Trofej Premijer lige je napravljen od prvoklasnog srebra, srebrne pozlate i kojeg poludragog  kamena?"
1916,Koliko emotivnih kategorija je Tarner prepoznao kao zasnovane na ljudskoj neurologiji?
1917,Ko je uveo teoriju optimalnosti u morfologiju pored Alana Prinsa?
1918,Kada je Mančesterska eksperimentalna mašina malih razmera pokrenula svoj prvi program?
1919,"Na koju definiciju televizije se odnose brzine kadrova PAL, SECAM i NTSC?"
1920,Ko je doktor Sisil Kuk?
1921,Šta se povećavalo i trošilo mnogo propusnog opsega?
1922,Šta spandeks upija?
1923,Koje vrste kopnenih životinja postoji iz periode trijas?
1924,Koja filozofija je pratila strukturnizam?
1925,Koga su pristalice Arsenala mislile da je trebalo konsultovati pre objavljivanja novog grba?
1926,Gde KCRSI objavljuje redovne izveštaje o sajber bezbednosti?
1927,"Ko su ljudi, rani naseljenici koji su otkrili Floridu?"
1928,Bez čega može se muzička partitura može izvoditi?
1929,Gde su nastala prva praktična integrisana kola?
1930,Fanerozoik obuhvata koji vremenski period?
1931,Gde se nalaze Zagorci?
1932,Za šta većina velikih aerodroma pruža trgovinske radnje?
1933,Koliko se standardnih varijanti srpskohrvatskog govori?
1934,Sa čim bi trebalo kombinovati MPI karakterizaciju osobe kako bi se dobio najkorisniji opis slučaja?
1935,Gde je I2a1b1 najviši?
1936,Ko je zaustavio bugarski ustak 1876. godine?
1937,Šta znači GDPK?
1938,Za šta je Španija menjala Floridu?
1939,Kako se obično zove kompanija koja pravi pivo?
1940,Od koje organizacije je Broka bio u procesu odvajanja?
1941,Koji su termini „rano moderno” i „moderno doba” koriste i za druge zemlje?
1942,Koliko je Engleska imala kvalifikacija za Ligu šampiona 2005. godine?
1943,Šta uključuju kopnena područja?
1944,Kako se zove kada su prijatelji privilegovani u odnosu na druge ljude?
1945,Koji vid religiozne teologije je uticao na pejzažnu arhitekturu u Aziji?
1946,Koja grupa je progonjala Jevreje u Evropi?
1947,Koji aspekt fan baze je jedan od razloga za veliku posećenost utakmicama?
1948,U kom okruženju se dijalekti češće čuju?
1949,Koliko računara je bilo povezano na internet 1988. godine?
1950,Kako je poznata centralna Florida?
1951,Ko je istraživao kako je Premijer liga prodala televizijska prava 1999. godine?
1952,Koji Veliki vezir je pokušao opsadu Beča 1683. godine?
1953,Šta podržava AGL?
1954,Šta su Centralne sile prepustile u zamenu za mir?
1955,Koja evropska vlada je 2008. godine najmanje doprinela UNFPA?
1956,Koja zemlja ima politehničke institute skoro 44 godine?
1957,Ko je napisao „Sedam arhitektonskih lampa“?
1958,Koji medij je prvobitno korišćen za čuvanje podataka iz Internet arhive?
1959,"Koji deo biljke komunicira sa bakterijama rizoma, gljivama i insektima u zemljištu?"
1960,Koju Titovu rezidenciju na ostrvu su posetile flmske zvezde uključujući Elizabet Tejlor?
1961,Šta znači LKP?
1962,Na šta bi se obično odnosilo specijalno obrazovanje samo u ranim godinama školovanja u Sjedinjenim Državama?
1963,Kako se još zove lokalna politika?
1964,Koje antropologe interesuju ljudske varijacije?
1965,Koje serifni font  je naručio Tajms 1931. godine?
1966,Koja zemlja je imala da izvrši Staljinov pritisak da sprovodi odstranjivanje političkih protivnika?
1967,Koliko volti je obezbedilo napajanje Tomasa Edisona?
1968,Kolilki su bili ukupni prihodi Premijer lige u sezoni 2009./2010. godine?
1969,Šta zajedničko imaju deuterostomi i protostomi?
1970,Koji sistem je u Vašingtonu demonstriran predsedniku Ronaldu Reganu?
1971,Čega je primer aktivnost konstruisanja mreže botova za napad na drugu metu?
1972,Koja vlada dodeljuje orden hrizanteme?
1973,Koja braća su imala  značajno klasično obrazovanje?
1974,Koliko dimenzija upravljanja se meri Svetskim indikatorima upravljanja?
1975,Ko je aktuelni izvršni direktor Premijer lige?
1976,Koje nauka proučava ljudsku prošlost kroz materijalne ostatke?
1977,Ko je napisao De Re Aedificatoria?
1978,U kojim zemljama su sveobuhvatne škole bile široko rasprostranjene?
1979,Šta još uvek koristi spoljašnji sistem za varenje?
1980,Koji se termin ponekad koristi za dijalekte koji se razlikuju samo po rečniku?
1981,Koja vrsta  štamparske mašine je pomogla da se poveća tiraž i uticaj Tajmsa 1817. godine?
1982,Kome DIU-e plaća za pristup internetu?
1983,Ko je napravio prvi radio?
1984,Do čega su dovele brutalne diktature koje su izazvali mediji?
1985,Koja su imena ljudi koji su izmislili YouTube?
1986,Za šta se smatra muslimanska sekta poznata kao Druzi?
1987,Odakle potiče gramatika srpskohrvatskog?
1988,Da li je HDI kritikovan zbog pristrasnosti prema zapadnim ili prema istočnim modelima razvoja?
1989,Koji tip signala može biti generisan dovoljno intenzivnom stimulacijom bilo kog senzornog receptora?
1990,Kako se zove profesionalac u restoranu koji savetuje posetioce o pivu i uparuje ga sa hranom?
1991,U kojim kontekstima treba razumeti primordialističke i socijalne konstruktivističke pristupe?
1992,Koga je Petar prvi porazio u Velikom Severnom ratu?
1993,Da li visok rang na HDI-u ukazuje na kraći ili duži životni vek?
1994,Šta sprečava prozore da iskaču bez saglasnosti?
1995,UNFPA je deo koje veće grupe UN?
1996,Koga učenici često krive za nedostatke u obrazovanju?
1997,Šta je omogućio poslednji glacijalni period?
1998,Koju enciklopediju je Tajms agresivno prodavao američkom tržištu?
1999,Ko je takođe imao koristi od resursa jugoistočne Azije?
2000,"Od kog praindoevropskog korena potiču lekseme slovo, slava i slukh?"
2001,Koji instrument je izašao iz upotrebe posle 1760-ih?
2002,Na šta je Mahbub ul Hak želeo da pomeri fokus sa razvoja ekonomije?
2003,"Kada životinja jede biljke ili drugu životinju koja je jela biljke, šta se dešava sa smanjenim jedinjenjima ugljenika u hrani?"
2004,"Koja zemlje je, za zasluge prema Republici, nagradila Tita Ordenom časti?"
2005,"Na šta se odnose slika sebe, samopoštovanja i individualnost?"
2006,U kojoj naučnoj studiji se identitet odnosi na sposobnost za samorefleksiju i svest?
2007,Ranija društva bi bila druga kultura odvojeno od kojeg vremenskog aspekta?
2008,Čemu odoleva odeća napravljena od kevlarske tkanine?
2009,Koji je primer tradicionalnog jezika u kojem veliki deo rečnika potiče iz sanskrita?
2010,Šta znači akolomat?
2011,Kako se ponekad nazivaju  životinje Ctenofore i Cnidarije?
2012,Kako je predsednik Obama preporučio da se internet klasifikuje?
2013,Kako se zove kada neko umre od udisanja povraćenog?
2014,Koja hevi metal grupa je uvela „mračnije” teme u muziku?
2015,Koji kontinent se prostirao preko većeg dela južne Zemljine hemisfere u periodi kambrijuma?
2016,Ko je tvrdio da je Mavr izveden od grčkog mavron?
2017,Kako se zovu novine sa najraznovrsnijom političkom podrškom u britanskoj istoriji?
2018,Kada je nastao napad na Perl Harbor?
2019,Kada je Arsenalu stadion u Hajberiju prvi put postao dom kluba?
2020,Gde se nalazio prvi komercijalni DIU-a u Sjedinjenim Državama?
2021,Na kom nivou je većina zemljišta u Floridi?
2022,Šta je izmislio Luis Pol?
2023,Koje je nacionalnosti bila Titova majka?
2024,U kojoj fazi pravljenja piva hmeljna sladovina postaje pivo?
2025,Koliko novca je dobila Fudbalska liga od prihoda od televizijskog novca za dvogodišnji ugovor 1986. godine?
2026,Koji su sistemi pisanja korišćeni za pisanje sanskrita?
2027,Za koliko domova se emituje Premijer liga?
2028,Veruje se da je sadašnji obrazac ledenog doba počeo pre otprilike koliko godina?
2029,Koja nova kategorija je dodata u Izveštaju o ljudskom razvoju za 2009. godinu?
2030,Šta je Venger dodao timu Arsenala uz poboljšanje taktika i treninga?
2031,Kada je ukinut francuski sistem od 819 linija?
2032,Koja pitanja je politička ekonomija uvela u teorije društvene strukture i kulture?
2033,Za koga se Tito smatrao drugim u Istočnom bloku?
2034,Da li mediji prezentuju ubice divova?
2035,Šta su doprineli Nanking i Peking?
2036,Gde su se naselili slovenski plaćenici?
2037,"Šta obično ima veću mrežu, DIU-a klijentu ili DIU-a nadređene veze?"
2038,U kojim industrijama se i dalje koriste analogni računari?
2039,Od čega je napravljena srednjovekovna flauta?
2040,Sanskrit je glavni sveti jezik koje religije?
2041,"Pikolo, kontrafagot i tromboni doprinose trijumfalnom finalu kog Betovenskog dela?"
2042,Šta se desilo sa pismenošću nakon pada Rima?
2043,Tokom kojih godina je živeo Sulejman Veličanstveni?
2044,Svemiirska odela su primer rešenja za šta?
2045,Rezultati istraživanja mogu se objavljivati kada su uzeti koje vrste uzoraka?
2046,Koji procenat igrač mora da igra takmičarske utakmice A tima za koje je bio na raspolaganju za selekciju u prethodne dve godine da bi dobio dozvolu za rad od Ministrastva unutrašnjih poslova?
2047,Kako se zove zbirka dela Izidora od Sevilje?
2048,Kako se zvao prvi mikroprocesor sa jednim čipom?
2049,Koju vrstu američkog finansiranja pokušavaju Prijatelji UNFPA da zamene?
2050,Kako se zvao Titov sin koji je rođen njemu i Hasovoj?
2051,Kako su se zvali rarazličiti oblici vlasti  koji su se  formirali u Antičkoj (Staroj)  Grčkoj?
2052,Sa kim je izazvan raskol Titovim verovanjem u samoopredeljenje ?
2053,Na kojim pozicijama su prvi put angažovane  žene u profesionalnim orkestrama?
2054,Gde se nalazi aerodrom Bardufos?
2055,Šta treba da bude uključeno u efektivnu nastavu?
2056,U kom velikom britanskom gradu se nalazi sedšte Tajmsa?
2057,Na kom standardu je radila verzija Jutjub-og sajta koju je pokrenuo 2010. godine?
2058,Šta je industrijalizacija?
2059,Šta predstavlja kolo u kompjuterskom delu?
2060,{Šta Jutjub obično ne nudi?}
2061,Kada je osnovana Kito astronomska opservatorija?
2062,Koji se događaj desio u oktobru 1917. godine?
2063,Koji format skeniranja je takođe uključen u MBAFF?
2064,Termin imunologija potiče od latinske reči koja znači šta?
2065,S kojom političkom partijom su konzervativci morali da formiraju koaliciju 2010. godine?
2066,"Ko je, osim privatnih lica, koristio Jutjub da bi povećao svoju publiku?"
2067,U kom vremenskom periodu je nastupio eon proterozoika?
2068,Kako se nazivaju italijanski dijalekti u italijanskom jeziku?
2069,Koja kompanija je smatrala da su podaci mašine za pretragu prošlih verzija važni za njen argument?
2070,Koje delo se često koristi u žanru horora?
2071,Šta je formirano kao nova tajna policija?
2072,"Koja vrsta raznolikosti uključuje useve koje je poljoprivrednik podsticao, zasadio ili uzgajao?"
2073,Kakvo objašnjenje za različite pojave pruža De Rerum Natura?
2074,Koji je jedan od primera kako studenti mogu imati koristi od video-konferencija?
2075,Šta je Njutnova filozofija uradila kada se primenila na život?
2076,Šta je veoma potrebno u vezi sa prenosom tehnologije kada je u pitanju obrazovanje?
2077,Kako je još poznata postmoderna muzika ?
2078,Šta ograničava količinu života koji može da živi na Zemlji?
2079,Koliko je ženskih članova bilo u sastavu  Bečke filharmonije 2013. godine?
2080,Kog superkontinenta je bio Antarktik deo?
2081,Koji dijalekt nemačkog se govori u Švajcarskoj?
2082,Tokom koje sezone je Premijer liga postavila rekordno prosečno prisustvo od preko 36.000 ljudi?
2083,U kom veku je hmelj prvi put značajno gajen za proizvodnju piva?
2084,Kako se Sjedinjene Države i Brazil razlikuju nakon ukidanja ropstva?
2085,Zašto se smatra da su Molluska i Annelida bliski rođaci?
2086,Koje je uobičajeno mišljenje o muškarcima koji nose žensku odeću?
2087,Čemu je bila podložna usmena muzika  svaki put kada se prenosila?
2088,Zašto su neki naučnici nesigurni u vezi sa fosilnim ostacima?
2089,Koje godine je objavljena studija koja je pokazala da su biodiverzitet i genetska raznolikost međusobno zavisni?
2090,Kako se još naziva osmanska minijatura?
2091,"Koji je trend da se  antropologija ""umjetnosti"" transformiše u antropologiju?"
2092,U kojoj godini je Velški klub prvi put učestvovao u Premijer ligi?
2093,Šta je laktaza?
2094,Koji južnoafrički grad je učestvovao u prvoj javnoj video-konferenciji?
2095,"Koji format je mogao da se reprodukuje sa HTML5, osim H.264?"
2096,Pod kim je Rusija proglašena carstvom?
2097,Koji psihološki koncept Vajnrajh postavlja između prošlosti i budućnosti?
2098,Kada je počelo redovno emitovanje BS-9ch?
2099,Šta je SONET?
2100,Koji tim je igrao sa Arsenalom u vreme emitovanja radio prenosa 1927. godine?
2101,"Ko je još, osim Čomskog, objavio „Zvučni obrazac engleskog jezika”?"
2102,Šta DIU-a integrišu u svoju mrežu kako bi pružili informacije obaveštajnim agencijama?
2103,Obaveštajni podaci sa kontinenta koje je Tajms prenosio su često bili pouzdaniji od čega?
2104,Šta pomaže žuč iz jetre?
2105,Kako se određuje početna vrednost ukupnog rezultata?
2106,Ko je rekao da ne postoje apolitični problemi sa hranom?
2107,Kako se zove pakistanski program koji se može uporediti sa britanskim A nivoom?
2108,Tokom kojih vekova je Osmansko carstvo kontrolisalo veći deo jugoistočne Evrope?
2109,Na kom uređaju su konačno mogle da se koriste video-konferencije?
2110,"Kada ljudi imaju dugotrajni bol, šta često pokazuju?"
2111,Sa kojim zemljama je Tito razvijao odnose?
2112,Kada je FKK doneo odluku o neutralnosti mreže?
2113,Koji je rang Kubi dodeljen otkako je rešena situacija sa podacima koji su nedostajali?
2114,Na kom stadionu obično igraju Arsenal Dame?
2115,Nakon kog događaja je nastala dinastija Ćing?
2116,Za koga se misli da je izmislio astrolab u prošlosti?
2117,Na koje probleme lingvistička antropologija primenjuje lingvističke metode?
2118,Kako se pretpostavlja da su davno mrtve ljudske grupe živele i ponašale u poređenju sa još uvek živim populacijama?
2119,Koji je primer mesta na kome se danas mogu koristiti video-konferencije?
2120,Gde se nalazilo „predsedništvo” od 67 članova?
2121,"Kada je Tajms prestao sa politikom korišćenja učtivih titula, nastavio je da ih koristi za koju vrstu imena prilikom narednih pominjanja?"
2122,Šta je Osmansko carstvo pokušavalo da uravnoteži u svojoj pravnoj politici?
2123,Proti čega je delovao Irokava Daikiči?
2124,Koje kulture su inspirisale islamsku arhitekturu da koristi oštre lukove?
2125,Koja balada Aerosmita je debitovala na prvom mestu top listi?
2126,U kom delu sveta se materijalizam razvio tokom Aksialnog doba?
2127,Kada je Tito poslat u Beč?
2128,Šta može da se odnosi i na metodologiju i na proizvod etnografskih istraživanja?
2129,Kada je osnovao prvo Bugarsko carstvo?
2130,Sa kim su se pomešali Istočni Sloveni?
2131,"Kako koreni biljke mogu da komuniciraju sa bakterijama rizoma, gljivama i insektima u zemljištu?"
2132,Koliki novi rekord je postavila posećenost u sezoni 2013./2014. godine?
2133,Šta je uspešan doskok?
2134,Koje su neke životinje iz grupe Artropoda?
2135,Kako se zove ustanova čiji stanar i većina osoblja su protiv maltretiranja?
2136,Kada je Arsenal ponudio plan za izgradnju novog stadiona u Ashburton Groveu?
2137,"Zajedno sa fiziološkim odgovorom, šta je, prema Kenonu, izazivalo emocionalni događaj?"
2138,"Ko je napisao ""Šta je emocija?""?"
2139,"Koje godine je Tito otputovao u Sjedinjene Države da poseti Vašington, usred protesta antikomunističkih grupa Hrvata, Srba i Albanaca?"
2140,Za koliko su kupljena televizijska prava Premijer lige od 2010. godine do 2013. godine?
2141,Šta znači URL?
2142,Kolika je učestalost haplogrupe R1a u Poljskoj?
2143,Kako zrno posatje slad?
2144,Kojom državom vlada car Selasije?
2145,Koliko je bilo dizajna FA kupa?
2146,Ko definiše neformalno učenje?
2147,Iz koje zemlje je igra Vogabaliri?
2148,Koje nacionalnosti je bio Karl Lange?
2149,Kako se naziva kada vladini funkcioneri koriste svoju vlast za privatnu korist?
2150,Ko je snimio „Stvarno si me osvojio/la”?
2151,Koje su tri proteinske podjedinice u sistemu kanalnog transporta?
2152,Kako se zove prodaja ili trgovina uticajem vladine pozicije?
2153,Gde se masti uglavnom vare?
2154,Koji je bio cilj uklanjanja mešanih rasa iz njihovih domova?
2155,Kada je prvi put objavljen Globalni indeks integriteta?
2156,Ko je bio predsednik Moldavije 1996.?
2157,Ko je nekada koristio put začina koji je kontrolisalo Osmansko carstvo?
2158,Kada je bombardovan stadion Arsenala?
2159,Kada je Irska otvorila prve sveobuhvatne škole?
2160,Koliko puta barem veću linearnu rezoluciju ima VDTV u odnosu na SDTV?
2161,Ko je izmislio prvi analogni računar u obliku mašine za predviđanje plime i oseke?
2162,Kada je Osmansko carstvo opalo?
2163,Dirkem je video kolektivnu svest u kojoj australijskoj aboridžinskoj aktivnosti?
2164,Ko je tvorac serifnog fonta kreiranog 1931. godine za novine Tajms?
2165,Šta se često navodi kao jedan od razloga za ne mnogo idealne uslove rada konfekcionara?
2166,Od koje vrste površina odeća može da štiti nosioca?
2167,Ko je tvrdio da se emocije takmiče sa instinktom i razumom?
2168,Koju zajednicu je Tito osnovao?
2169,Šta je marksističko-lenjinističko dodalo kineskoj filozofiji?
2170,Koje je najpouzdanije merilo bola?
2171,Kada je prvi put uvedena generativna fonologija?
2172,Da li se ljudi protive korišćenju novog Vembli stadiona?
2173,Kojim akcijama Sovjetskog Saveza su se protivile Sjedinjenje Države?
2174,Kako se zove zakon koji je promenio način na koji su grčki javni instituti za tehnologiju označeni?
2175,Koji jezik se govori u severozapadnoj Španiji?
2176,Kako se zvala knjiga koju je Darvin napisao o emocijama?
2177,Koliko Afrikanca je poslato brodom u Sjedinjenje Države između 1492. godine i 1888. godine?
2178,Koji tip života je metabolično raznovrsniji od višekletkog života?
2179,Pre koliko miliona godina se evolucija šimpanzi i ljudi odvojila?
2180,Kada je završen period vojnih zapovednika?
2181,Koje građevine se mogu istovremeno smatrati i umetničkim delima i simbolima jedne kulture?
2182,Lingvista Madhab Dešpande je rekao da je sanskrit počeo kao kakav način govora?
2183,Koja era sadrži najranije neosporive dokaze života na Zemlji?
2184,Da li je neki klub pobedio u svim svojim utakmicama kao Arsenal u sezoni 2003./2004. godine?
2185,Ko je objavio Šta je emocija?: Klasična i savremena čitanja?
2186,Šta su Afro-Španci?
2187,Koji je drugi termin za standardni ili standardizovani dijalekt?
2188,"Koja vrsta injekcije izaziva da pacijenti prijave da imaju bol, ali da ih to ne uznemiruje?"
2189,Gde je cvetala Osmanska trgovina robljem?
2190,Ko je preko UDBA-e koristio nehumane metode protiv protivnika?
2191,Kako su trinaest kolonija postale Sjedinjene Američke Države?
2192,"Koje godine je počeo da izlazi list ""Kejp Tajms"" (Južna Afrika)?"
2193,Od čega se sastoji fizički zaštitni zid?
2194,Šta je Brazil izbegao?
2195,Sa kojim univerzitetom je Bernard Rolin povezan?
2196,Kada je YouTube osnovan?
2197,Kako se zove to kada se optička vlakna koriste za krajnje korisnike?
2198,Sa kojom osobom je Titovo venčanje kasnije izbrisano iz zapisa?
2199,Koja su tri parametra VDTV-a?
2200,Gde mašina za pretragu podataka čuva svoje informacije?
2201,S kojom emocionalnom komponentom je Vilijam Džejms identifikovao emociju?
2202,"Nadija Husein, autorka kolumni u časopisu Tajms, poznata je po tome što je pobedila u kom Bi-Bi-Si takmičenju?"
2203,Kada je Ujedinjeno Kraljevstvo razvijalo VD sadržaj koristeći novi standard prenosa DVB-T2?
2204,U kojoj godini je Arsenal izradio prepravljen grb koji je mogao biti zaštićen autorskim pravima?
2205,Koji sistem temperacije bio uobičajen u Bahovo vreme?
2206,Kako se klasični i vedski sanskrit često gledaju?
2207,Čime je Evropska Unija bila zadužena da upravlja?
2208,Koje imanje je prodalo Tajms 1922.godine?
2209,Kada je Premijer liga održala svoju prvu sezonu?
2210,Na šta je bio antagonističan renesansni humanizam?
2211,Šta tranzitni DIU-a pružaju?
2212,Iz kog grada je glam metal bend Stil panter?
2213,"Kako je teritorija koju je Sovjetski Savez zadržavao kao satelitske države, kasnije postala poznata?"
2214,Šta se ubrizgava u malim količinama u meko tkivo između pršljenova da bi se stvorio lokalni bol?
2215,Koji procenat lekova širom sveta potiče iz prirode?
2216,Šta proizvode instrumentalne metode primenjene antropologije?
2217,Kakav protokol je standard za isključivanje robota?
2218,Koji signal je koristila prva evropska VDTV emisija?
2219,Kako se zove zgrada koja se koristi za pravljenje piva?
2220,Kojom erom je počeo kraj Osmanskog carstva?
2221,Oko čega su se povećale tenzije tokom romantizma?
2222,Kojoj vrsti čitalaca je namenjena veb stranica thetimes.co.uk?
2223,Koliko je procenata biodiverziteta planeta izgubila od 1970. godine?
2224,Klasični muzičari su nastavili da koriste mnoge instrumente iz kog perioda?
2225,Koji instrument sviraju Riči Blekmor i Rendi Rouds?
2226,Šta se od pacijenata traži da označe pomoću McGillovog upitnika za bol?
2227,Za šta su instaliranje prisluškivača tastature i pravljenje modifikacije operativnog sistema primeri načina koje koriste neovlašćeni korisnici?
2228,Kako radi usluga Sanset Limiteda?
2229,"Šta opisuje uništenje staništa, preterano ubijanje, uvezene vrste i sekundarno izumiranje?"
2230,2000 koje zajednice se direktno borila za Tita?
2231,Kakvo može biti mito osim direktno?
2232,Da li je moguć kompromis između efikasnosti i troškova?
2233,Koliko je hit singlova izbacio album Def leparda „Histerija”?
2234,Koji je primer nehotične namere poruke u vezi sa neverbalnom komunikacijom?
2235,Koji kineski emiter ima prava na Premijer ligu?
2236,Kao rezultat kog rata je Bugraska postala nezavisna u okviru carstva?
2237,Većina fakulteta za specijalizaciju u imunologiji prati parametre koje organizacije?
2238,Timu koji ima najviši rang na tabeli poštene igre zagarantovana je kvalifikacija  za koje kolo kvalifikacija u Ligi Evrope?
2239,Kada je prevrtanje prvobitno osporavano na Olimpijadi?
2240,Šta je Petar prvi osnovao na Baltičkom moru?
2241,Koju vrstu trofeja Arsenal ima najviše?
2242,Od strane koga su obično strateški postavljeni igrači?
2243,Šta generiše izlazne tokove iz svake krajnje tačke?
2244,Koja organizacija je rekla da ne postoji istorijska veze  fudbala sa bilo kojom drugom igrom izvan Evrope?
2245,Zašto je Moris mlađi napravio računarski crv?
2246,Kako je takođe poznat period Tokugava?
2247,Na koje aspekte zgrada su uticale nauka i inženjerstvo?
2248,Ko je bio bubnjar Led zepelina koji je umro?
2249,Kakav je dizajn lukova iz islamske arhitekture uticao na evropske arhitekte?
2250,Koja vrsta kredaste stene je bila poznata po tome što je formirala najveću količinu?
2251,Šta su prakritizmi?
2252,Kako se zvala najcenjenija vrsta građevinskog zanatstva?
2253,Ko uzrokuje da se „obojeni” ljudi osećaju „nedovoljno crno”?
2254,Koje godine su Gans en' rouziz izdali dva albuma Juz jor ilužn?
2255,Kada je nastala podela antropologije kiborga?
2256,Koji album Def leparda iz 1987. godine je pratio Adrenalajz?
2257,Ko je bio pevač u Montrouz-u?
2258,"Koliko FA kupova je osvojio Arsenal, tokom perioda od 17 godina, koje je počelo od kraja osamdesetih godina prošlog veka, i pružao se pet godina u novi milenijum?"
2259,"Ko je postmodernu arhitekturu nazvao ""dekorisanom šupom""?"
2260,Koje vrste školskih projekata su dovele u pitanje model sveobuhvatnih škola?
2261,Kako je poznato britansko usvajanje uloge globalnog policijara?
2262,UNFPA je optužena da podržava programe koji prisiljavaju šta?
2263,Koji se muzej ranije zvao „Muzej 25. maj”?
2264,Ko je izjavio da dominacija „Velike četvorke” ugrožava diviziju?
2265,Koji sporazum je potpisan 26. januara 1699. godine?
2266,Zašto je Moskva počela represiju nad ukrajinskim jezikom?
2267,Ko je napisao „Hasan mornar ili misterija unutar misterije”?
2268,Kako se naziva jedno pleme koje su američki starosedeoci obrazovali u Americi?
2269,Koliko su strogi zakoni o oduzimanju prava glasa na Floridi?
2270,Koje studije proučavaju način na koji ljudi razumeju svet oko sebe?
2271,Zašto se mandarinski i kantonski ne mogu smatrati dijalektima?
2272,Tajna istraživanja i izveštaji su stvari koje nikada ne bi trebalo da budu šta?
2273,Kakav je stav da je klasična muzika prvenstveno pisana muzička tradicija?
2274,Koliko je ustavnih jezika u današnjoj Indiji?
2275,Kako otkrića i uvidi o percepciji i artikulaciji govora utiču na prethodne i tradicionalne ideje?
2276,"Ko je klasifikovan kao romantičar, ali koristi  kontrapunkt i fugu?"
2277,Kako DIU-e obezbeđuju pristup internetu?
2278,Šta je uvelo „džez doba”?
2279,Kako su igrači Arsenala opisani u medijima?
2280,Šta može izazvati slom biodiverziteta?
2281,Koje su tri principa koje svaki plan treba da uzme u obzir?
2282,Koje godine se verovalo da je hmelj prvi put dodat u pivo?
2283,Koji je termin koji se koristi za opisivanje „pravo na prikupljanje prihoda”?
2284,Koji događaj je ubrzao ordovicijum?
2285,Od koje zemlje se školski sistem Severne Engleske najviše razlikuje?
2286,Koliko je vremena tralo oporavak kičmenika?
2287,Koja je bila prva godina kada je na Letnjim olimpijskim igrama održan fudbalski turnir?
2288,Ko je uveo prvi veliki model komunikacije 1949. godine?
2289,Kako se nazivaju sačuvane verzije sajta?
2290,Koji arhitektonski tekst je došao sa Šri Lanke?
2291,Od koga VDIU-a nabavlja usluge?
2292,Na šta se Fond fokusira prilikom podizanja svesti i pružanju podrške?
2293,Ko je bio glavna uloga u filmu „Koža”?
2294,Koje vrste efekata su glavni fokus antrozooloških istraživanja?
2295,Zašto su Ukrajinci sarađivali sa  silama Osovine?
2296,Kada su se dogodile evropske revolucije?
2297,Da li Raskin veruje da su sve zgrade arhitektonska dela?
2298,Od kog veka se pojavljuju disertacije o odeći?
2299,Na koji tip formacije ukazuju stene visokog i niskog stepena metamorfizma?
2300,Kada je ENIIR bio u potpunosti operativan?
2301,Koje je najpopularnije alkoholno piće na svetu?
2302,Ko je u naučnu zajednicu uveo termin biološka raznolikost?
2303,Šta ukazuje 15 hrastovih listova na grbu godišnjice?
2304,Čime se programski jezici pretvaraju u vreme pokretanja?
2305,Koje su pitanja počele da zauzimaju centralno mesto u kulturnoj i društvenoj antropologiji?
2306,Neurobiološko objašnjenje je specifično za koje vrste mozga?
2307,"Prema Paniniju, odakle se razvio sanskrit?"
2308,Drugi talas pokazatelja je usmeren na koji nivo korupcije?
2309,Čime je bio obeležen međuratni period?
2310,Koje godine definišu Koprulu eru?
2311,Kada je Internet arhiva promenila svoju platformu za skladištenje podataka?
2312,Koji čitaoci mogu da se pretplate na digitalnu arhivu Tajmsa?
2313,U kojoj godini je Premijer liga nagrađena nagradom za međunarodnu trgovinu?
2314,Koju drevnu civilizaciju je Harold Inis koristio kao primer za svoju teoriju?
2315,Zašto stariji odrasli mogu prestati da se bave aktivnostima koje vole?
2316,Ko je kupio Tajms 1922. godine?
2317,U kojoj godini je umro Sulejman?
2318,"Po Vitruvijevom mišljenju, čija je bila odgovornost spovođenja načela?"
2319,Zašto do 19. veka nije bilo važno da li je osoba govorila hrvatski ili srpski?
2320,Koji mesec označava kraj sezone Premijer lige?
2321,Ko podržava rad UNFPA?
2322,Koje je poreklo reči pivo?
2323,Iz kog latinskog priloga je izveden termin „savremen”?
2324,Gde se javlja cefalna faza?
2325,"Koje godine je istaknuti saradnik časopisa Tajms, Džajl Koren, postao pisac godine za hranu i piće?"
2326,Koje su dve suprotne teorije imunologije početka 20. veka?
2327,Koliko linija rezolucije je američki NTSC sistem boja imao 1953. godine?
2328,Za šta su optuženi brazilski mediji?
2329,Koje godine je napisana knjiga „Suština hrišćanstva“?
2330,Kako se definiše komunikacija životinja?
2331,Kako La Liga prodaje svoja prava na emitovanje?
2332,Šta je Majkelson-Morlijev eksperiment?
2333,Odakle je osnova porodične istorije Afroamerikanca?
2334,Šta je mehaničko varenje?
2335,Gde se obično odvija neformalno učenje?
2336,Šta uključuju odlomci i gnežđenje ptica?
2337,Koje je društvo proučavano kako bi se opisao pojm kolektivne svesti?
2338,Koju partiju je Tajms podržao pet godina  nakon 1945. godine?
2339,Ko je rekao „industrija reaguje samo kada pretite propisima”?
2340,Koji mesec je Mesec svesti o sajber bezbednosti?
2341,Zašto su se seljaci Ukrajine pridružili Kozacima?
2342,Koju vrstu opasnosti predstavljaju otrovne hemikalije?
2343,Kada je formirana Premijer liga?
2344,Kako se zove kanal koji pomaže u varenje hrane kod životinja?
2345,Šta su VD mogućnosti modernih sistema za igre  inspirisale programe da urade?
2346,Koliko je bio rangiran novinski kanal Bele kuće na Jutjub-u 2012. godini?
2347,Sanskrit je došao sa severozapada i putovao do kojih današnjih zemalja?
2348,"Osim italijansko-dalmatskog, koji je drugi termin za grupu kojoj pripadaju italijanski jezici?"
2349,Kako signal bola putuje sa periferije do kičme?
2350,"2008. godine, Tajms je prešao u novu fabriku u Broksbornu, koja se nalazi na periferiji kog grada?"
2351,Zbog čega Fridrih Niče veruje da ljudska prava postoje?
2352,Koji je prvi korak u ljudskom probavnom sistemu?
2353,Gde je prosvetiteljstvo dobilo zamah?
2354,"U koji prostor bogosluženja je Tito kao dete odbio da ponovo uđe, kada je sveštenik vikao na njega?"
2355,Misija UNFPA je da promoviše čija prava?
2356,Glečeri iz koje epohe su smanjili visinu severnih zemalja za 591 stopu?
2357,"U kom periodu su violončelo, kontrabras i fortepiano bili novi instrumenti?"
2358,Kog datuma je objavljen izveštaj o ljudskom razvoju za 2010. godinu?
2359,Gde je predstavljen Izveštaj o ljudskom razvoju za 2007/2008. godinu?
2360,U kom je vremenskom periodu standardizovani srpskohrvatski?
2361,Kao šta je sakaliba služio?
2362,Šta su fermate?
2363,Koja je uobičajena skraćenica za termin Institut za tehnologiju?
2364,Koji događaj je izazvala američka revolucija?
2365,Kada je Alan Tjuring napisao rad „O izračunljivim brojevima”?
2366,Od koje do koje godine je živeo Rene Dekart?
2367,Šta je jug jedva mogao da učini za svoje vojnike?
2368,Čija definicija identiteta blisko sledi Eriksonovu?
2369,Šta je od 1980-ih postala uobičajeno za socijalne antropologe?
2370,Koji je primer žičanog akordnog instrumenta tokom baroknog perioda?
2371,Psihologija sebe je primorana da istraži kako se lično sopstvo saodnosi sa čime?
2372,Koji avioni zahtevaju dozvolu za pristup dok su još uvek na nekoliko sati od aerodroma?
2373,"Program Fonda podržava žene, muškarce i koga još?"
2374,Koju vrstu klubova ima Arsenal?
2375,U kom romanu je Tajms predstavljen kao glasilo totalitarne vladajuće partije?
2376,Na kom nivou teorijski lingvisti razmatraju osnovne jedinice?
2377,Koja vrsta škole nije bila u širokoj upotrebi?
2378,Saksofon je bio predstavljen kao solistički instrument u kom delu Sergeja Rahmanjinova ?
2379,Sa kojom nacijom se Osmansko carstvo udružilo u 20. veku?
2380,Kako se zovu dva mesta u kojima su sve srednje škole tokom 70-ih godina pretvorene u sveobuhvatne škole?
2381,Koji model opisuje suprotnost pristupa kao odlazak?
2382,Koju političku stranku je Tajms podržao na opštim izborima 2010. godine?
2383,Iz čega se sastoje antitela?
2384,Šta datira od 36.000 p. n. e.?
2385,Da li se klub iz Liverpula plasirao u Ligu šampiona 2005. godine?
2386,Kojem pristupu pripada Eriksonov rad za praćenje formiranja identiteta tokom života?
2387,Šta je proučavanje interakcije između živih bića?
2388,Koji zvaničnik je blokirao finansiranje UNFPA?
2389,Šalm je bio rani član porodice kog instrumenta?
2390,Kada se Prva industrijska revolucija spojila u drugu?
2391,Koja je najstarija slovenska država u Srednjoj Evropi?
2392,Koja grana antropologije proučava ljudsko ponašanje i odnos između primata?
2393,Šta nije lako utvrditi u vezi sa odećom?
2394,Ko je koristio panslavizam kao političko oruđe?
2395,Koji je instrument je moderni klavir zamenio u doba romantizma?
2396,Na čemu su se zasnovali rani televizijski sistemi?
2397,Kojim jezikom je zvanično služilo u Kraljevini Jugoslaviji?
2398,Koji je tip jezika sicilijanski?
2399,Koji je bio krajnji utisak na učinak Content ID sistema nakon testiranja 2009. godine?
2400,Gde je 1944. godine Tito uspeo da izbegne Nemce?
2401,Tito je imao srdačne odnose sa Sjedinjenim Državama i kojim drugim zapadnim prostorima?
2402,Gde je Feranti Mark 1 poslat nakon što je razvijen?
2403,U koga su se uklopili Sloveni koji su ostali u karpatskom basenu?
2404,Po osnovu koje skale pacijent može biti upitan da odredi svoj bol?
2405,Koje godine je Harold Evans imenovan za urednika Tajmsa?
2406,"Do čega ponekad može dovesti razlika između jezika i dijalekta, zajedno sa političkim sporovima?"
2407,Čime su zamenjene vakuumske cevi u ranim računarima?
2408,Šta je antropologija razvila na desetine?
2409,Za koliko godina je bio ugovor o televizijskim pravima iz 1988. godine?
2410,Kako su se zvali osmanski admirali koji su komandovali osvajanjem Nice?
2411,Kako antropolozi obično dele svet?
2412,Ko je po pravilu UEFA-e trebao da se automatski kvalifikuje za Ligu šampiona?
2413,Kako se ponekad može nazvati hroničan bol?
2414,"Osim arhitekte, na šta su filozofije uticale?"
2415,Ko je tužio Internet arhivu 2005. godine?
2416,Koja aktivnost u vezi sa prodornim bolom zahteva intenzivnu upotrebu opoida?
2417,Kako se zove era koja je prethodila životu na Zemlji?
2418,Kada je potpisan Sporazum o osnivačkim članovima?
2419,Koji faktori mogu uticati na klasifikaciju „crnački identitet”?
2420,Šta pokreće imunološki odgovor prema CST?
2421,Kada se povećao broj detalja koje kompozitori unose u svoje partiture?
2422,Koje godine su politehnike u Velikoj Britaniji počele da funkcionišu pod binarnim obrazovnim sistemom?
2423,Gde se nalaze zubi?
2424,Koj jezičkoj porodici pripadaju većina italijanskih jezika?
2425,UBDA je radila zbog napetosti između Jugoslavije i koje zemlje?
2426,Šta koriste kontrolori tornja za određivanje položaja aviona u trodimenzionalnom prostoru?
2427,Kako je bio poznat savez protiv Osmanskog carstva krajem 17. veka?
2428,U kojoj epohi je postojao kopneni most koji je spajao Evropu i Severnu Ameriku?
2429,Šta su besplatni DIU-a?
2430,Od koje vrste audicije se očekuje da eliminiše rodne ili rasne predrasude?
2431,Koliko je izbeglica pobeglo iz Rusije u Osmansko carstvo od 1783. godine do 1913. godine?
2432,Ko je producirao Fantaziju?
2433,Na šta se psihološka antropologija posebno fokusira u određenoj kulturnoj grupi?
2434,Za šta je prvobitno korišćen abakus?
2435,Šta podržava VOR?
2436,Koji je prosečan broj posetilaca premašila Premijer liga u sezoni 2014./2015. godine?
2437,Sa kim je Japan potpisivao Trojni pakt?
2438,Koji tim je 2005. godine dobio posebno odobrenje od UEFA-e da bi mogao da uđe u Ligu šampiona?
2439,Koje su tri glavne oblasti južne Evrope u kojima se mogu naći  mogu naći govornici italijanskog jezika?
2440,Koji je bio vodeći faktor u izboru odnosa prikaza 16:9?
2441,Kada je Marcin Vozniak tražio specifično slovensku podgrupu R1a1a [M17]?
2442,"Čemu treba da odgovaraju odnos prenetog polja, linije i brzina kadra za najbolju vernost izvoru?"
2443,Koji format se obično koristi za internet distribuciju VD videa?
2444,Koliko godina traje era kenozoik?
2445,"Koliko godina je, veruje se trajala faza hirnantiske faune?"
2446,U kojim godinama je Arsenal ušao u finale FA kupa?
2447,Koje godine je rođen Vladan Dinić?
2448,Šta je Tomas Edison uključio 1882. godine?
2449,Koja supstanca se dodaje hmeljnoj sladovini kada se ohladi nakon ključanja?
2450,Koliko klubova je bilo u prvoj fudbalskoj ligi?
2451,Šta su Portugalci otkrili 1488. godine?
2452,Sa kojim agencijama UNFPA radi?
2453,Koja vrsta osmanske poezije je ritualizovana?
2454,Gde je Ajzenhauer sreo Tito 1960. godine?
2455,"Koja usluga je zamenila Jutjub za TV, kasnije 2009.godine?"
2456,Koja su dva primera metaforične arhitekture?
2457,Preko koga su opšte narodne mase imale pristup božanskom?
2458,Kako se prvobitno zvao Tajms pre promene imena?
2459,Kako je FKK doneo odluku o neutralnosti mreže?
2460,Kako se takođe nazivaju „burne dvadesete”?
2461,Šta IASP zagovara da olakšavanje bola treba biti priznato kao?
2462,Koji je bio naslov hit singla Bon Džovi-a iz 2000. godine?
2463,Kako su Mandžuri prvobitno nazvani?
2464,Šta je bilo manje standardizovano  u doba baroka?
2465,Šta se dostigne načinom interkonekcije tek kad je često povezan u nizu više puta?
2466,Na čemu se zasniva mreža davaoca usluge bežičnog interneta?
2467,Kada je „sačuvaj stranicu” postao dostupan?
2468,Koja TV emisija je poslužila kao inspiracija za ime mašine za pretragu prošlih verzija?
2469,Šta je Veliki savez predložio kao novi standard za SDTV i VDTV?
2470,Pod čijim vladavinom je Osmansko carstvo kontrolisalo veći deo jugoistočne Evrope?
2471,Gde je Broz pobegao posle kontraofanzive belih?
2472,Šta oblikuje procese ljudskog poznavanja?
2473,Gde su počele „burne dvadesete”?
2474,Koju oblast je osmanska mornarica osvojila početkom 16. veka?
2475,Kada se učenje jezika uglavnom najintenzivnije odvija?
2476,Kada se slatki slad odvaja tokom vrenja piva?
2477,Kako se zove posebna memrijska ćelija CPJ-e?
2478,"U kojoj situaciji, pored formalnih, neki Italijani izbegavaju da govore svojim regionalnim jezikom?"
2479,Kako se naziva Pathumvan Tehnička škola?
2480,Sa koliko divizija je počela Premijer liga posle podele?
2481,Kako se zvala rana verzija gudala?
2482,Šta je kontrolna jedinica sa više tačaka?
2483,HDI je kritikovan zbog toga što se isključivo fokusira na šta?
2484,Gde je bio Džon Rolf?
2485,Pod koja još tri druga imena je poznato Osmansko carstvo?
2486,Kojeg pravila se pridržavaju puzavci kada određuju koje sajtove da snimaju?
2487,Ko je testirao četiri glavna sistema VDTV-e krajem 1970-ih?
2488,Ko emituje utakmice Premijer lige u Kini?
2489,Iz čega su se razvile humanističke etičke filozofije?
2490,Šta klasični izvođači često postižu?
2491,"Kojim jezikom je Tito govorio osim srpskohrvatskog, nemačkog, ruskog, češkog, slovenačkog i engleskog, francuskog i italijanskog?"
2492,Kako se klasifikuje pivo kada je napravljeno za nekomercijalnu potrošnju?
2493,Koji je zvanična titula Fidela Kastra?
2494,Čime se odlikuju Pomori?
2495,Šta Zakoni o antenama sprečavaju udruženja vlasnika kuća i gradsku vlast da zabrane?
2496,Čega je izvor Šermanov antimonopolski zakon?
2497,Šta je Kongres doneo 1830. godine?
2498,Šta je otpor vertikalne sile tla?
2499,Kako je metoda pedagoške psihologije povezana sa medicinom i biologijom?
2500,"Kako neko ko se interesuje za etnoistoriju, može da sazna više o kulturama i običajima?"
2501,Koja liga je imala najviše pobeda u Ligi šampiona između 1992. godine i 2013. godine?
2502,Ko je 1944. godine pozvao sve Jugoslovene da se okupe pod Titovim vođstvom?
2503,Gde ulaze preneti geni?
2504,Koji je termin za nociceptore koji reaguju na više od jedne vrste stimulusa?
2505,Koliko mandata su komunisti osvojili u Jugoslaviji 1920. godine?
2506,Kako se naziva transformacija sadržaja iz oznake u interaktivni dokument?
2507,Kakvim tipom konteksta je obuhvaćeno praćenje publike u svakodnevnim reakcijama na medije?
2508,Na čemu je i pre bila gimnastička disciplina na podu?
2509,Za koliko su se posete veb-sajtu Tajmsa smanjile od oktobra 2011. godine?
2510,Kada je Vlada Kanade pokrenula Program saradnje u oblasti sajber bezbednosti?
2511,Koji kanadski izdavački magnat je kupio Tajms 1967. godine?
2512,Kada je Ričard Lazarus umro?
2513,Koliko je visoka statua na Titovom trgu?
2514,Ko je postigao prvi gol u Premijer ligi?
2515,Ko je izvršio pritisak na Čehoslovačku da sprovodi odstranjivanje političkih protivnika?
2516,Šta je davalac digitalnog sandučeta?
2517,Koliko je Broz bio u bolnici?
2518,Šta je počelo sa modernom naftnom industrijom?
2519,Gde su se osnovani prvi DIU-a?
2520,Koliko često se održava trka štafete  „Bratstvo i jedinstvo”?
2521,Kada je bio pokret „Crna moć” u Sida?
2522,Koji instrument radi u tandemu sa bubnjevima kako bi obezbedio hard rok ritam?
2523,Ko je objavio Studiju televizijskih sistema visoke definicije?
2524,Oni sa niskim nivoom raspršivanja identiteta klasifikuju se kao šta?
2525,Indoevropejci koji su ostali nakon seoba postali su govornici kog jezika?
2526,Koji klub u Arsenalu ima porast rivalstva od osamdesetih godina prošlog veka?
2527,Kako se zove dodatak koji se prvi put pojavio 1902. godine kao dodatak lista Tajms?
2528,Kakav stil logotipa je Čepman uveo tridesetih godina prošlog veka?
2529,Od čega operater mora da odstupi da bi naškodio računaru?
2530,Kada je otvoren NCSO?
2531,"Šta su ljudi, prema Tomasu Džefersonu, kada su mediji slobodni i oni pismeni?"
2532,Čega je deo proučavanje znakovnog jezika?
2533,Koje  invazivne vrste  izazivaju promene duž severnoameričke atlantsku obale?
2534,Kada se raspao SSSR?
2535,Koje su dve glavne stranke osnovali mladoturski  članovi?
2536,Kako je nazvan Titov mauzolej?
2537,Kolika je bila brzina prenosa AT&T-a Pikčfon-a?
2538,Koja odlika je najčešći način određivanja da li su jezici dijalekti?
2539,Koje godine je Gilbert nagrađen za svoje zalaganje?
2540,Tokom kojeg perioda je trajao rat u Vijetnamu?
2541,Kako se zove softver uskladišten u hardveru i koji se ne može lako promeniti?
2542,S kojim sistemom je Fend upoređivao bivše učenike sveobuhvatnih škola?
2543,Ko je bio tvorac enciklopedije po kojoj je Tajms bio poznat po prodaji u Americi?
2544,Koji instrument je obično glavni za hard rok zvuk?
2545,Koji drugi obrasci su u skladu sa nejednakim životnim standardom?
2546,"Pored italijanskog i španskog, koji jezik bi mogli da prevedu učenici koji uče švedski interlingva jezik?"
2547,Kada je Tito posetio Sovjetski Savez i signalizirao da se neprijateljstvo njihovih zemalja smanjuje?
2548,Koliko je bilo ukupno veleprodajnih kompanija u Instanbulu u1911. godini?
2549,"Šta, osim fonema, proučava fonologija?"
2550,Koji je bio prvi institut za tehnologiju na svetu?
2551,Šta se čini da se stalno povećava u odsustvu prirodne selekcije?
2552,Koja je bila najveća pivarska kompanija na svetu 2015. godine?
2553,Mora se pogledati poređenje pregledača da bi se znalo šta?
2554,Koliko su nove vrste internet novinarstva zamenile ono što je izgubljeno u štampi?
2555,Ko je poslao misionare u Kinu?
2556,"U kom regionu se mali broj ljudi izjašnjava kao Bošnjaci, ali nisu nužno muslimani po veri?"
2557,Kako se naziva to ako je tehnički institut povezan sa lokalnim univerzitetom?
2558,Šta znači skraćenica DVE?
2559,Kako su poznate planine u periodi karbona koje se formiraju jugozapadno od Apalača?
2560,Kako se generalno meri gorčina u većini piva?
2561,Koji tip snimača se više ne proizvodi za potrošačko tržište?
2562,Primarna funkcija pregledača je da koristi šta?
2563,Kako se zove kada su rođaci privilegovani u odnosu na druge ljude?
2564,U čemu korupacija ugrožava vladavinu prava?
2565,Koja religija preovađuje kod Istočnih i Južnih Slovena?
2566,Kada su Rębała i kolege proučavali nekoliko slovenskih populacija sa ciljem lokalizacije praslovenske domovine?
2567,Šta je bio Darvinov rad O poreklu vrsta za teoretičare?
2568,Šta je fokus specijalizovane misije Tehnološkog univerziteta Mauricijusa?
2569,Zašto je Britanija usvojila ulogu globalnog policajca?
2570,Koliko je nagrada i odlikovanja dobio Josip Broz Tito?
2571,Koje je bilo prvobitno ime irskog sistema instituta za tehnologiju?
2572,Koju reč koriste u Poljskoj za institut za tehnologiju?
2573,Koja nemačka političarka je branila sveobuhvatne škole?
2574,Zašto se koristi Piring?
2575,Koja knjiga Princa je branila teoriju percepcije?
2576,Gde je rodjen Josip Broz?
2577,Koja je sveobuhvatna škola osnovana u Anglesiju?
2578,Iz kog jezika potiče reč dialectus?
2579,Koliko je ljudi crne rase živelo u Ujedinjenom Kraljevstvu 2001. godine?
2580,"Koja je bila jedna od glavnih razlika između Bošnjaka, Hrvata i Srba?"
2581,Kada je Japan održao prvo Svetsko prvenstvo u ritmičkoj gimnastici za muškarce?
2582,Ko je opisao Bila Klintona kao „crnca”?
2583,Koja kompanija je ponudila prvi komercijalni sistem za video-konferencije?
2584,Koji je termin koji koristi Internet arhiva da bi opisala mašinu za pretragu prošlih sadržaja?
2585,Koliko cevi je Mark 2 Kolos sadržao?
2586,Pliocen je ugledao kraj koje faune u Južnoj Americi?
2587,Kada je dodata podrška za 720p HD na Jutjub?
2588,Koji je primer odeće koja je nekada bila smatrana isključivo za muškarce?
2589,Koliko privatnih instituta za tehnologiju postoji u Indiji?
2590,"Kojom vrstom ustanova, zemlje poput Nemačke i Švajcarske, smatraju institute za tehnologiju?"
2591,Šta ljudski jezici koriste da komuniciraju sa drugima?
2592,"Koja škola je razmatrala spajanje sa Vaikato institutom za tehnologiju, koji je kasnije napušten?"
2593,Kada je Panč bio pod ugovorom?
2594,Šta muškarci obično mogu da otkriju na više mesta?
2595,Kada je Užice vratilo svoje prvobitno ime?
2596,Koje vrste aplikacija su počeli da nude proizvođači video-konferencija?
2597,"Koja vrsta bola su pritiskanje, cepanje i struganje?"
2598,Koje povrće se ponekad koristi kao izvor zrna za pivo u Brazilu?
2599,Koliko funti je potrošeno u Evropi na VD sposobne televizore u 2010. godini?
2600,Koliko procenata kubanskih Amerikanaca živi na Floridi?
2601,Šta su kompanije poput Viakoma i Mediaseta učinile protiv Jutjuba?
2602,Po čemu je poznat Albert Ajnštajn?
2603,Kako se zove najveći grad ili grad koji je preimenovan u Titovo ime?
2604,Na šta može uticati rastavljanje reči na proste segmente?
2605,Ko će verovatno biti identifikovan kao pedagoški psiholog?
2606,Koja je osnovna metodologija za pronalaženje  procena gubitaka širom sveta zbog kršenja bezbednosti?
2607,Šta se prvobitno verovalo da limenke potpomažu pivu?
2608,Koja vrsta prakse je vodila osmansku državu u svojim odgovornostima?
2609,Kada je bio prvi beta test Jutjub sajta?
2610,Kako se ćelije drže na mestu u biljkama i gljivama?
2611,Koliko utakmica igra svaki tim?
2612,Kada je knjiga „Kontrasti“ napisana?
2613,UNFPA navodi elemente koji promovišu koje ljudsko pravo?
2614,Kada je bila prva godina da su klubovi zapreteli da napuste Fudbalsku ligu?
2615,Koja je jedna od prednosti korišćenja tehnike H.323?
2616,"Šta biljke koriste za pretvaranje neorganskih molekula u ugljene hidrate, masti, proteine i druge biomolekule?"
2617,Da li je Engleska bila uspešna na Svetskom prvenstvu u fudbalu 1990. godine?
2618,Za šta je UNFPA optužen prilikom doprinošenja kineskom programu?
2619,Kako se zove proučavanje komunikacije životinja?
2620,"Šta bi moglo biti, pored znojenja i napetosti mišića, fiziološka reakcija na opasnost?"
2621,Kako su bili korišćeni bivši caristički oficiri?
2622,Koliko klubova trenutno ima u Premijer ligi?
2623,"Na sastanku 2007. godine sa vladom, Rupert Merdok, vlasnik Tajmsa, izjavio je da ga zakon i nezavisni odbor sprečavaju u čemu?"
2624,Kog pank benda su pesme retko trajale duže od dva minuta?
2625,Koji termin se  može koristiti za opisivanje vlažnog područja severne Španije?
2626,"2001. godine, koja je organizacija optužila UNFPA da deli kancelarijske prostore sa kineskim zvaničnicima za planiranje porodice?"
2627,"Koja vrsta vode je dobra za pravljenje jakog tamnog piva, kao što je Gines?"
2628,Za šta se koristi DPL velike brzine?
2629,Šta se smatra da je Trubeckoj osnovao?
2630,Koliko ljudi je gledalo sletanje Apola 11?
2631,Šta je Arsenal želeo da obeleži noseći crveno ribizla majce u poslednjoj sezoni na Hajberiju?
2632,Koji je poznati pronalazač bio autodidakt?
2633,Šta je Viakom planirao da uradi nakon presude iz 2010. godine?
2634,Kako se nazivaju vrste koje imaju prsten od cilijatnih pipaka oko usta?
2635,Zašto su neki delovi tela pokriveni?
2636,Kako se zove latinično pismo za pisanje na beloruskom?
2637,Šta se desilo sa šamom i drvenim kornetom tokom baroknog perioda?
2638,Ko je bio imenovan za šefa marionetske države nakon zauzimanja Mandžurije?
2639,"Osim aktivnosti kolonija, koji drugi događaj je podstakao prelazak sa poljoprivrede na proizvodnju?"
2640,Smatra se da životinje u kojoj grupi čine monofiletsku grupu?
2641,Koje su bile neke od multietničkih konfederacija Evroazije?
2642,Da li su mnogi novi timovi u Premijer ligi imali bilo kakve poteškoće u svojoj početnoj sezoni?
2643,U kojoj godini je Venecija potpisala mirovni sporazum sa Osmanlijama?
2644,Koji je jedan primer aplikacije koju su proizvođači video-konferencija počeli da nude?
2645,Koje godine je Mahbub ul Hak osmislio i pokrenuo HDI?
2646,U kom gradu je počela renesansa?
2647,Od čega se sastojao prvi model komunikacije?
2648,Koja se opsada dogodila 1565. godine?
2649,Kada je napravljen program neophodan za automatsko pretraživanje i arhiviranje veba?
2650,Koliko dece je Pelagija rodila Titu?
2651,Sa kojim društvenim statusom se ponekad povezuje termin „dijalekt”?
2652,"Iz perspektive istorijskih lingvista, čiji su poreklom romanski dijalekti?"
2653,Sa čime su slični besplatni DIU-a?
2654,Kompozitori i muzičari su počeli da grade živote nezavisno od čega u 19. veku?
2655,Šta znači 50i?
2656,Humoralna imunologija zastupa da poreklo imunološkog sistema leži u čemu?
2657,Ko je pisao o Slovenima na vizantijskom grčkom jeziku u 6. veku?
2658,Kako većina životinja koristi energiju sunčeve svetlosti?
2659,Rezultat kog poznatog rata je Beogradski sporazum?
2660,Šta socijalna antropologija pomaže da se razjasni?
2661,Gde se nalazi peti centar SSA samo za video-konferencije?
2662,Novorođenčad su posebno podložni infekcijama uzrokovanim čime?
2663,Koje godine je ime Porter prvi put upotrebljeno za tamno pivo?
2664,Kakav je položaj gimnastičara kada je u vazduhu?
2665,Koja fraza se koristi za opisivanje perioda koji je označen takmičenjem za postojeće zemlje?
2666,"Koji sistem podržava 59.94i, 60i, 23.976p, 24p, 29.97p, 30p, 59.94p, i 60p?"
2667,Šta je čin potajnog slušanja privatnog razgovora?
2668,Po kome su Japanci formirali svoje vojne snage?
2669,Koji žanr je uticao na ekstremni metal u 1980-im godinama?
2670,Kako se crnac prepoznaje u Južnoj Americi?
2671,Ko je osvajanjima započeo transformaciju Osmanskog sultanata u carstvo?
2672,U kom gradu se nalazi sedište italijanskog Instituta za tehnologiju?
2673,U kojoj godini se dogodio pad Konstantinopolja?
2674,Ko je bio Klod R. Kirk?
2675,Koji razredi u indijskim školama imaju opciju za učenje sanskrita?
2676,Šta se može dodati preskoku pre doskoka u naprednoj gimnastici?
2677,Koliko je vredeo ugovor o emitovanju NBC-a sa Premijer ligom 2015. godine?
2678,Kada je Jutjub zvanično uklonio funkciju odgovora?
2679,Kojoj grani Rimokatoličke crkve je Stepinčeva smrt dala novu slobodu?
2680,Ko je napisao  uvertiru Vilijam Tel?
2681,U kojoj bici je 1448. godine Murat drugi ostvario pobedu?
2682,Progon Jevreja u Španiji dogodio se posle kojeg okončanog događaja?
2683,Zašto je štokavska kultura bila najrasprostranjenija na zapadnom Balkanu?
2684,Kako se sunđeri obično hrane?
2685,Ko je bio prvi britanski igrač u Premijer ligi koji je dobio honorar za prelaz veći od 15 miliona funti?
2686,Kada uređaji sa „funkcionalnim” FajrVajer-om više nisu bile uključene u mandat FCC-a?
2687,Šta je ukazivalo na pravilan pravac i ugao spuštanja?
2688,Univerziteti koji obuhvataju nekoliko inženjerskih škola pružaju nastavne planove i programe iz prirodnih nauka i koje druge oblasti?
2689,Koji je problem u vezi sa prijavljivanjem bola specifičan za Azijate?
2690,Šta se dešava sa ugovorima uz pomoć korupcije?
2691,Tajms je koristio doprinose značajnih ličnosti da bi izgradio šta?
2692,Kako se nazivao arhitekta koji je služio bogatašima?
2693,U kojoj sezoni je Arsenal osvojio svoj prvi evropski trofej?
2694,"Koliki deo stanovništva Salvadora, Baija, je crnac ili mešane rase?"
2695,"Koji su nadimak dobili Piter Frejzer i Edvard Sterling, dva poznata novinara Tajmsa?"
2696,Koja je vrsta discipline antropologija?
2697,Koliko velški klubova je povećalo Premijer ligu u sezoni 2013./2014. godine?
2698,Šta ukazuje na to da je u poslednjih nekoliko miliona godina bio najveći biodiverzitet u istoriji?
2699,Kada je nastao modernizam?
2700,Kako se zvao album grupe Nirvana iz 1991. godine?
2701,Šta treba da se drži podalje od praznina u zakonu?
2702,Šta se kombinuje u evolucionoj fonologiji?
2703,Koji vladin odbor je istraživao Ruperta Merdoka i Tajms 2007. godine?
2704,Koliko neovlašćenih klipova je Viakom navodno pronašao na Jutjubu koji su kršili njegova autorske prava?
2705,Na čemu se temelji evoluciona antropologija?
2706,"Šta je, pored troškova kampanje, opalo nakon šta je Post prestao da se objavljuje?"
2707,Gde se nalazi RAF Briz Norton?
2708,Čije je poziv Tito odbio nakon Staljinove smrti?
2709,Koja nacija je postigla punu nezavisnost kao rezultat Rusko-turskog rata?
2710,Koju je zemlju vodio Kjel Eugenio Laugerud Garsia?
2711,"Pored preživljavanja, koju je ulogu emocija Darvin video kod ljudi?"
2712,Sa čime se često suočavaju igrači koji su isključeni u utakmici?
2713,Koji pol muzičara je istorijski činio veliki broj profesionalnih orkestara?
2714,Koji je najstariji arhitektonski plan koji je preživeo?
2715,Šta ima Florida ima kao najveću kolekciju?
2716,Šta je to što može promeniti namenjeno značenje poruke?
2717,Koja bolest može biti izazvana prekomernim konzumiranjem alkohola?
2718,Ko je 1876. godine zagovarao za konstrukciju diferencijalnih analizatora?
2719,Šta je rezultiralo evropskim istraživanjem Novog sveta?
2720,Čiji je edukacioni pristup uveden u Nemačkoj u 19. veku i koristi se u većini obdaništa?
2721,Šta je moguće učiniti pod pretpostavkom da je dobijen pristup internoj mreži upravljačkog sistema automobila?
2722,Kako nazivate vreme trajanja pene na vrhu piva usled karbonizacije?
2723,Ko je vlasnik zemljišta na kome se nalaze irske sveobuhvatne škole?
2724,Koja vrsta materijalizma definiše marksističku filozofiju?
2725,Ko odlučuje o tome koliko predstavnika Premijer lige ima za Evropsku asocijaciju klubova?
2726,Koja kraljica je osnovala Bansku akademiju?
2727,Kada se obično odvija srednja škola?
2728,Koji sultan je naredio grčkom naučniku da prevede Ptolemejevo delo?
2729,Koje dve grupe se smatraju za dva etnonima za jednu etničku pripadnost i termini se mogu čak koristiti naizmenično?
2730,Neki naučnici pokušavaju da unesu nove koncepte kojim bi obuhvatili dinamična svojstva čega?
2731,Koja je druga definicija termina dijalekt?
2732,Da li se Svonzi kvalifikovao za Ligu Evrope u sezoni 2012./2013. godine?
2733,Od kog je dijalekta potekao hindi?
2734,Kakav vid odeće nose doktori kako bi zaštitili okolinu?
2735,Koja je osnovna obuka humaniste?
2736,Iz kog jezika je izveden moderni standardni italijanski jezik?
2737,Gde se nalazi hotel Luks u Rusiji?
2738,"Koji je glavni razlog zašto bi regionalne romanske jezike Italije, zasnovane na latinskom jeziku, trebalo smatrati nezavisnim jezicima, a ne dijalektima jedni drugih?"
2739,Koji je bio hard rok stil  koji se pojavio početkom 1990-ih godina?
2740,U šta su prodrle zapadne korporacije?
2741,Šta bi dopustilo odsustvo neutralnosti mreže?
2742,Kada je prosvetljenje duhovne filozofije bilo osporavano?
2743,Ko može imati koristi od dvosmernih komunikacionih foruma?
2744,Ideja da se presuda ne može identifikovati sa emocijom je prigovor kojoj školi razmišljanja?
2745,Osmanljski umetnici su mešali kinesku umetnost sa kojom drugom umetnošću?
2746,Gde je živeo Pol Broka?
2747,Iz vremena dinastije Ming koji je grad bio glavni grad Kine?
2748,Šta se postiže tehnikom 3:2 Puldaun koja proizvodi ukupno vreme od 1/12 sekunde za dva kadra?
2749,Šta ukazuje na ivicu piste?
2750,"Ritmička gimnastika stavlja veći naglasak na estetiku, a na šta ne?"
2751,Koja kompanija je napravila pivo „Kraj istorije” 2010. godine?
2752,Šta je korišćeno kao konverzija između dve glavne brzine kadra/polja?
2753,Koje je bio prvi aerodrom koji je obavljalo redovne međunarodne komercijalne usluge?
2754,Odakle su se „Mauri” preselili?
2755,Na kom jeziku su napisani libanski zakoni?
2756,"Prema lingvističkoj većini, ko govori dijalektom?"
2757,Čega se mnogi ljudi boje da bi lečenje bola moglo izazvati?
2758,Ko je objavio Internet eksplorer pregledač?
2759,"Olduvan, Mosterijan i Levalluizan su svi tipovi čega?"
2760,Gde se nalazi dunavsko švapsko stanovništvo?
2761,"Pored ograničenja, šta još kontekst može učiniti redosledu fonološke alternacije?"
2762,Koje velike novine podržavaju Festival književnosti u Čeltnamu?
2763,Koja zajednica naroda je želela lično da uhvati Tita?
2764,Koje je podela antropologije koja se bavi siromaštvom?
2765,Koje ograničenja su sprečila široko usvajanje VDTV-e u 1990-im godinama?
2766,Šta se definiše kao poslednja faza jezika koja prethodi geografskom rascepu istorijskih slovenskih jezika?
2767,Sa kojim jezikom je libanski blisko povezan?
2768,"Kom članu porodice je 1817. godine štampar lista Tajms, Džejms Loson predao svoj posao?"
2769,Koliko učenika srednjih škola pohađa sveobuhvatne škole u Engleskoj?
2770,Gde su Sjedinjene Države podržale diktature 1970-ih godina?
2771,Kako se premijer liga obično naziva izvan Velike Britanije?
2772,Kojim drugim osobinama su emocionalne sklonosti slične?
2773,Ko iz Švajcarske bio uticajan u obrazovanju?
2774,Od koje godine većina televizora koji se prodaju imaju ATSC prijemnik?
2775,"Tokom kupovine Tajms-a 1981. godine, Džon Kolijer i Bil O'Nil su bili deo koje grupe koja je tri nedelje intenzivno pregovarala?"
2776,U kom periodu je počelo vjakarna?
2777,U kojoj deceniji je ispijanje rashladjenog svetlog piva postalo popularno?
2778,"Koja stvar, odnosno pojava je nestabilna, fleksibilna i apstraktna?"
2779,Čime može biti oslabljena sposobnost starije osobe da prepozna bol?
2780,Koje su dve široke kategorije sličnosti između zemalja koje imaju mediteransku klimu?
2781,Koje godine je kompanija Kron Holdings napravila limenku za pivo sa poklopcem koji se može skinuti?
2782,Koliki je bio Jutjubov procenjeni prihod 2008. godine?
2783,Ko je dobio zadatak da napravi rečnik prema Novosadskom dogovoru?
2784,Koja je procenjena težina ukupnog broja srodnih parova DNK baza  na Zemlji?
2785,Koja američka služba nadgleda svetski najveći administrativno-sudski sistem?
2786,Gde se glukoza i galaktoza apsorbuju?
2787,Koja reč označava korišćenje jedne vokalne samostalne melodije?
2788,Šta Tajms objavljuje u prvoj polovini svojih novina?
2789,Ko je podelio I2a2 na dve grane?
2790,Koliko Komjuniti šildu titula ima Arsenal?
2791,Koje su srednje temperature Floride krajem jula?
2792,Gde je radio Džefri V.A. Damer?
2793,Koliki je glikemijski indeks u maltozi?
2794,Da li IHDI meri „prosečni” ili „potencijalni” nivo ljudskog razvoja?
2795,Kako se u Istočnoj Evropi naziva institut za tehnologiju?
2796,Kada se koristi svršeni vid glagola?
2797,"Prema definiciji IASP, koji apsekt bola je njegov suštinski deo?"
2798,Koji procenat korisnika pametnih telefona koristi Jutjub aplikaciju?
2799,U čemu su gajde igrale važnu ulogu?
2800,Kako se zvala teorija koju su Lange i Džejms razvili nezavisno?
2801,Šta vibriranje patrljka ekstremiteta može prouzrokovati kod nekih pacijenata?
2802,Koji tim je dobio odobrenje Premijer lige da se preseli u Dablin?
2803,Kada je počeo raskol Istoka i Zapada?
2804,Od kojeg Durkhajmovog dela je bila izvedena teorija rituala interakcije?
2805,"Ako se rangiranje neke zemlje ne promeni, koji pokazatelj će biti prisutan?"
2806,Na koji položaj je Tita 1941. godine postavio Centralni komitet?
2807,Ko je pogrešno zaslužan za uklanjanje sajtova sa kritikama Sajentologije iz Internet arhive?
2808,Šta se koristi u transliteraciji za računarske sisteme?
2809,Gde se u Indiji još uvek govori sanskrit?
2810,Koje godine je uspostavljen makedonski književni standard?
2811,Koje godine je osnovana pivarska kompanija SABMiler?
2812,Koji tip stvorenja je kratko spojio relej  računara Grejs Hopera?
2813,Kada je Tito uveo sistem samoupravljanja koji je razlikovao Jugoslaviju od drugih socijalističkih zemalja?
2814,"Kada je ""Rambl"" objavljen?"
2815,Šta NSA naziva prisluškivanje zatvorenog sistema putem slabih elektromagnetnih prenosa koje generiše hardver?
2816,"Šta, generalno, politička korupcija smanjuje u zakonodavstvu?"
2817,Gde su pronađene mnoge sanskritske reči?
2818,Ko je zaključio da je srpskohrvatski jezik policentrični jezik?
2819,Šta su „snežne ptice”?
2820,Kako se naziva pristup analizi morfofonema?
2821,Prema čemu mnogi naučnici pokazuju tendenciju?
2822,Koji aerodrom ima tramvaj koji odvozi ljude kroz holove i preuzima prtljag?
2823,Šta je JPPP?
2824,Koju vrstu memorije CPJ može samo da čita?
2825,"Kada je Jutjub pokrenuo verziju ""Šous"" za UK?"
2826,Koji procenat razlike postoji između genetskog materijala ljudi i genetskog materijala šimpanze?
2827,Od koje grane lingvistike se razlikuje fonologija?
2828,Kojoj političkoj partiji je Tajms dao podršku na opštim izborima 2001. godine?
2829,Koju kompresiju je koristila prva evropska VDTV emisija?
2830,Šta je primer 4G jezika?
2831,Gde su migrilali neki Sloveni sa kretanjem Vandala?
2832,Koji tip instrumenta se povremeno pojavljuje u stilovima klasične muzike 20. i 21. veka?
2833,Koje su dve od Dik Dejlovih poznatijih pesama?
2834,Šta je Kordijent tražio da sud deaktivira na veb-stranici Nebjula?
2835,Sa kojim istaknutim državnim zvaničnikom se Tajms udružio 1930-ih godina a koji je sprovodio politiku nemačkog pomirenja?
2836,Da li se gornji kvartil HDI smatra „visokim” ili „veoma visokim” ljudskim razvojem?
2837,Šta znači UCOL?
2838,Koliko je Premijer liga zaradila od prodaje svojih međunarodnih prava za vreme od 2004. godine do 2007. godine?
2839,Koji je primer jezika koji nije ograničen svojstvima ljudskog jezika?
2840,Šta je jedna digitalna mreža kroz koju se digitalni tok može prenositi??
2841,Kada je uveden sistem pristupa pod nagibom?
2842,Koja je bila jedna od prvih velikih pobeda Arsenala?
2843,Ko je bila Titova najpoznatija supruga?
2844,Koje pismo se razvilo iz pisma gupta?
2845,Koga su Mehmed i Bajazit ohrabrivali da dođe u Istanbul?
2846,Od čega zavisi oblik činova uključenih u komunikaciju?
2847,U kom delu veb-stranice se nalaze pravila mašine za pretragu prošlih verzija u vezi sa uklanjanjem sadržaja?
2848,Koji pristup uzima osećaj sebe i pripadnosti kao nešto fiksirano?
2849,Koje hemikalije mogu da imaju uticaja na emocije?
2850,Šta je sprečilo francuski sistem sa 819 linija da postigne definiciju za koju je bio sposoban?
2851,Koja je bila glavna korist od prelaska na HTML5?
2852,Kako se zvao AT&T-a video-fonski uređaj ?
2853,Kada su nemačke snage započele invaziju na Jugoslaviju?
2854,Kada su se ljudska prava Aboridžana počela poboljšavati?
2855,Gde su upućeni klikovi namenjeni za stranicu najvišeg nivoa?
2856,Kako se mogu kvalifikovati svi uređaji koji mogu da obrađuju informacije?
2857,Čiji je predlog podstakao razvoj teorije perifernih obrasca?
2858,Šta znači preto?
2859,Kako su evropski kolonisti koristili izraz „crnac”?
2860,Koja je kriza 1979. godine dovela do gotovo potpune propasti Tajmsa?
2861,"Pod kojim vladarom, istoričari dokazuju da su ljudska prava bila potisnuta u Jugoslaviji?"
2862,Koja vrsta instrumenata se proširila?
2863,Šta je uragan Endrju izazvao da se uradi na Floridi?
2864,Ko je jedini koji ima ovlašćenje da prekine igru kada nešto nije u redu?
2865,Šta kolo predstavlja kada je u pozitivnom logičkom prikazu „0”?
2866,Sa kim su Sloveni imali kontakt u Ukrajini?
2867,Kako je Japan postao svetska sila tokom Meidži perioda?
2868,Koja nemačka država ima najveći odnos univerziteta za tehnologiju u odnosu na standardne univerzitete?
2869,Koja karipska država se nalazi u gornjem kvartilu HDI-a (ali joj nedostaje IHDI)?
2870,Koja je ranija tehnologija korišćena za povezivanje na internet?
2871,Kako je Sanskrit ograničen u svojoj funkciji prema idejama?
2872,Kada je bilo klasično doba?
2873,Šta je premostilo srednji vek i modernu eru?
2874,Koje metode i teorije koriste kognitivni antropolozi da bi objasnili kulturnu inovaciju?
2875,Koje godine je  Hrvatska primljena u Evropsku uniju?
2876,Kako se naziva praksa pevanja isključivo po partituri u operi?
2877,U kojoj godini su države Marata izgublle od Britanske istočne kompanije?
2878,Šta aerodromi koriste da obezbede nesmetan protok saobraćaja između odlazećih i dolazećih aviona?
2879,Kada je Arsenal usvojio gostujuće boje ili žute majce i plave šorceve?
2880,Kako se zove kotao u kome se kuva slast sladovine nakon prskanja?
2881,Ko je na Univerzitetu u Mančesteru nadgledao stvaranje računara koji koristi tranzistore umesto ventila?
2882,Kada je Broka objavio svoj pionirski rad?
2883,U kojim oblicima se može organizovti DIU?
2884,Koje godine je Džon Čarls Tring smislio pravila koja su bila uticajna?
2885,U kom trenutku se kadija manje fokusirao na presedan?
2886,Da li Fudbalska asocijacija odlučuje o upravljanju Premijer ligom?
2887,Za efikasnost koje vrste medicine postoje preliminarni dokazi?
2888,Koje životinje nisu bile ranjive za mungose?
2889,Koji tip računara Grejs Hopera je na kratko prekinuo moljac?
2890,Gde je osnovana FIG?
2891,Šta neke teorije smatraju da je važan deo emocije?
2892,Gde je prikazan prvi sistem HD za video-konferencije?
2893,U kojoj zemlji se nalaze planine Zargos?
2894,U kom veku je Velika depresija najgora ekonomska kriza?
2895,Koji levičarski britanski istoričar je bio pomoćnik urednika lista Tajms između 1941. i 1946. godine?
2896,Šta su sve istraživali kineski trgovci tokom rane dinastije Ming?
2897,U kojoj godini je prvi put objavljen dnevni list Sudharma?
2898,Koje novo pravilo je sprovedeno u praksi tokom sezone 2010./2011. godine?
2899,Kolika je bila prosečna posećenost svih klubova Premijer lige tokom sezone 2009./2010. godine?
2900,U kom periodu je bila era paleozoika ?
2901,Koliko ukupno vreme za dva kadra daje tehnika 3:2 Puldaun?
2902,U kojoj američkoj državi je seosko područje koristilo video- konferencije da bi pomoglo u smanjenju broj premeštaja bolesnih beba u bolnice?
2903,Na šta može uticati pritisak vršnjaka?
2904,Ko je nasledio U Nua u Burmi?
2905,Koji je nadimak Floride?
2906,Koje je drugo ime za pljosnate crve?
2907,"Ka čemu vlada ima tendenciju kada, čak i ako je dobra žetva, sigurnost hrane može biti sputavana?"
2908,Koja vlada dodeljuje orden Legije časti i Nacionalni orden za zasluge?
2909,Šta nije postojalo tokom celog perioda klasične muzike?
2910,Kako se naziva vrsta odnosa prodaje uticaja koja uključuje i treće strane?
2911,U šta se pretvaraju skrobovi postupkom gnječenja tokom pravljenja piva?
2912,U kom stanju se shvatanje sebe u prošlosti odnosi na različite istaknute iskustvene markere?
2913,Kada je bila moderna era?
2914,Koji ukus bi mogao značajno uticati na želju muškarca da pije?
2915,Zašto parazitske vrste polažu jaja na svoj plen?
2916,Koga ugrožavaju Gesamšule škole?
2917,Na koji stadion je FK Arsenal prešao 2006. godine?
2918,Šta je Balta limanski sporazum učinio za osmanska tržišta?
2919,Šta su Francuzi nazvali evolucionizam?
2920,Koja institucija je trebalo da donese stabilnost?
2921,Kako je poznat računar koji je napravljen pomoću bilijarskih lopti?
2922,Imunologija proučava funkcionisanje imunološkog sistema u kojim dvama stanjima?
2923,Koje zemlje je Ajzenhauer bio predsednik?
2924,Koji deo gliste pomaže u bućkanju i mešanju prljavštine i hrane?
2925,Koliko puta su timovi Premijer lige osvojili UEFA Ligu šampiona od 1992. godine do 2013. godine?
2926,Koji tip bola izazivaju opekotine prvog stepena?
2927,Koji sovjetski premijer je priznao Tita?
2928,Ko je objavio Manifest o kiborgu?
2929,Koja su druga imena za genetsko zagađenje?
2930,Koja zemlja je razvila sistem linija 441?
2931,Koliko različitih vrsta jezičkih pojava se koristi za opisivanje termina dijalekt?
2932,Ko je Reskejtor?
2933,Koji je sanskritski književni jezik bio pod uticajem srednjih indoarijskih jezika?
2934,Kod kog se Y Haplogrupa N nalaze u visokoj stopi?
2935,Šta čini najveći deo divanske poezije?
2936,Sa kojim četničkim vođom je Tito razgovarao?
2937,U kojoj godini je Egipat je dodat Osmanskom carstvu?
2938,U kojoj industriji su video-konferencije postale korisne?
2939,Koje nove oblasti imunolozi proučavaju sve češće?
2940,U kom periodu je vladao Petar prvi?
2941,Koja grupa je odlučila da zadrži „Afrikanac” u svom imenu?
2942,Zašto se žene kompozitori smatrane nevažnim?
2943,Šta su se Rusi nadali da će pronaći u Tihom okeanu?
2944,Koje ograničenja imaju W-VHS snimanja?
2945,Do kada se može pratiti sadašnji oblik sanskrita?
2946,Na šta se Džon Polkinghorn oslanja umesto na veru kada je u pitanju teorija materijalizma?
2947,U kojoj godini je izmišljen računar Atanasofv-Beri?
2948,Koji grana proučavanja jezika podrazumeva pokušaj da se utvrde osnovne foneme?
2949,Od koje grčke reči proizilazi gimnastika?
2950,Koji ljudi su prvobitno bili u Divanu?
2951,Koje su neke oblasti znanja o životinjskom svetu koje su bile revolucionalne u 21. veku?
2952,Ko je imao dozvolu da nosi ogrtače od perja i palaoa u starom havajskom društvu?
2953,Kako se zove program koji konvertuju asemblerski jezik u mašinski jezik?
2954,Šta je postalo uobičajeno tokom barokne epohe?
2955,Za šta se Evropa takmičila?
2956,"Koje godine je prvobitno osnovan  list ""Dejli Univerzal Registar""?"
2957,Koji jezik su Ljudevit Gaj i Vuk Karadžić više voleli?
2958,Koja vrsta vode je najbolja za pravljenje svetlog piva?
2959,Zašto se komunikacioni stručnjaci obično specijalizuju samo u jednoj ili dve oblasti komunikacije?
2960,Koje godine su počele dnevne emisije vesti na sanskritu na državnom radiju All India Radio?
2961,Ko je postao govornik baltoslovenskog jezika?
2962,Kakve reči može dati zamena alofona?
2963,Koliki je tipičan sadržaj alkohola u svetlom pivu?
2964,Medicinski centar Langone je deo kog univerziteta?
2965,Na kom je pismu najraniji sanskritski natpis?
2966,Kako se UNFPA prvobitno nazivao?
2967,Čemu je doprinela povećana komunikacija?
2968,Koji tipovi novih vrsta mogu biti uneseni?
2969,Koji je termin nastao 1930-ih godina da bi se odvoji srednji vek od 1800-ih godina?
2970,Kom sporazumu je Trojna antanta poslužila kao protivteža?
2971,Koja kompanija plaća Fajerfoksu da njihov pretraživač postavi za  podrazumevani u svom pregledaču?
2972,Koja karipska nacija se nalazi u gornjem kvartilu HDI-a (ali nema IHDI)?
2973,"Ko prepoznaje korisnost muzike, folklora i jezika?"
2974,Bugarska je bila ključna za širenje čega u ostatak slovenskog sveta?
2975,Kada je tužba Suzane Šel protiv Internet arhive završena?
2976,Gde su bile postavljene prve orgulje?
2977,Čija fonetska sličnost izaziva neslaganje među lingvistima?
2978,Koje godine je predstavljena Opera?
2979,Ostatak kog mora iz eocena je Sredozemno more?
2980,Koji neevropski donator je bio najvažniji za UNFPA 2008. godine?
2981,Kada je izmišljena mašina za predviđanje plime i oseke koju je izmislio gospodin Vilijam Tomson?
2982,Koja je jedna zemlja u kojoj neprofitne organizacije pokušavaju da nadoknade gubitak američkog finansiranja UNFPA?
2983,Kako se zove veliki superkontinent koji se odvojio pre 750 miliona godina?
2984,Šta je drastično promenilo svetsku imovinu?
2985,Koje tehnologije su deo DBPI-a?
2986,Koliko vrsta živi danas na Zemlji?
2987,Šta je Luj četrnaesti verovao o modernom čoveku?
2988,Kako se zove format koji ima dimenzije od 4096×3072 piksela?
2989,Zašto je važno imati visok rang u oblasti poštene igre?
2990,Šta je prostorna veza omogućila drevnim egipatskim civilizacijama?
2991,Zašto starija osoba možda neće prijaviti bol – zbog straha da će im biti prepisano šta?
2992,"Koji ogranak jugoslovenske vlade bi zadržao kontrolu nad spoljnim poslovima, odbranom i unutrašnjom bezbednošću?"
2993,Kada se dogodio fudbalski rat?
2994,Koliko je bilo stanovnika Osmanskog carstva početkom 17. veka?
2995,Kako se nazivao AC/DC-jev dvostruki LP iz 1995. godine?
2996,Za šta će se kvalifikovati petoplasirani tim Premijer lige?
2997,Gde se nalazi najveći spomenik Titu?
2998,Gde je rođen Napoleon Bonaparta?
2999,Kada su izmišljeni parobrod i telegraf?
3000,Ko je odbacio sisteme poput MUSE-a kao novi standard za Sjedinjene Države?
3001,Kada je počela druga Jugoslavija?
3002,"Osim u slučaju osteomalacije, za šta ne postoje dokazi o vezi sa bolom?"
3003,Koja emocija je suprotna iščekivanju u Plučikovoj teoriji?
3004,Kako se ukupno boduju gimnastičari?
3005,Koje vrste usluga su ponekad otvorene za putnike koji su članovi programa za redovne putnike druge avio-kompanija?
3006,Kada su Prins i Smolenski razvili svoju teoriju?
3007,Koji tip antropologije se bavi proučavanjem fotografije i filma?
3008,U čemu korupcija stvara slabo pružanje usluga?
3009,Ko je bio sporan među onima koji su izvedeni pred sud zbog nacističke saradnje?
3010,Odeća kog pola je često praktičnija?
3011,Ko je istraživao uključivanje IE pregledača uz Vindous OS?
3012,"Šta su Skarantino i Grifits verovali da bi situaciona perspektiva mogla pomoći da se objasni, pored emocija beba i životinja?"
3013,Od koga je medijski magnat 1980-ih kupio Tajms?
3014,Koji su neki švedski bendovi koji su pokušali da ožive sliz metal?
3015,Kada je Javna bezbednost Kanade predstavila kanadsku strategiju za sajber bezbednosti?
3016,Klasična muzika može dostići visok nivo čega?
3017,Koji trener Arsenala je zamenio Mija?
3018,Ko je izvestio kako su Aboridžini bili tretirani?
3019,Koji realistički roman je napisao Ahmet Mithat Efendi 1881. godine?
3020,Koji je engleski prevod za „Galeb”?
3021,"Uz standardni evropski, iz kog koncepta je izveden interlingva?"
3022,Koji događaj je pratila restauracije Burbona?
3023,Pod čijim je snažnim uticajem bila sociokulturna antropologija?
3024,Na kom ostrvu se nalazila Vaiarapa Politehnika  pre nego što se spojila sa UCOL-om?
3025,Ko je bio zvaničnik koji je optužio UNFPA?
3026,Kako izgleda razlika između javne i privatne korupcije?
3027,"Koliko kvadratnih stopa je 2,5 kvadratnih metara?"
3028,Koji kompozitor je u svojim filmovima prikazivao sanskritsku muziku?
3029,Koje godine je u Sjedinjenim Državama počele emitovanje u boji?
3030,Šta je platforma Ekostar?
3031,Gde su bili „crni” regioni?
3032,Kada dokazi pokazuju da je proizvedeno najranije poznato pivo od ječma?
3033,Ko je bio bubnjar grupe Hu?
3034,Tokom kog događaja je ukinut legalizam?
3035,Kako se zvao rat koji se vodio od 1683. godine do 1687. godine?
3036,Čime je opovrgnut „peti element”?
3037,Odakle potiče reč životinja?
3038,Sa kojim jezicima je praslovenski razvio brojne leksičke i morfofonološke izoglose?
3039,"Počevši od sezone 2013./2014. godine, padobranska plaćanja premašuju koji iznos prihoda?"
3040,Kakvoj fonemi su zvuci koji sada pripadaju dvama fonemama pripadali u prošlosti?
3041,Kako biste nazvali mikropivaru koja takođe ima restoran ili pab?
3042,Koji termin od dve reči Škotska koristi da opiše svoje tehnološke univerzitete?
3043,Ko se osećao progonjenim zbog aparthejda?
3044,Navedite drugu vrstu komponente adaptivnog imunog sistema ?
3045,Na koliko stavova se  obično dele simfonije napisane u klasičnom periodu ?
3046,Vizuelne reprezentacije kojih kultura su uključene u vizuelnu antropologiju?
3047,Šta se može objasniti povratnom spregom između raznolikosti i složenosti strukture zajednice?
3048,"Koje zemlje imaju veliki javni sektor, ali nisku korupciju?"
3049,Koji kralj je umro 1833. godine?
3050,Od čega je Gupta izveden?
3051,Kako su se među Rimljanima zvali svi slovenski narodni govori?
3052,Na šta se odnosi račun u Plodnom polumesecu?
3053,Šta su nuspojave uvođenja i invazije?
3054,Šta je glavni izvor skroba u većini piva?
3055,Šta je cefalna faza?
3056,Koliko generacija evropskih predaka ima Sandra Laing?
3057,"Koje tri lekseme potiču od praindoevropskog korena *lew- (""o kome se govori, slava"")?"
3058,Koliko je horova izvodilo Osmu simfoniju Gustava Malera iz 1906. godine?
3059,Organizmi iz grupe Artropoda imaju tela koja su podeljena na šta?
3060,Koje godine je osnovan aerodrom Koledž Park?
3061,Kada je Tito prvi put posetio cara Hajla Selasija?
3062,Koje godine je prvi put prodat turistički časopis Tajmsa?
3063,Ko se smatra najkompetentnijim srpskim naučnikom za jezik?
3064,Ko je bio student Jana Boduena De Kurtnea?
3065,Šta je trpeo Sovjetski Savez od 1980-ih godina?
3066,Koju vrstu religioznog obrazovanja je Tito pohađao kao dete?
3067,Kako se naziva pružanje državne usluge od strane najnižeg oblika lokalne vlasti koja može adekvatno da pruža uslugu?
3068,Kako je varanje korisnika postignutu u klikdžekingu?
3069,Ko je viđen kao oslobodilac Jugoslavije?
3070,"Jezik, odeća, ponašanje i izbor prostora zavise od prepoznavanja od strane koje grupe?"
3071,Ko je identifikovao igle iz perioda 30.000 godina p. n. e.?
3072,U šta su se spojile srednje moderne škole i gimnazije?
3073,Zašto je vaškama potrebna  ljudska odeća?
3074,Gde je bila sastavljena privremena vlada Demokratske Federativne Jugoslavije?
3075,Koja vrsta filozofije nestaje posle 1400. godine?
3076,Ko je otvoreno podržavao komunističku stranu u grčkom građanskom ratu?
3077,Koji je drugi naziv za majstora zidara?
3078,Šta sanskrit ne može da izrazi?
3079,Ko je napravio originalne gravure Los Kaprichos?
3080,U kom veku su se dogodile nacionalističke revolucije?
3081,Na koja dva načina gimnastičar sjaše?
3082,Koja su tri problema imunološkog sistema koje proučava klinička imunologija?
3083,Panslavizam je postao kompromitovan kada je koje carstvo počelo da ga koristi kao ideologiju za opravdavanje svojih teritorijalnih osvajanja?
3084,Sa čime se identifikuju mnoge dugogodišnje bele  floridske porodice?
3085,Koje godine je počeo da izlazi list Tajms of India?
3086,Koji je jedan način na koji se ćelijske strukture imunog sistema smeštaju u telu?
3087,Ko je bio sekretar FA 1871. godine?
3088,Koja je jedna od osnovnih metoda socijalne antropologije?
3089,Koliko dugo je Sovjetski Savez zadržao hegemonističku ulogu?
3090,Koja je jedna vrsta tehnologije koja se koristi za povezivanje sa internetom?
3091,Gde je rana antropologija nastala?
3092,Koja je knjiga prvi put sadržala izraz biološka raznolikost?
3093,Koliko vrsta biljaka je blizu izumiranja?
3094,Na šta je bilo usredsređeno doba prosvetiteljstva?
3095,Šta je sa sedištem u Daitoni?
3096,U kom tipu mora je nastala tipična geologija proterozoika?
3097,Šta znači MYS?
3098,Šta bude poboljšano kod mnogih pacijenata kada bol popusti?
3099,Šta neki autori tvrde da je antropologija razvila kao proučavanje?
3100,Koja društveno-ekonomska klasa je koristila firentinsko-toskanski jezik u Dantevo vreme?
3101,Kako se u kompjuterskim terminima nazivaju milijarde instrukcija u sekundi?
3102,Ko je položio zakletvu kao drugi privremeni predsednik Kine?
3103,Kakav je uticaj na ljudska naselja imao rastući ekonomski razvoj?
3104,Nakon koje godine starija verzija mašine za pretragu prošlih verzija nije imala mnogo novih podataka?
3105,Za šta Evropa ima veliko tržište?
3106,Koje godine je umro Josip Broz Tito?
3107,Iz kojeg regiona Italije potiče firentinsko-toskanski?
3108,Koji je još važan aspekt koji utiče na linearni i ugaoni zamah?
3109,Kako se zove modifikovani član porodice roga koji se pojavljuje u nekoliko Štrausovih dela?
3110,Na koji format ekrana se Jutjub promenio sa 4:3?
3111,Koja je praksa koja uključuje kontrolu fizičkog pristupa hardveru?
3112,Koje doba uključuje period brzog rasta?
3113,Koje polje proučava odnos između emocije i učenja?
3114,Koji deo se nalazi na kraju glavnog izdanja lista Tajms?
3115,Od čega još javna potrošnja ima rizike pored mita i pronevere?
3116,Šta moraju da rade dizajneri sistema koji su zasnovani na LKP-a?
3117,Koja liga je imala drugi najviši broj pobeda u Ligi šampiona između 1992. i 2013. godine?
3118,Koja je jedna vrsta MCU-a premošćenja?
3119,Šta obrazovanje povećava kod učenika?
3120,"Ko je napisao ""Pulcinellu""?"
3121,Ko je razvio Transformator 1958. godine?
3122,Gde radi doktor Karlos Mur?
3123,Koja je raznovrsnost alela unutar jedne vrste?
3124,Ko je osnovao Berg-Školu?
3125,Šta je izazvalo kraj vladavine britanske istočnoindijske kompanije?
3126,Šta se desilo sa reformatorima u dinastiji Ćing?
3127,Šta je bilo viktorijansko doba Ujedinjenog Kraljevstva?
3128,Šta omogućava organizmu da razlikuje između sebe i drugog?
3129,Koju američku državu je Tito posetio kada je video UN?
3130,Koji tip rute prate podaci?
3131,Koje oblasti znanja su bile predmet mnogih rasprava tokom renesanse?
3132,Koliko osnovnih škola je postojalo za hrišćane u Osmanskom carstvu 1861. godine?
3133,Ko je saglasan sa odnosom prikaza 16:9?
3134,Šta je medijska industrija omogućila sredinom veka?
3135,Bez upotrebe čega može da se prikazuje VD sadržaj na televizorima spremnim za kablovsku?
3136,Koji procenat ljudi koji su imali amputaciju donjih ekstremiteta doživaljava fantomski bol?
3137,Šta znači POTS?
3138,Koji procenat Floride je bio belac/ne-Hispanac od 2010. godine?
3139,Individualna kognicija i kolektivno ponašanje su nivoi čega?
3140,Koliko je ljudi povećalo Britansko carstvo do 1922. godine?
3141,Iz kog jezika je izveden veliki deo tagaloga?
3142,U kom pogledu neko može „glumiti belca”?
3143,Za šta su prvobitno korišćeni analogni računari?
3144,Koji okean se smanjio po veličini sa kretanjem Baltike u ordovicijumu?
3145,Koje sportske aktivnosti se objavljuju u Tajmsu  ponedeljkom?
3146,Šta se povećalo u poslednjih tri decenije 19. veka?
3147,Šta je transformisalo poslovno funkcionisanje 1890. godine?
3148,Kako nazivaju Titov oblik komunizma ?
3149,Koja vrsta životinja pokazuje logistički obrazac rasta?
3150,Kada je jednak temperament postao prihvaćen kao dominantan muzički temperament?
3151,Koliko vrsta biljaka sadrži brazilska atlantska šuma?
3152,Ko je postao prvi vođa koji se suprotstavio Staljinovom vođstvu?
3153,Kako se zove roman koji je napisao Ibn Tufail?
3154,"Koncert, simfonija, sonata i opera su primeri koje vrste muzičkih oblika?"
3155,Koja je to zona čekanja koja omogućava putnicima pristup avionu?
3156,Kolika je učestalost haplogrupe R1a u Ukrajini?
3157,Primeri čega su digitalna kablovska televizija i Roku?
3158,Do čega dovodi viša faza leta?
3159,Koja je bila glavna vojna snaga Boljševika?
3160,Kada je rusko stanovništvo bilo procenjeno na oko 90 miliona manje nego što bi moglo biti?
3161,Kako se naziva period od 1750. do 1820. godine?
3162,Koji gen je odgovoran za kodiranje natrijumskog kanala neophodnog za sprovođenje stimulusa bola nervima?
3163,Koja reč znači isto što i „institut za tehnologiju”?
3164,Šta je Jutjub planirao da uradi izdavačima sa kojima nije postigao sporazum?
3165,Koliko hiljada godina nazad se odeća može nositi?
3166,Koji antisemitski dokument je razotkrio dopisnik Tajmsa iz Carigrada kao falsifikat?
3167,Na šta je Evropa bila podeljena posle Drugog svetskog rata?
3168,Kada je Nju Orleans izabrao svog prvog gradonačelnika crnca?
3169,Koja je razlika između razvijenih i manje razvijenih zemalja?
3170,Ko tvrdi da će odgovoriti na direktne kontakte koji zahtevaju uklanjanje materijala iz Arhive?
3171,Kada su evropske zemlje ustanovile kolonije u Africi?
3172,Koja religija preovlađuje kod Zapadnih i zapadnih Južnih Slovena?
3173,Šta se dogodilo sa razlikom u prihodima između bogatih i siromašnih?
3174,Ko je istraživao kolektivnu prodaju prava Premijer lige 1999. godine?
3175,Koji periodi su prikazani na grbu godišnjice Arsenala?
3176,Koja je permutacija kada se osoba posveti izboru identiteta?
3177,Koji vremenski period se odnosi na kasno prosvetiteljstvo?
3178,Kako se zvao dopisnik Tajmsa iz Carigrada koji je razotkrio antisemitski dokument kao falsifikat?
3179,Šta Jutjub ne radi sa video snimcima pre nego što se oni objave?
3180,Kada je odluka IFAB o fiksnoj veličini tereta postala sprovedena?
3181,"U dečijoj TV emisiji, Vombli, koji lik traži od drugih da mu donesu bilo koji primerak Tajmsa koji pronađu među otpadom?"
3182,Koji trofej je Arsenal osvojio bez izgubljene utakmice u sezoni od 2003./2004. godine ?
3183,Kako se naziva drevna sanskritska gramatika?
3184,"Kada pregledač uključuje puno dodatnih kompomenti, on se može nazvati kako?"
3185,Koji od timova „Velike četvorke” je bez izgubljene utakmice u sezoni 2003./2004. godine?
3186,Kada je otkriven mehanizam Antikitere?
3187,U kom slovenačkom gradu se nalazi Titov trg?
3188,U kojoj godini je e-učenje skočilo 14 puta više od tradicionalnog učenja?
3189,Koja životinja predstavlja najstariji životinski tip?
3190,Koja reč je rezultat engleskog obeležja imena Osman prvi?
3191,Šta je bila glavna prepreka za proširenje Osmanskog carstva na italijansko poluostrvo?
3192,Kada je Rudolf Virhov osnovao Berlinsko društvo za antropologiju?
3193,Koliko vremena je Sputnjiku 1 trebalo da obiđe oko Zemlje?
3194,"Šta je nepotrebno komplikovana reč koja znači ""konceptualna""?"
3195,Koje godine je formiran Fudbalski savez?
3196,Šta se podrazumeva pod neformalnim učenjem?
3197,Na šta se odnosi period Edo?
3198,Na kojoj temperaturi se čuva pivo u bačvama pre nego što se posluži?
3199,Koji urednik je skoro uništio Tajms 1890.?
3200,Sa kojim ciljem su Rębała i kolege su 2007. godine proučavali nekoliko slovenskih populacija?
3201,Šta u znakovnim jezicima nisu instance zvukova govora?
3202,Šta znači CAF?
3203,Protiv koga su se ujedinili Francuska i Osmansko carstvo?
3204,Kakav tip faktora koji utiču na intenzitet bola su uzbuđenje i rasejanost?
3205,Šta može uništiti usev pšenice?
3206,Kome je u starom Rimu bilo dopušteno da nosi odeću obojenu tirskom ljubičastom?
3207,Šta je muzika postala tokom epohe baroka u poređenju sa ranijim periodima?
3208,Šta je Dekart mislio da je bol?
3209,Gde je bio izgrađen prvi rudnik „kamene nafte”?
3210,"U primenjenoj antropologiji uključeno je učešće istraživača, kao i aktivizam u kojim zajednicama?"
3211,Koliko Liga šampiona je osvojio Arsenal tridesetih godina prošlog veka?
3212,Odakle dolaze informacije uskladištene na mašini za pretragu prošlih verzija?
3213,Šta je zlonamerni kod koji zahteva vreme procesora i širi se na druge računare?
3214,"Zašto je, prema rečima Dejvida H. Prajsa, nekoliko antropologa otpušteno sa posla?"
3215,Koji tip perifernog uređaja su hard diskovi?
3216,Ko je imao močvare i šume za svoje gradove?
3217,"Koja osoba je preuzela imena „Rudi”, „Valter” i „Tito”?"
3218,Za šta se mogu koristiti ugrađeni mikrofoni u automobilima sa ugrađenim funkcijama prepoznavanja glasa?
3219,Kroz šta je izražen osećaj vrednosti naroda u premodernom dobu?
3220,Do kog veka je Osmansko carstvo imalo najrazvijene ekonomske organizacije među islamskim vladama?
3221,Kako se smatraju mendžeri i pomoćno osoblje i zato im se ne može pokazati karton?
3222,Kako pacijenti sa rakom obično kontrolišu pozadinski bol?
3223,Kada su Volas i Darvin otkrili teoriju evolucije?
3224,Ko je bio bubnjar Gans en' rouziz-a koji je bio otpušten od strane benda?
3225,"Ko je producirao ""Šta je opera, doktore?"""
3226,Koliko podataka je Jutjub morao da preda Viakomu kao rezultat tužbe?
3227,Kako se zvao Lafboro Univerzitet od 1966. godine do 1996. godine?
3228,Kome se prepušta tumačenje pisane partiture?
3229,Ko je napisao rad „O izračunljivim brojevima”?
3230,Kada se Arsenal pridružio fudbalskoj ligi?
3231,Za šta neki smatraju da je sistem IASP-a neadekvatan?
3232,Kako se naziva stav koji se dalje razdvaja?
3233,Koja je druga upotreba VoIP-a?
3234,Šta su šifrovanje diska i modul pouzdane platforme dizajnirani da spreče?
3235,Kada je Kaplan komentarisao status sajtova koji nisu deo Otvorenog direktorijuma?
3236,Koju emociju iskorišćavaju političke kampanje u vezi sa terorizmom?
3237,Šta je bila glavna briga za zapadnu civilizaciju tokom 21. veka?
3238,Koliko je VD sposobnih televizora prodato u Evropi prema istraživanju tržišta Satelitskog monitora iz 2010. godine?
3239,Koji je bio jedan od problema sa postavljanjem jedinstvenog VDTV standarda?
3240,Koja poznata izvođačica koristi sanskritske pesme u svojoj muzici?
3241,Gde hrana ulazi posle jednjaka?
3242,"Koje dve vrste škola su razvijene za starije od 16. godina, kao odgovor na troškove obrazovanja u sveobuhvatnim školama?"
3243,Kako se delimično može razumeti pedagoška psihologija?
3244,Koji je bio najveći uticaj sa zapada na osmansku književnost?
3245,Kada se desio Špansko-američki rat?
3246,Šta deli Floridu na dve klime?
3247,"Šta ne može da se preduzme u službi obezbeđenja, u imigracionom/carini ili u povratu prtljaga?"
3248,U okviru koje teme se proučavaju naglašavanje i intonacija?
3249,Šta je okarakterisalo Napoleonovo doba?
3250,Ko je bio gitarista Dip perpla?
3251,Koji su neki primeri alternativnih škola?
3252,Od koje do koje godine je živeo Artur Šopenhauer?
3253,Koje su tri naziva za skup društvenih uloga osobe?
3254,Gde je bilo centralizovano carstvo Marata?
3255,Koje je novo ime Instituta Severnog Melburna TAFE?
3256,Koji fizički kvaliteti su potrebni za AGG?
3257,Kada je doveden Tito u Rusiju kao ratni zarobljenik?
3258,Koliko državnih instituta za tehnologiju postoji u Indiji?
3259,Gde su u Africi Portugalci imali kontrolu?
3260,Šta je intelektualni rezultat antropologije?
3261,"Ko je, govoreći u ime evropskih demokratija, takođe branio UNFPA?"
3262,Koji tip perifernog uređaja je štampač?
3263,Kako se zvao još jedan događaj poput krstaških ratova koji se dogodio na Pirinejskom poluostrvu?
3264,Koja je komponenta emocije koja je ispunjava energijom?
3265,Za koji procenat je porastao svetski bruto domaći proizvod po glavi stanovnika u 20. veku?
3266,Šta je renesansni humanizam naglašavao?
3267,Koje godine je ženski turnir dodat na Letnje Olimpijske igre?
3268,Kako se zove Norijega?
3269,Koji je bio argument za razdvajanje FA Premier lige što bi dovela do mogućnosti da se takmiče širom Evrope?
3270,U kom formatu noviji sistemi mogu da snimaju emitovani VD program?
3271,Ko je usvojio dodatne konvencije na regionalnom nivou pored OAD?
3272,Koliko glavnih pristupa postoji u urbanoj antropologiji?
3273,"Kada je Prokopij napisao da ""Sklavenci i Antei u daljoj prošlosti zapravo imaju jedno ime; jer su oni oba u drevnosti zvali Spori""?"
3274,Koji je bio naslov povratničkog albuma Aerosmit-a iz 1987. godine?
3275,Kako pivari nazivaju vruću vodu?
3276,Koja su dva primera epske poezije napisane na sanskritu?
3277,Koja vrsta potrage nema cilj?
3278,Koliko je velikih VDTV-ih sistema testirao SMPTE krajem 1970-ih godina?
3279,Šta se desilo kada je Nikolaj drugi bio uklonjen sa vlasti?
3280,"Nared raspoloženju, temperamentu, raspoloženju i motivaciji, sa čim je emocija često povezana?"
3281,Koja politička partija sada dominira Floridom?
3282,Pod čijim rukovodstvom je Biskupska konferencija objavila pismo u kojem osuđuje navodne ratne zločine partizana?
3283,Koliko je 2009. godina bilo praznih domova na Floridi?
3284,Ko je napisao „Živeti crno?”
3285,Šta je sistematski povezano sa brojem vrsta?
3286,Koji novi zakon o ombudsmanu se priprema u Indiji?
3287,Koji je predsednik potpisao akt o pravu glasa?
3288,Suržik je dijalekt koji se nalazi između ukrajinskog i kog drugog jezika?
3289,Zašto je unutrašnje varenje bolje od spoljašnjeg?
3290,"Kako se zove epizoda u kojoj se pojavljuju novine Tajms, i igraju centralnu ulogu u toj epizodi serije Vombli?"
3291,Za izražavanje dimenziija čega su nekada korišćene imperijalne jedinice?
3292,Šta je moglo dovesti do gladi 80 miliona ljudi u Sovjetskom Savezu?
3293,Kako se zove font na kojem je zasnovan Tajms Nju Roman?
3294,"Ko je napisao ""Planete""?"
3295,Kada su slovenski jezici priznati kao indoevropski?
3296,Koji univerzitet nudi konvencionalne diplome?
3297,Da li je Rene Dekart bio idealista ili materijalista?
3298,Kog datuma je Čelzi ugostio potpuno stranu startnu postavu i zbog toga postao prvi tim koji je to uradio?
3299,Kako se često koriste određena dela klasične muzike?
3300,Da li je FA kup sponzorisan?
3301,Kojoj jezičkoj porodici  pripada liguranski jezik?
3302,Gde se izdaju novine Sudharma?
3303,Šta nije tako uobičajeno u otvorenom obrazovanju?
3304,Fuge J. S. Baha stvaraju koherentnu harmoničnu logiku koja bi bila nemoguća za koji drugi  muzički stil?
3305,Šta je Kuran odobravao?
3306,Koji novi režim se pojavio na Balkanu tokom kasnog srednjeg veka?
3307,Dokazi ukazuju na to da receptori na B ćelijama mogu da rade šta?
3308,Za koju prvu emisiju je Arsenal obezbedio najjznačajnije delove utakmice?
3309,Na kom jeziku je govorila većina ljudi u Anadoliji?
3310,"Pored tehnologije, Univerzitet primenjenih nauka nudi kurseve u društvenim naukama, medicini, dizajnu, i koje druge disciplinu?"
3311,Koju vrstu mehanizama je koristio diferencijalni analizator?
3312,U kojoj zemlji se govori kreolski engleski iz Limona?
3313,U kojoj godini je objavljen dvostruki album „Živ!”?
3314,Šta je bliski ekvivalent sirišta?
3315,Šta nije ograničeno samo na vladine funkcionere?
3316,Koje godine su prvi put sastavljena pravila Kembridža?
3317,Kako je saksofon zastupljen u Ravelovom Boleru?
3318,Gde je Titovo poslednje mesto počivanja?
3319,Ko ima najveći administrativno-sudski sistem na svetu?
3320,Zbog Titove posete kom regionu su dva ministra vlade podnela ostavke ?
3321,U kojoj simfoniji Antona Bruknera Vagnerova tuba ima istaknutu ulogu?
3322,"Zašto se Albanija razišla sa Tesalijom, Makedonijom i Epirom?"
3323,Koje godine je formirana Ragbi fudbalska zajednica?
3324,Šta je centar naseljenosti na Floridi?
3325,Tokom koje ere je okean Tetis bio dominantan?
3326,Koja pivara proizvodi pivo Milenijum?
3327,U kojoj epohi su se severna i južna Amerika postale povezane?
3328,Šta je holokaust?
3329,Gde se rangira Florida po BDP-u?
3330,Zašto je komercijalizacija klasične muzike bila štetna za muzičku industriju prema Šon Vankuru?
3331,Koja društvena institucija je povezana sa emocijom ljubavi?
3332,Koje pravila je osmanska proza morala da prati?
3333,Do koga događaja je Pruska zadržala veći deo Alzas-Lorene?
3334,Koje su zemlje su formirale Sile Osovine?
3335,Koji je naučnik prvi upotrebio termin biološka raznolikost?
3336,"S kojim je podgrupa antropologije kiborga veoma blisko povezana, pored STS-a?"
3337,Šta neki pojedinci u svim kulturama imaju značajno više od normalnog?
3338,Pacijenti koji imaju bezbolne srčane udare imaju više šta?
3339,Koje godine je IASP odgovorio na potrebu za stvaranjem korisnijeg sistema za opisivanje bola?
3340,Ko je kasnije kupio poznatu enciklopediju od Tajmsa 1908. godine?
3341,Kada je FIG odlučio da ukine upotrebu konopca u takmičenju?
3342,Koji operativni sistem se koristi na serverima mašina za pretragu prošlih verzija?
3343,Šta antropologija razvoja podrazumeva?
3344,Kada su formalno usvojeni režimi prenosa širokog ekrana VDTV-a?
3345,Koje su bile dve najrazvijenije ekonomske organizacije pod Osmanskim carstvom?
3346,Na kom jeziku je zasnovan firentinsko-toskanski jezik?
3347,Koja je jedna dobra osobina učenika iz razvijenih zemalja?
3348,Šta se smatra prvim mehaničkim analognim računarom?
3349,Studije iz 2012. godine su procenile da koliko procenata sisara može izumreti za 20 godina?
3350,Afektivno računarstvo je grana koje discipline?
3351,Na koliko godina je NBC Sports dobio produženje  Premijer lige 2015. godine?
3352,Šta se sa materijalima za odeću dešava brže u poređenju sa kamenom i kostima?
3353,U kojoj godini se raspao Sovjetski Savez?
3354,Šta je Škotska odbila da usvoji?
3355,Koji je termin koji se koristi za programe koji automatski posećuju veb-stranice i beleže podatke koje pronađu?
3356,Koja profesija proučava ulogu emocija u pružanju holističke zdravstvene zaštite?
3357,Koja su vrsta instrumenta dvostruka trska i blokflauta?
3358,"Sem u Nemačkoj, Engleskoj, Španiji i Australiji, gde je još nedavno otvoren istraživački centar za istoriju emocija?"
3359,Koje su dve najuspešnije životinjske vrste?
3360,Koliko je ključnih elemenata emocije prisutnih u modelu obrade komponenti?
3361,Ko je verovao 1067. godine da je hmelj dodat u pivo?
3362,U kojoj zemlji se generalni direktor sastao sa predstavnicima „velike petorke” fudbalskih klubova?
3363,"Šta je to izdanje, Sudarma?"
3364,Koga je Tito oženio 1940. godine?
3365,"Koje godine je počeo da izlazi list  ""Njujork Tajms""?"
3366,Zašto se novorođenčad opisuje kao fiziološki imunodeficitna?
3367,Tajms je osnovao koji izdavač koji je ujedno bio i urednik?
3368,U kojoj zemlji su politehnike odobrene isključivo od akademskih univerziteta?
3369,Koji vladar je priznao Osmanlije 1547. godine?
3370,Koja agencija je dodelila pomoć Jugoslaviji?
3371,Na koji deo jezika se fonologija kao reč takođe može odnositi?
3372,Kojim odnosom prikaza upravlja VDTV bez upotrebe leterboksinga ili anamorfnog istezanja?
3373,Ko je snažno podržavao come scritto ?
3374,Koliko godina Tajms koristi Tajms Nju Roman?
3375,Kako se sada zove Titograd?
3376,Od kojih godina su počeli da pokazuju svoje prisustvo mediji kao što su radio i televizija?
3377,Koju svetliju nijansu crvene je Čepman usvojio?
3378,Ko je napustio mesto urednika kada je Tajms kupljen 1982. godine?
3379,Pod kojim imenom se Sloveni pojavljuju početkom 6. veka?
3380,Ko je izvršavao aparthejd?
3381,Šta može nenamerno naškoditi vrsti koja zavisi od vrste koju zamenjuje?
3382,Šta je nemoguće učiniti sa identitetom?
3383,Kada je počeo period poznat kao renesansa?
3384,Kada su Vajs i Kropansano objavili svoj rad?
3385,"Kada je reč o planovima i rezultatima, šta antropolozi razvoja gledaju između njih?"
3386,Kako je izraz „crnac” određen u Sjedinjenim Državama?
3387,Na šta se kulturna antropologija specifično fokusirala?
3388,Koliko je do sada identifikovano različitih tipova jonskih kanala?
3389,Ko je prvi skovao izraz „bagovi”?
3390,Koji procenat igrača su bili Englezi u Premijer ligi 2009.godine?
3391,Koje godine je objavljen moldavsko-rumunski rečnik?
3392,Kako se zvao sekularni pravni sistem pod osmanskim kalifatom?
3393,Koja škola ne bazira svoj prijem na akademskim zaslugama?
3394,Koja je ruska vlada tvrdila da ukrajinski nije poseban jezik?
3395,Koja vrsta kvasca se koristi za dobijanje staut i porter piva?
3396,Gde bi se našli listovi koje su osmanlije kreirali dekorisanim ukrašavanjem?
3397,Koja je portugalska reč za diplome kratkog ciklusa dodeljivane pre 1988. godine?
3398,Koji instrumental Van Hejlen je pokazao majstorstvo na gitari Edi Van Hejlena?
3399,Koji je bio prvi video koji je dostigao milion pregleda?
3400,Srpskohrvatski je jedini slovenski jezik koji koristi koja dva pisma zajedno?
3401,Gde je živela opatica Hildegard?
3402,Kako bi se jezik trebao nazivati umesto „bosanski”?
3403,Šta je izdato 4. jula 1776. godine?
3404,Koju vrstu muzike su obično pisale žene kompozitorke?
3405,Koje godine je osnovana Banska akademija?
3406,Šta se dešava sa probavljenom hranom kada se prenese u tanko crevo?
3407,Od Slovena je taženo da prihvate čiju vlast?
3408,Kako se zove kada se računar vrati nazad i ponovlja uputstva programa dok se ne ispuni unutrašnji uslov?
3409,Koji je najčešći preskok u gimnastici elitnog nivoa?
3410,Koliko je crnih Afrikanaca iz južne Sahare bilo porobljeno?
3411,Kako se u Brazilu smatraju siromašni belci?
3412,Šta se u manjoj meri nalazi u klasičnom sanskritu?
3413,"Koja kriza u Irskoj je uključivala podmmićivanje, kronizam i dosluh?"
3414,Ko se nastanio u delovima Engleske?
3415,Koja je najčešća upotreba postavljenih Jutjub videa?
3416,Za šta se koriste zubi?
3417,Ko je rekao da su Aboridžini počeli da prihvataju svoje poreklo?
3418,Koji su to bili instrumenti zapada koji se mogu pronaći u kasnoj osmanskoj klasičnoj muzici?
3419,Kada je bilo vreme Paninija?
3420,Koje detalje su modernisti eliminisali?
3421,Kada je Fajerfoks objavljen?
3422,Koji period obuhvata Izveštaj o ljudskom razvoju za 2009. godinu?
3423,"U maju 2008. godine, Tajms je prešao iz koje fabrike u nove fabrike u Broksbornu, Mersisajdu i Glazgovu?"
3424,Kako se zove pojava kada neko želi da se odvoji od karakteristika bližnjih?
3425,Kakva je vrsta termina „Mauri”?
3426,Na kojoj brzini kadrova funkcioniše VDTV u zemljama sa bivšim PAL i SECAM?
3427,Šta znači baso kontinuo?
3428,Koja institucija je često koristila Tajms za kontinentalne obaveštajne podatke?
3429,Koje Debisijevo delo ima kornet?
3430,Ko je postao saveznik sa Mandžurima da bi preuzeo kontrolu nad Pekingom?
3431,Koja disciplina koristi etnografiju?
3432,Šta znači skraćenica MTU-R?
3433,Koje su druge verske grupe išle na islamske sudove?
3434,Odakle pedagoška psihologija izvodi zaključke?
3435,Koliko je vakuumskih cevi koristio Atanasov-Beri računar?
3436,Iz koje druge vrste institucija je nastala većina instituta za tehnologiju na Tajlandu?
3437,Kakvo očigledno poboljšanje odeća daje nosiocu?
3438,Kako se zove kada viši državni službenici pronevere novac iz državne blagajne?
3439,Šta mnogi ljudi dobijaju od svojih identitetskih grupa?
3440,Kada su počela satelitska probna emitovanja Haj-Vižn-a?
3441,Ko je izmislio teoriju rituala interakcije?
3442,Kada su sveštenici i trgovci počeli da šire informacije o arhitekturi?
3443,Čemu je doprinelo otapanje leda na Gondvani?
3444,Kako se zove rubrika koja ponedeljkom u Tajmsu obrađuje fudbal?
3445,Kada je visokoškolski tehnološki institut počeo da se integriše sa tradicionalnim južnoafričkim univerzitetima?
3446,Ko je platio 15 miliona funti za prelaz Alana Širera u svoj klub?
3447,Gde su rotifere najistaknutije?
3448,Po kome se mehanizam Antikitere smatrao prvim računarom?
3449,Koje je bilo osnivačko ime Braunšvajg Univerziteta za tehnologiju?
3450,Kako je originalno nazivan Jutjub Red?
3451,Koja usluga je mogla da pretražuje i reprodukuje Jutjub video od 2008. godine?
3452,"Pored fizičkih promena, kakve promene emocije ponekad uzrokuju?"
3453,U kom trenutku je počeo da se otvara južnoatlantski okean?
3454,Koje godine je snimljen film „Koža”?
3455,Antropolozi su deo čega?
3456,Koji deo vojske Sjedinjenih Država je razvio elektromehanički analogni računar za upotrebu na podmornici?
3457,Koje dva parametra mogu biti smanjena ako se njihova vrednost podrazumeva iz konteksta?
3458,Kako su se sprovodili moralni principi drevnih kultura?
3459,"Na koga je osmanska kuhinja, kao jedna od načina pripremanja hrane u pašinim kućama, mogla biti proširena?"
3460,Kako su Mandžuri prvobitno bili poznati?
3461,Za šta je zaslužan Tomas Edison?
3462,Za koju vrstu rudarstva je prvi svetski institut za tehnologiju pripremao studente?
3463,Koja religija se proširila u Kinu kroz sanskritske prevode?
3464,Šta su izvođači sa klasičnim obrazovanjem obimno studirali?
3465,Šta se dešavalo sa atmosferskom vodenom parom kada je voda stvarala okeane?
3466,Koji je primer dobrovoljne namere poruke u vezi sa neverbalnom komunikacijom?
3467,Šta je u islamu predstavljao Osmanski kalifat koji je uspostavio Murat prvi?
3468,Ko je snimao album „Škola je gotova”?
3469,Ko može da bira gde gimnastičar počinje da trči na zaletištu?
3470,Koju najveću populaciju ima Brazil u drugoj poziciji posle Afrike?
3471,"Koji drugi proizvod, osim ječma, je osnova piva koje može da sadrži gluten?"
3472,Gde se nalaze najugroženiji ekosistemi?
3473,"U računarskom smislu, šta znači LR?"
3474,Čija je teorija razmatrala tendencije za akciju?
3475,Na koje dokaze se evoluciona antropologija oslanja da bi razumela ljudsko iskustvo?
3476,Koje ime okeana je prevedeno da znači „sve more”?
3477,Kada je bio najslabiji trenutak za engleski fudbal?
3478,Koliko sudskih sistema je imalo Osmansko carstvo?
3479,Za šta služe digestivne komore Ktenofore i Knidarije?
3480,Šta je IPPP?
3481,Šta je zadalo udarac ekonomiji Kuomintanga?
3482,Šta Dokins objašnjava da mora da se takmiči jedno sa drugim unutar živih bića?
3483,Šta je stereotip tradicionalnih antropologa?
3484,Koja grupa ljudi debatuje o tome kada su ljudi počeli  da nose odeću?
3485,"Koja supergrupa je imala članove Fu fajtersa, Kvins Ov De Stoun Ejdž i Led zepelina?"
3486,Na čemu je zasnovana opera Filipa Glasa?
3487,"U periodu od 6 do 9 meseci, imuni sistem bebe počinje da reaguje na koje proteine?"
3488,Ko je preuzeo rukovodstvo Fonda u januaru 2011. godine?
3489,Koliko osnovnih emocija postoji u Plučikovoj teoriji?
3490,Zašto su teorija perifernih obrazaca i teorija kontrolne kapije prevaziđeni?
3491,Koja vrsta raznolikosti dolazi nepozvana?
3492,Koje godine određuju barokni period?
3493,U kom veku su napisane neoklasične kompozicije?
3494,Ko je preuzeo ostatke Zapadnog rimskog carstva?
3495,Gde se nalaze Bunjevci?
3496,Za šta interpersonalno uznemireni ljudi osećaju manjak podrške od strane bliskih ljudi?
3497,Za šta se u drugim zemljama koriste termini „srednji vek” i „moderno doba”?
3498,Na šta utiču dodatni troškovi?
3499,Šta je jedan od nedostataka korišćenja H.323 tehnike?
3500,Kada je prvi put korišćeno osvetljenje na aerodromu?
3501,Ko je inaugurisan za predsednika Jugoslavije 1953. godine?
3502,Koliki procenat akcija u Arsenalu je Kroenke posedovao do 2011. godine?
3503,Koja struja je rezultirala hlađenje Antarktika?
3504,Kako je nazvano pristupanje preskoku zaokruživanjem?
3505,Da li je UEFA ukinula petgodišnju zabranu engleskim klubovima da igraju u evropskim takmičenjima 1990. godine?
3506,Koja je URL adresa veb strane Tajmsa?
3507,Koja sveobuhvatna škola je otvorena u Koventriju?
3508,Koji izostavljen element na snimcima ekrana ih može učiniti nnepouzdanim kao dokaz?
3509,Šta su se pisci iz perioda Tanzimata nadali da će postići svojim objavljivanjem?
3510,Kada je UNFPA počela svoj rad?
3511,Kaji je drugi naziv za UDBA-u?
3512,Gde se onlajn mogu naći emitovanja na sanskritu?
3513,Kojim prefiksom se opisuje savremena kompozicija napisana u stilu ranijeg doba?
3514,Koja supstanca se sleže i čini pivo bistrim posle fermentacije?
3515,S kim je Melisa Čeker imala odnos u vezi sa životnom sredinom?
3516,Na koje formalne karakteristike objekata se antropolozi umetnosti fokusiraju?
3517,Gde je osnivano Osmansko carstvo?
3518,Koje vrste izvora energije zgrada ne bi trebalo prekomerno da koristi ukoliko se zgrada smatra ekološkim?
3519,Čemu su se Sovjeti protivili obnovi?
3520,Koliko je mesta u Ligi Evrope rezervisano za pobednike domaćih turnira?
3521,Kada su objavljeni zakoni fudbalske igre udruživanja?
3522,Ko je osnovao jedno od prvih američkih naselja na Floridi?
3523,Koja kompanija izdaje Tajms i njegove sestrinske novine  Sandej Tajms?
3524,Po čemu se evropska umetnička muzika razlikuje od mnogih drugih muzičkih formi?
3525,Ko je 1872. godine izmislio prvu mašinu za predviđanje plime i oseke?
3526,"Pogon za izgled, pogon za rendering, korisnički interfejs i druge stvari su komponente koje omogućavaju različite šta od veb-pregledača?"
3527,Šta je kulturni fenomen?
3528,Koji je značajan ogranak političkih nauka gde se analiziraju emocije?
3529,Posredstvom koga je konstruisan ENIIR?
3530,Tajms ima tradicionalno rivalstvo sa kojim drugim velikim britanskim novinama?
3531,Na koliko kontinenta se razdvojila Laurazija?
3532,Potpisivanjem kog sporazuma je kulminirao Austro-turski rat?
3533,"Koji sporazum su 1954. godine potpisali pisci, lingvisti i književni kritičari?"
3534,Koje godine je sukob između Kuomintaga i komunista intenzivirao?
3535,Koji je jedan deo održavanja piste koji pomaže u održanju nivoa trenja?
3536,Šta znači LCPS?
3537,"Sanskrit se koristi kao filosofski jezik u hinduizmu, budizmu, džainizmu i kojoj još religiji?"
3538,Kako se zove diploma koja se dodeljuje u Indiji za tehničke ili stručne kurseve?
3539,Da li se ciljevi održivog razvoja smatraju ambicioznim ili skromnim po obimu?
3540,Komisija je smatrala da je povezivanje potkopalo šta?
3541,Kako je bio poznat rat krajem 16. veka protiv Habzburške Austrije?
3542,Šta pomaže pilotima da udaljeni let približe za sletanje?
3543,Šta je uzrokovalo da se dijalekatski kontinuum razlomi?
3544,Koji je jedan od razloga zašto usluge VRS ne postoje u većini evropskih zemalja?
3545,Ko je preuzeo paket od Sentane?
3546,Koliko je obrazovnih ustanova imalo nastavni plan iz antropologije do 1898. godine?
3547,Koliko godina studija bi bilo potrebno da bi se stekla diploma politehnike u Singapuru?
3548,Koji poljski kralj je vodio borbu protiv Osmanskog carstva u bici kod Beča?
3549,Šta je izvor koncepata u arhitekturi hinduističkih hramova?
3550,Kada je Arsenal prešao na stadion Arsenala u Hajberiju?
3551,Gde su se Čerkezi naselili kada su napustili svoje domove na Kavkazu?
3552,"Koji element pesme, u hevi metalu, obično formiraju rifovi?"
3553,Šta je popularizovalo upotrebu konvencionalne hibridizacije za povećanje prinosa?
3554,Da li svi regioni ovaj izraz „crni ljudi” smatraju isto ?
3555,Kako se u Nemačkoj naziva visokoškolska ustanova?
3556,Ko je podrivao Ligu nacija?
3557,U kojoj grani fonologije je Džontan Kej istaknuta ličnost?
3558,Šta znači skraćenica IHDI?
3559,Koliko klasa straživanja Vulf podstiče?
3560,Kroz šta su mnogi ljudi u premodernom dobu izražavali svoju veru?
3561,Kada je prvi put formirana Premijer liga?
3562,Tokom kog perioda je Tito vodio politiku neutralnosti?
3563,Šta je uzrokovalo podelu carstva Marata 1761. godine?
3564,Koliko dodatnih slova ima hrvatsko latinsko pismo?
3565,Koji je opšti nadimak pristalica Arsenala?
3566,"Savremeni instrumenti mogu se klasifikovati kao duvački, gudački, drveni duvački i koja druga klasifikacija?"
3567,Koji je drugi izraz koji se koristi za nastavnika?
3568,"Koju metodu koriste kompozitori da bi izvođaču precizirali visine tonova, tempo, metričke strukture i ritmove za jedno muzičko delo?"
3569,U kom veku francuske istorije se uključuje francuska politehnička škola koja je uticala na obrazovne sisteme drugih zemalja?
3570,Kako se u Kanadi nazivaju politehnička odeljenja nacionalnih univerziteta?
3571,Koja dva vida imaju štokavski glagoli?
3572,Koliko je osnovnih emocija Ekman prepoznao?
3573,Koju poziciju je Tito imao u jugoslovenskoj  vladi od 1944. godine do 1963. godine?
3574,Ko je 1939. godine definisao fonologiju?
3575,"Šta su neki smatrali poboljšanim televizijskim formatom, a ne pravim VDTV formatom?"
3576,Koja nemačka reč označava životni prostor?
3577,Koliko pregleda dnevno je primao Jutjub od maja 2011. godine?
3578,"Čiji je plan za Istok podrazumevao ubijanje, deportaciju ili porobljavanje Slovena?"
3579,Šta su Ujedinjene nacije nazvale „starateljstvo moćnih”?
3580,Kada je Vitruvije napisao svoje kanone?
3581,Kada je Britanija podržavala dolazak radnika?
3582,Koja umetnost je bila važna u religioznoj simbolici i kao ukras u Osmanskom carstvu?
3583,Koliko zarađuje stadion Emirati dan utakmice?
3584,Koje godine je list Tajms podržao Baraka Obamu?
3585,Koji je nemački ekvivalent za sveobuhvatne škole?
3586,U odnosu na šta je rani logo Arsenala primer?
3587,Kada je osnovano Kinesko rukovodstvo za bezbednost mreže i informacione tehnologije?
3588,Koliko je Amanda Todd imala godina kada je sama sebi oduzela život zbog maltretiranja?
3589,Tokom kog rata je veliki broj italijanskih muškaraca prvi put naučio standardni italijanski jezik?
3590,U obliku čega su uglavnom zasnovane veštine jedne noge?
3591,Šta je mašina za predviđanje plime i oseke gospodina Vilijam Tomsona koristila za funkcionisanje?
3592,Gde se nalazi Milenijum stadion?
3593,Koje su neke usluge koje nude VIP usluge?
3594,Snažan vulkanizam je doprineo tome da rana Zemlja bude u kakvom stanju?
3595,Kojih dvaju stepena temperature se tiče termalna kategorija bola?
3596,Kakvu vrstu vlasti imaju vladini funkcioneri jer je ponekad teško reći da li su akcije legalne ili nezakonite?
3597,Šta je svake godine pretnja za Floridu?
3598,Koliko predstavnika ima Premijer liga za Evropsku asocijaciju klubova za sezonu 2012./2013. godine?
3599,Od čije dominacije se Jugoslavija oslobodila?
3600,U kojoj godini je Kreonke uspeo da preuzme deonice Arsenala?
3601,Koji globalni sporazum daje suverena nacionalna prava nad biološkim resursima?
3602,Vlade i nevlade i organizacije i preduzeća su sve su pogodne za postavljanje čega?
3603,Koji aspekt ili tip identiteta izdvaja Vajnrajh?
3604,Šta je primer ekstremnog oblika straha?
3605,Kako se klasifikuje nociceptivan bol?
3606,Ko je Kroenkeov glavni konkurent za akcije Arsenala?
3607,Koliki je bio neto profit Premijer lige u sezoni 2013./2014. godine?
3608,"Koliko dezoksiribonukleinskih kiselina od Rusa pokazuje da Y hromozomi spadaju u sedam glavnih haplogrupa, a sve su karakteristične za zapadnoevroazijske populacije?"
3609,Šta je proglasila Deklaracija o nezavisnosti?
3610,U kojoj godini je hmelj prvi put poznat da se koristi u pivu?
3611,Ko je bio poznat po tome što se usredsredio na životnu sredinu 1960-ih?
3612,Koja su neka od stvorenja koje su uključene u kraljevstvo Animalia?
3613,Kojom zemljom je vladao Pinoče?
3614,Koji mislilac je verovao da su emocije sastavni deo vrline?
3615,Šta solo izvođači mogu  da prikažu tokom kadence?
3616,Šta se obično piše u obliku pesama?
3617,Koju vrstu čitanja zahteva izvođenje klasične muzike?
3618,Koga je jugoslovenska Ustavotvorna skupština zvanično smenila 29. novembra 1945. godine?
3619,Od čega budu zaštićena preduzeća sa vezama što im omogućava korupcija menjanjem pravila igre?
3620,Koja su dva glavna embrionalna sistema u Ktenofori i Knidariji?
3621,Gde se aktivnost u talamusu koja je povezana sa bolom širi?
3622,Koju neočekivanu osobinu Jutjub možda ima priliku da učini radikalnom?
3623,Šta znači NCSO?
3624,Koju ideologiju je Tito napustio kao deo svog novog socijalizma?
3625,Koliko je drugoplasiranih u Ligi šampiona bili iz Premijer lige između 1992. godine i 2013. godine?
3626,Ko vodi učenike u formalnom okruženju?
3627,Bez čega je ostavio Britaniju poraz Napoleona?
3628,"Koja podoblast moderne fonologije, osim psiholingvistike, se preklapa sa fonetikom?"
3629,Koje godine je počelo povećanje stanovništva na 7 milijardi?
3630,Gde se nalaze Krašovani?
3631,Koji je prvi poznat napad koji je predvodio Džekson?
3632,Koji izraz se odnosi na još jedan način na koji se dijalekti razlikuju od jezika?
3633,Tokom kog rata su izmišljeni prvi digitalni računari?
3634,Koja karakteristika omogućava MCU da dozvoli da se više strana istovremeno vidi na ekranu?
3635,"Da li se britanski i američki engleski smatraju različitim jezicima, ili dijalektima jednog jezika?"
3636,"Dve violine, viola i violončelo čine kakvu grupu instrumenata?"
3637,U kom je veku nastao „stil“ kao umetnički koncept?
3638,Od koje godine je Komunistička partija bila zabranjena u Jugoslaviji?
3639,Koja je međunarodna organizacija bila u partnerstvu sa Ministarstvom obrazovanja Malezije 1969. godine?
3640,"Kiša, sneg i vetar spadaju u koju vrstu stvari od kojih odeća štiti nosioca?"
3641,Koja advokatska firma je koristila mašinu za pretragu ranijih verzija da zaštiti svog klijenta 2003. godine?
3642,Koje pravila su uticala na norme o fudbalskim savezima?
3643,Koji su neki primeri nebilateralnih životinja?
3644,Osećaj noža koji se zabada u meso je primer za koju vrstu bola?
3645,Kada su istraženi prvi video-sistemi sa usporenim gledanjem?
3646,Koja je paradigma identitetskog statusa nastala na osnovu radova Džejmsa Marsije?
3647,Šta je Arsenal smatrao da su boje žuta i plava nakon što je izgubio finale FA kupa obučen u crveno-belo?
3648,Šta znači ako su ljudi povezani po poreklu?
3649,Koliki tiraž ima Tajms od januara 2013. godine?
3650,Šta bi malo verovatno podiglo obrve ako bi ga žena nosila?
3651,Koji tip antropologije se bavi obrascima zajedničkog znanja?
3652,"Koji je termin kada su dijalekti A i B međusobno razumljivi, dijalekti B i C su međusobno razumljivi, ali dijalekti A i C nisu međusobno razumljivi?"
3653,Koji je jedini Institut za tehnologiju na Tajlandu koji je osnovala vlada u svom vlasništvu?
3654,Kako se naziva prvo poznato postojeće pisanje o arhitekturi?
3655,Koliko evropskih domaćinstava je gledalo VD emisije prema istraživanju tržišta Satelitskog monitora iz 2010. godine?
3656,Šta znači CPJ u računarskom smislu?
3657,Kojem podžanru hard roka pripada Def lepard?
3658,Kako je Edo period takođe poznat?
3659,U kom modernom muzičkom stilu se može videti uticaj baroka ili klasične ere?
3660,Sa koliko kadrova u sekundi oznaka 720p60 identifikuje progresivni format skeniranja?
3661,"Koji je bio prvi indeks korupcije, 1995. godine?"
3662,Kada je došlo do procvata Art Deko u oblasti Majamija?
3663,Mediteran je nastao sudarom Evrope i čega?
3664,"Zašto bi se italijanski dijalekti mogli smatrati nezavisnim jezicima, a ne dijalektima standardnog italijanskog?"
3665,Emocionalne epizode definisane u suprotnosti sa čime?
3666,Ko tvrdi da je došlo do naglog pada i stagnacije posle smrti Sulejmana?
3667,Kome je više naklonjen okvir politike pozitivne akcije?
3668,"Koje godine je razvijen CU-SiMi, alatka za video-konferencije zasnovane na desktopu?"
3669,Opera je počela da se razlikuje od prethodnih oblika po čemu?
3670,U kojoj godini je počeo da se imenuje Veliki vezir?
3671,Šta je formalno arhitektonsko obučavanje zanemarivalo u 19. veku?
3672,Koliko su moderni računari jači naspram ranih računara?
3673,Ko je napisao Aštadhjaji?
3674,Čijeg poslanika je ubio Daurentius?
3675,Sa kim je Bejl napisao „Razmišljanje o Teoriji afektivnih događaja”?
3676,Šta sam sanskrit nema?
3677,U kojoj deceniji je došlo do ujedinjenja Italije?
3678,Koja vrsta terapije može da ispita emocije na osnovu komponenti izraza lica?
3679,"U maju 2008. godine, Tajms je prešao na nove pogone koji su omogućili da se kakav sadržaj prvi put štampa na svakoj stranici?"
3680,Koju drugu disciplinu su generativisti kombinovali sa fonologijom?
3681,Na koja kulturna merila su upućivali sadržaji u stihovima pesama Blek Sabat-a?
3682,U kojoj zemlji se govori suržičkim dijalektom?
3683,Šta znači skraćenica ftp?
3684,Ko emituje utakmice Premijer lige u Kanadi?
3685,"Osim regiona, koji je primer faktora koji može uticati na dijalekt?"
3686,Kako se zvao Bakčerijev hit singl iz 2007. godine?
3687,Koji se termin koristi kada se akcent pomera na prethodni slog?
3688,Na koliko teritorija se emituje Premijer liga?
3689,Ko je pevao srednjovekovno gregorijansko pevanje?
3690,Koje godine je donet Zakon o reformi obrazovanja?
3691,U kojoj formi je emitovan Arsenalov meč protiv Mančester junajteda 2010. godine?
3692,Koji  tip instrumenta je virginal?
3693,Jedan od ciljeva UNFPA je da sve trudnoće budu kakve?
3694,Kome funkcioner želi da nanese neki oblik štete kada se takođe javlja korupcija?
3695,Odakle se razvila muška ritmička gimnastika?
3696,Kada je pivo u svom najboljem ukusu?
3697,Koji je glavni grad države Floride?
3698,Koliki je procenjeni iznos gubitaka od crva i virusa u 2003. godini?
3699,Da li je Florida poslala predstavnike u Filadelfiju za Deklaraciju o nezavisnosti?
3700,Šta se dogodilo u Sjedinjenim Državama što se nije dogodilo u Brazilu kada je ukinuto ropstvo?
3701,Šta se takođe koristi naizmenično sa pedagoškom psihologijom?
3702,Da li su DIU-a predmet nadzora u nekim zemljama?
3703,Koje je svojstvo odeće važno u hladnim klimatskim uslovima?
3704,Čime su tretirani trajni materijali za štampu?
3705,Ko je bio uvređen što je Klinton nazivan crnac?
3706,U kom veku je Tajms počeo da bude često korišćen za obaveštajne podatke sa kontinenta?
3707,"Gde su Ted Hof, Federiko Fagin i Stanlei Mazor radili?"
3708,Šta mnogi istorijski lingvisti smatraju modernim grčkim dijalektom?
3709,Koji je bio rezultujući pregledač Mozila fondancije?
3710,Šta je federacija Australije?
3711,Racionalna emocionalna terapija ponašanja je pristup koji koriste koje psihoterapijske škole?
3712,Kada se desila hiperinflacija iz 1923?
3713,Čime je hrana premazana radi lakšeg prolaska?
3714,Gde je stvorena teorija optimalnosti?
3715,Kada je FIG odlučila da rezultati više nisu ograničeni na 10 poena?
3716,"Koja kategorija je definisana da sadrži zadovoljstvo, bol, motivaciju, raspoloženje i sklonosti?"
3717,Šta diálektos znači na engleksom?
3718,Koju proslavu je imao Arsenal u sezoni 2011./2012. godine?
3719,Koliki je bio prosečan prihod iz medija za Premijer ligu od 2007. godine do 2010.godine ?
3720,Koji procenat igrača u Premijer ligi su bili izvan Ujedinjenog Kraljevstva i Irske do sezone 2000./2001. godine?
3721,Koliko vremena prosečna osoba potroši gledajući video snimke na Jutjubu svakog dana?
3722,Šta definiše filosofsko obrazovanje?
3723,Prema kvantnoj teoriji polja koja je glavna supstanca?
3724,Koji je jedan bend pod direktnim uticajem Blek Sabat-a?
3725,Koji predsednik je proglasio uvođenje VDTV-e u Sjedinjene Države „pitanjem od nacionalnog interesa?”
3726,Ko je bio ključan za stvaranje organske arhitekture?
3727,"Koji tim nije bio kvalitetan za Ligu šampiona 2005. godine, ali je mogao da učestvuje?"
3728,U kom takmičenju je Arsenal prvi ušao u finale?
3729,Koliko akcija postoji u imovini Arsenala?
3730,Šta je učinilo da se štokavski govori na širokom prostoru?
3731,Koju ekipu je pobedila Francuska 1998. godine?
3732,Zašto je razvijen internet?
3733,U kojoj godini se Arsenal premestio u Holovej?
3734,Koji je izraz koji se može koristiti da opiše opseg upisa u sveobuhvatne škole?
3735,Kreda je deo kog geološkog eona?
3736,Koliko klubova je 1998. godine zapretilo da će otići i formirati drugu ligu?
3737,Ko je vlasnik Fudbalske Asocijacije Premijer Lige?
3738,Kako se zvao drugi album Def leparda?
3739,Koja je grana fonologija?
3740,Šta je bio uzrok Arsenalovog poraza od Galatasaraja u sezoni 1999./2000. godine?
3741,"Koliko dugo se, nakon Arsenalovog osvajanja prvog trofeja, tim loše takmiči?"
3742,Koliko je oluja pogodilo Floridu od 1851. godine do 2006. godine?
3743,Koju organizaciju je osnovao Berners-Li?
3744,Na kom instrumentu je svirala Ana Lelkes?
3745,Koji uređaj je najčešće korišćen tokom 21. veka?
3746,Gde je živeo Irvin Kotler?
3747,Kako se upravljaju besplatne mreže?
3748,Koji podsticaj je karakterističan za afektivno-motivacionu dimenziju?
3749,Koja podspecialnost antropologije aktivno učestvuje u proučavanju toga kako ljudi komuniciraju sa svojim okruženjem?
3750,Koji je bio glavni cilj Kuomintaga u vezi sa komunistima?
3751,Kako se zove unutrašnja telesna šupljina životinja iz grupe Bilateria?
3752,Koja francuska reč je slična italijanskoj reči „eser”?
3753,Šta je rast interneta poremetio za štampu?
3754,Gde živi Aleksandra Broz?
3755,"Pored rada u laboratoriji, čime se još bavi etolog?"
3756,Karakteristike pregledača mogu da variraju od minimalnih sa malom podrškom do čega?
3757,Šta su španski doseljenici uveli na Floridi?
3758,"Na čemu se, prema Stampeu, zasniva fonologija?"
3759,Šta je na krajevima konopca što pomaže gimnastičarima da ga drže?
3760,Šta je značenje pedagoške psihologije ?
3761,Koja morska stvorenja uključuju Ctenofora i Cndidarija?
3762,Koji jezik se govori u Bugarskoj?
3763,Ko je borio u Hladnom ratu?
3764,Kada se dogodilo prvo javno emitovanje VDTV-e u Sjedinjenim Državama?
3765,Šta je bio najraniji uređaj koji je pomogao u brojanju?
3766,Šta istraživač mora da identifikuje da bi sproveo empirijska istraživanja?
3767,Koliko je studija iz 2007. godine pronašlo dokaze o efikasnosti hipnoze u smanjenju hroničnog bola?
3768,Koju su osnovu nekada koristili libanski hrišćani za pisanje libanskog arapskog jezika tokom građanskog rata?
3769,Koji je cilj zaštite nacionalnih parkova od oštećenja?
3770,Šta je sprečavalo zastoj u rovovskom ratu?
3771,Kada su se dogodili Balkanski ratovi?
3772,Ko je tvrdio da je komercijalizacija klasične muzike bila štetna za muzičku industriju?
3773,Kada je gimnastika uključena u Olimpijske igre?
3774,Šta može biti filosofsko obrazovanje kada govorimo o procesu?
3775,Šta je virtuelni prostor bez bilo kakve vladine intervencije?
3776,Koje godine je Bečka filharmonija prvi put prihvatila žene?
3777,"Počev od  1814. godine, Tajms je štampan pomoću koje nove vrste štamparske mašine?"
3778,S kojim stigmatom se moraju suočiti korekcioni službenici?
3779,Pripadnost i diskriminacija su oba važna za istraživače koji rade u kojoj tradiciji?
3780,Ko je osvojio delove Mauretanije?
3781,Gde je rođen Broz?
3782,Šta je Dekart tvrdio da životinjama nedostaje?
3783,Kako se zove Japanska radiodifuzna korporacija?
3784,Kako se prvobitno zvao tim Arsenala?
3785,S kojim jezikom je sasarski blisko povezan?
3786,Kako se zove doba od 1804 do 1910. ?
3787,Koliko ljudi iz Istočne Afrike i crne rase živi u Izraelu?
3788,Ko je posle preuzeo ESPN?
3789,U kojoj deceniji je remontovan stadion Arsenala?
3790,Koje godine su se Tito i Jovanka venčali?
3791,U kom uzrastu je Sandra Laing bila izbačena iz škole?
3792,Koji program omogućava razmenu studente širom Evrope?
3793,Koji srpski novinar uključuje nekoliko alternativnih identiteta Tita?
3794,Koliko je univerziteta u Australiji priznato kao Univerziteti za tehnologiju?
3795,Koliko nivoa je usvojio osmanski sudski sistem?
3796,Kada se prvi put u pisanoj formi pominje imunitet u odnosu na telo?
3797,Koji menadžer je imenovan da vodi Arsenal 1925.?
3798,Koji su bili najizrazitiji stilovi muzike u osmanskim provincijama?
3799,Šta znači DNUU?
3800,S kim su Boljševici sklopili mir?
3801,"Gudački instrumenti su tokom renesanse uključivali violu, liru, citernu, lautu i koji drugi instrument?"
3802,Kada je Jugoslavija promenila ime u Socijalistička Federativna Republika Jugoslavija?
3803,Koje godine je FIG priznao trampolin i akrobatsku gimnastiku?
3804,Koja država je dom prve fudbalske lige?
3805,Na koji način je Nuncija Rondanini smatrala da je arhitektura prevazišla puku funkcionalnost?
3806,Šta je glavni uzrok imunološke promene kod tinejdžera?
3807,"Za šta se, uglavnom, obučavaju ljudi u pakistanskim politehničkim institutima?"
3808,"Koji je bio treći pokret sa zapada, pored romantizma i realizma, koij je uticao na osmansku književnu scenu?"
3809,Na koju poziciju je imenovan Ben Frenklin 1776. godine?
3810,"Čega je, takođe, Vladislav treći od Poljske bio kralj?"
3811,Koji je opseg brojeva koje bajt može da predstavlja?
3812,Koliko alkohola sadrži pivo Veter 33?
3813,Gde su se „burne dvadesete” proširile posle rata?
3814,Koliko je dugo zaletište u preskoku?
3815,Koji je franački trgovac bio vladar prve slovenske države u Srednjoj Evropi?
3816,Šta je Broka otkrio u ljudskom mozgu?
3817,Koji materijal je korišćen u brutalističkim konstrukcijama?
3818,Bol se ponekad koristio  kao argument da se smrtno bolesnim pacijentima dozvoli pravo da urade šta?
3819,"Koje novine imaju  najvećim broj čitalaca u Londonu od svih ""kvalitetnih"" novina?"
3820,Koja grupa upravlja aerodromom u Frankfurtu?
3821,Koji je jedan od prvih elektromehaničkih relejnih računara?
3822,Šta bi se smatralo idejom koju dele praktično sve ljudske kulture?
3823,Afektivna neuronauka je ogranak čega?
3824,U kojim zemljama je i dalje popularna upotreba britanskog sistema mera?
3825,Koje godine je razvijena teorija perifernih obrazaca?
3826,Koju grupu je sultan Selim prvi smatrao jereticima i potom izvršio pokolj?
3827,Koje su zemlje pokrenule Doba otkrića nakon Rekonkiste?
3828,Koja dva Nemca su bila poznata po kreiranju vežbi na spravama?
3829,Koji su se geološki događaji zbivali tokom periode karbona kada se Pangea spojio ?
3830,Ko su Sidi?
3831,Koja kompanija je napravila mašinu za pretragu prošlih verzija?
3832,Kako se nazivaju mašine koje rade bez kontakta sa spoljnim svetom?
3833,Koju vrstu arhitekture neki smatraju za razvojem metaforične arhitekture?
3834,Šta znači izraz „rano moderno”?
3835,Koja je bila Vitruvijeva profesija?
3836,Koliki tiraž je imao Tajms 1815.godine?
3837,Koja škola je unapredila atomizam?
3838,Koja sedimentna dna su formirana u suvim područjima Evroamerike u periodi devona?
3839,Kog datuma je objavljen izveštaj o ljudskom razvoju za 2015. godinu?
3840,Smatra se da je hindi u vezi sa sanskritom na koji način?
3841,Koje stanovništvo vodi poreklo od Vlaha?
3842,Koji stil je gotički?
3843,U kom veku su nastala savremena pravila fudbalskog saveza?
3844,Koliko pobedničkih timova iz jedne asocijacije može učestvovati u Ligi šampiona?
3845,Ko je član uprave TED-a?
3846,Šta je bilo stavljeno na sto da bi pomoglo u brojanju novca u srednjovekovnoj Evropi?
3847,Koje dve oblasti studija su povezane sa imunologijom?
3848,Koji izveštaj grupe u vezi Titovim etničkim poreklom su hrvatski stručnjaci demantovali?
3849,Koliko puta je Kristal Palas bio domaćin FA kupa?
3850,Koja otkrića podržavaju tvrdnju Pola Dejvisa i Džona Gribina?
3851,Koje godine je u Ujedinom Kraljevstvu prvi put dozvoljeno kućno pivarstvo?
3852,Kakva je bila demografija glasača na Floridi 1950-ih godina?
3853,Kada su pravila lige navela Arsenal da smanji raspored sedenja u Hajberiju?
3854,Koja partija je zabranjena u Jugoslaviji 1920. godine?
3855,Koji bend je snimio „Nastavi da te volim”?
3856,Kome se Sun Jat Sen obratio za pomoć 1930. godine?
3857,Kroz koji proces je Darvin verovao da su se emocije razvile?
3858,Kada je reč emocija ušla u engleski jezik?
3859,Šta je OAD?
3860,Koju epohu karakteriše povećana pažnja prema produženim melodijskim linijama?
3861,Koji koncept pomaže u mapiranju i definisanju ljudskih iskustava sopstva u društvu?
3862,Kako se naziva postupak kada se gips dodaje vodi?
3863,Koje godine je Tito bio suosnivač Pokreta nesvrstanih?
3864,Na čemu se zasnivalo društvo u periodu Tokugava?
3865,Kada je počela restauracija Meidža?
3866,Šta znači kleptokratija?
3867,Kako se zove istaknuti saradnik kolumni časopisa Tajms koji je proglašen za pisca godine u oblasti hrane i pića 2005. godine?
3868,Šta učenicima takođe povremeno treba i pre nego što okrive nastavnike?
3869,Nutritivni antropolozi istražuju interakciju između ekonomskih sistema i čega?
3870,Šta AAA smatra nesaglasnom sa radom sa vojskom?
3871,Koji je primer odeće koja prati oblik tela?
3872,Koji fudbalski klub je najveći rival Arsenala?
3873,Koji tip života je raznovrsniji od višećelijskog života?
3874,Kako se nazivaju ljudi sa Balkana koji su emigrirali u Tursku?
3875,Šta je dekolonizacija Amerike?
3876,Gde je Jugoslavija imala ambasadu kao jedina komunistička zemlja?
3877,Kako se naziva metod multitaskinga koji zauzvrat oduzima „delić” vremena?
3878,Šta se obično koristi kao skrob u većini piva?
3879,Kada su krstaši napali Konstantinopolj ?
3880,Koji termin karakteriše brzinu kojom se prave snimci veb-stranica?
3881,Koji obim ljudskog ekonomskog ponašanja obuhvata ekonomska antropologija?
3882,Koji je bio jedini tim van „Velike četvorke” koji se probio u prva četiri 2005. godine?
3883,Kada je potpisano primirje između Rusije i Centralnih sila?
3884,Ko je istraživao sporazum između Premijer lige i Skaj-a 2002. godine?
3885,Šta je rezultiralo mešanjem ekvatorijalnih struja sa antarktičkim vodama u eocenu?
3886,Kako se zove najprodavaniji britanski turistički časopis?
3887,Koji je termin za strategije koje ljudi koriste da utiču na svoje emocionalne iskustvo?
3888,Koje životinje i gmizavci su poreklom sa Floride?
3889,Koja su dva Rajtova dizajna?
3890,Šta zakoni nalažu da radi svaki sposoban japanski državljanin?
3891,Koje godine je objavljen istoimeni debi album grupe Bed kompani?
3892,Koji je predsednik ponovo počeo da finansira UNFPA?
3893,Koji su organizmi bile među prvim živim oblicima koji su genetski sekvencionirani?
3894,Šta se koristilo za pisanje sanskrita?
3895,Kada je turski Seldžučki sultanat Rum dostigao svoj propast?
3896,Za koje zakone su Zastupnici zdravstvene zaštite optužili Internet arhivu da je prekršila?
3897,Koji je jedan od načina na koji su video-konferencije korisne?
3898,Kakvu vrstu akcije pokreće primenjena antropologija?
3899,Ko je procenio da je ruskog stanovništva 1945. godine bilo  oko 90 miliona manje nego što je moglo biti?
3900,Teorba i koji drugi barokni instrument su prestali da se koriste?
3901,"Strateški manipulator, pastiš ličnost i relacijsko sopstvo povezani su sa usponom koje kulture?"
3902,U šta se pretvorila ljudska grupacija tokom industrijalizacije?
3903,U kom gradu je Tito sahranjen?
3904,Šta je četiri grane antropologije nedostajale tokom poslednjih nekoliko decenija?
3905,Koja je skraćenica od četiri slova za tehnički orjentisane institute za tehničko i dalje obrazovanje?
3906,Koja verska autonomija je bila podložna Justinijanskom zakoniku?
3907,"Postavljanje istraživanja u regionu Severnog Atlantika omogućava da se gledaju veze između lokacija, umesto ograničavanja na šta?"
3908,Koje su neke od životinja u tipu Molluska?
3909,"Osvojivši zapadni deo Ukrajine, koja je zemlja promenila jezik Ukrajine?"
3910,Koji je maksimum za gimnastičku disciplinu na parteru?
3911,Koje svedočanstvo nije dostupno studentima u Mitelšule?
3912,Šta je hile?
3913,Koja su dva najveća tima iz Škotske?
3914,Koliko je ljudi crne rase živelo u Ulcinju do 1878. godine?
3915,Koje je ledeno doba označilo kraj normalne klime u periodi ordovicijuma?
3916,Koje su redovne ženske gimnastičke discipline?
3917,Kada je osnovana Republika Kina?
3918,"Šta UNFPA radi sa svojim partnerima, osim mobilizacije podrške i resursa?"
3919,Koji je najjednostavniji slučaj da DIU-a koristi nadređenu vezu DIU-a?
3920,Šta se desilo sa nekim od klubova koji nisu mogli da se vrate odmah u Premijer ligu?
3921,Od koje do koje godine je živeo Žan Meslije?
3922,Kada su Arapske invazije?
3923,Šta karakteriše preosetljivost (hipersenzibilnost)?
3924,Iz kog porekla je nastalo Osmansko carstvo?
3925,Na šta treba da se obratii pažnja kako bi zgrada bila izgrađena u prijateljsko-ekološkoj okolini?
3926,Koji format emisije je koristio prvi evropski VDTV?
3927,Koja novinarska organizacija je objavila izveštaje o sporazumu Jutuba sa Merlin netvorkom?
3928,Koliko kilograma emisije CO2 se pripisuje samo jednom pakovanju od 6 mikro piva?
3929,Kada je na Nacionalnom muzeju prirodne istorije stvorena katedra za antropologiju?
3930,Koja zemlja ima rukovodstvo za bezbednost mreže i informacione tehnologije?
3931,Ko je tvrdio da emocije proizlaze iz kognitivne namere?
3932,Ko je odgovoran za holokaust?
3933,Koji tip kontinentalnog režima je bio jedinstven u proterozoiku?
3934,Kada je bilo perm-trijasko izumrenje?
3935,"Kada je Tajms počeo da objavljuje novine u formatu širokog lista i tabloida, u kom regionu je Tajms povukao svoje široke vesti iz prodaje?"
3936,Koja zemlja je Tita nagradila Ordenom bele ruže?
3937,Među kime je prisutan prodorni bol?
3938,Ko je predložio ATSC kao novi standard za SDTV i VDTV?
3939,"Koja verzija, latinica ili ćirilica, se najčešće koristi?"
3940,Šta je Ajnštajn dodao Braunovom kretanju?
3941,Objavljivanje Internet eksplorera je započelo šta?
3942,Odakle je veliki broj britanskih kolonista došao na Floridu?
3943,Ko je iz Doma komuna dao izjavu o politici Jutjuba?
3944,U kojoj zemlji je bilo omiljeno porter pivo 1721. godine?
3945,Ko su bili troje arhitekata koji su uticali na brutalizam?
3946,Kako se naziva proces u kojem se mezoderm formira invaginacijom endoderma?
3947,Pod kojom vladavinom Kina nije bila izolovana?
3948,Koji je koledž bio prethodnik  fakulteta za inženjerstvo na Univerzitetu u Tokiju?
3949,"Koja ekipa je dobila dozvolu da se preseli u Dublin, Irska 1998. godine?"
3950,Koliko je novih timova moralo da se vrati u Fudbalsku ligu u sezoni 1997./1998. godine?
3951,Slatka oralna tečnost umereno smanjuje učestalost i trajanje čega?
3952,Kojim sporazumom je rezultirao rat koji se vodio od 1603. godine do 1618. godine?
3953,Kako se zove grupa od 8 bita?
3954,Zašto su neki od najboljih timova razmišljali o napuštanju Fudbalske lige?
3955,Ko je 1943. godine napravio prvi Kolos?
3956,Na koliko različitih načina se koristi termin dijalekt?
3957,Kakav tip imigranata radnje često zapošljavaju?
3958,Koja srpska monarhija je priznata 1830. godine?
3959,"Kako se naziva tehnika u kojoj se kod uzastopnih para filmskih kadrova, jedan drži tokom tri video polja, a sledeći tokom dva?"
3960,Kakvu vrednost Dloit postavlja Arsenalu?
3961,Šta je titula osobe za koju se verovalo da je oličenje osmanske vlade?
3962,U šta se posle konvertuju boje koje se obično emituju koristeći YUV-a?
3963,Ko je bio prvi dopisnik Tajmsa sa vojskom?
3964,U kojoj evropskoj zemlji su dobro razvijene usluge VRS?
3965,"Od čega se, uopšte, sastoje stene niskog stepena metamorfizma?"
3966,"Korisnički interfejs, UI bekend, pogon za izgled i druge stvari su deo čega?"
3967,Koliko je dugo je IAST standardni sistem koji se koristi za transliteraciju sanskrita?
3968,Koje godine su objavljena prva dva albuma grupe Led zepelin?
3969,Koja kriza je nastala pred kraj periode miocena?
3970,Šta psiholozi koriste da vizuelno mapiraju emocionalna iskustva?
3971,Koliko klub Fudbalske lige dobija u proseku za svoje televizijske prihode?
3972,Šta je sanskritska gramatička tradicija?
3973,Kojoj organizaciji pripada Džej Kros?
3974,Kojoj grupi jezika pripadnik Jidish?
3975,U kojoj ustanovi je Fudbalski savez imao svoj prvi sastanak?
3976,Šta zamenjuje ječmeni slad u bezglutenskom pivu?
3977,Umesto čega je Pravoslavno stanovništvo Konstantinopolja više volelo osmansku vlast?
3978,Kojih glavnih haplogrupa prisustvo je otkrila mitohondrijska dezoksiribonukleinska kiselina (mtDNK) ispitana kod Poljaka i Rusa?
3979,Šta prikazuje odgovornosti i obezbeđuje plan za koordinaciju tokom sajber incidenta?
3980,Korišćenje štampane partiture i izvođenje  veoma složenih instrumentalnih dela su karakteristike čega?
3981,Turci su koristili prostirke da obezbede izolaciju gde?
3982,Tokom kog rata su računari prvi put korišćeni za vojnu primenu?
3983,Koji su tri dela koja čine CPJ-u?
3984,Ko je bio osnivač prirodne morfologije?
3985,Koju bitku su Španci dobili 1571. godine?
3986,Ko je 1754. godine ubedio velikogo vezira da dozvoli upotrebu štamparije?
3987,Od čega su moderni ljudi možda jedini preživeli od nekoliko vrsta?
3988,Koja grana lingvistike opisuje faktore menjanja jezika kroz istoriju?
3989,Koji je najpoznatiji medijum za klasičnu muziku?
3990,Naspram čega je jeziku napravljena razlika?
3991,Šta je jedan cilj komunikacije?
3992,"Na koje poreklo muslimana se odnosi ""Mauri""?"
3993,Kada su dve politehnike u Hong Kongu dobile status univerziteta?
3994,Sa čim se mogao poklopiti izum odeće?
3995,"Sekcije kontrabasa, trube i udaraljki su pretežno kog pola ?"
3996,Koje vrste konflikata sociokulturna antropologija proučava?
3997,Gde je ubijen generalni sekretar KPJ?
3998,Koja emocija se može shvatiti kao kombinacija gađenja i besa?
3999,Iz koga jezika potiče severnogermanski jezik?
4000,Koje godine je prikazan prvi sistem HD za video-konferencije?
4001,Kako se nazivaju Računari koji imaju više ALJ?
4002,Kojoj jedinoj komunističkoj zemlji  je bilo dozvoljeno da ima ambasadu u Stroesnerovom Paragvaju?
4003,Šta je transliterovano i dodato kineskom jeziku?
4004,Šta je opšte prihvaćeno kao najstariji aerodrom na svetu koji neprekidno radi?
4005,"Da li bi nova vrhunska divizija imala komercijalnu nezavisnost od Fudbalskog saveza, kao i Fudbalske lige?"
4006,Kako je poznat matematički iskaz o svestranosti računara?
4007,Koji se uticaj zapadnog sveta mogao videti tokom Tanzimata?
4008,Iz kojih zajednica dolaze pristalice Arsenala?
4009,Koji modeli podrazumevaju da promene u raznolikosti vođene pozitivnom povratnom spregom prvog reda?
4010,"Ko je objavio knjigu sa nepotrebno dugim naslovom, „Istraživanje grada: Ispitivanja ka urbanoj antropologiji”?"
4011,Kako je Jutjub pomogao vladi?
4012,Kako video-konferencije omogućavaju međusobnu komunikaciju više učesnika?
4013,Ko je izabran za gradonačelnika Zagreba nakon što su komunisti osvojili 59 poslaničkih mesta?
4014,Koji primere prirodnih resursa navode neki korumpirani funkcioneri u vladi?
4015,Iz kojeg regiona Italije potiče istočnolombardski dijalekt?
4016,"Koje more je prestalo da postoji u Evropi, u eocenu?"
4017,Šta može osoba da pokaže u smislu i istraživanja i posvećenosti?
4018,Na šta se na kraju odnosi podeljena Anadolija?
4019,Koliko je vremena potrebno da se talog spusti i očisti nakon što će pivo iz bačve biti služeno?
4020,"Kada je Andrisen napustio kompaniju za koju je radio, koju je novu kompaniju osnovao?"
4021,Koja je svrha NCSO?
4022,Šta je označilo Prusku i Nemačku pobedu?
4023,Gde se nalazi aerodrom Pune?
4024,Šta se dogodilo sa nivoom mora kada je završena perioda devona?
4025,Šta ARP predstavlja u odnosu na internet davaoce?
4026,Koje vrste korupcije je se teško otarasiti čak i u razvijenim zemljama?
4027,Najbolji pregledači imaju ugrađen šta?
4028,Šta je uzrokovalo gubitak biodiverziteta?
4029,Šta je formirala naučna revolucija?
4030,Šta je kredit za studiranje u SAD?
4031,Ko je imao koristi od srednjih škola?
4032,Ko čuva  gol?
4033,Ne Vin je vodio koju zemlju?
4034,Koje je nacionalnosti bio Titov otac?
4035,Gde je Tito bio teško ranjen i zarobljen od strane Rusa?
4036,Koji lingvisti su ostavili stare metode iza sebe?
4037,Koliko godina je Ali Kušći proveo u Istanbulu?
4038,Šta obuhvata srednje obrazovanje?
4039,Zapadni i Istočni Sloveni ponekad se kombinuju u jednu grupu koja se zove kako?
4040,Koje etničke grupe su svrstane zajedno u srednjovekovnoj i ranoj modernoj Evropi?
4041,Kako se obezbeđuje pristup elektronskoj pošti?
4042,"Ko je formulisao klasifikacije strateškog manipulatora, pastiša ličnosti i relacionalnog sopstva?"
4043,Koja su dva uslova koja se ispunjavaju za dobro imunološko istraživanje?
4044,Gde je inženjera Tomi Flauers radio tokom 1930-ih godina?
4045,Šta podriva kontrola novca pravosuđa od strane izvršne vlasti?
4046,Na kom polju je biodiverzitet postigao ključni napredak?
4047,Koje poreklo čini većinu Hispanaca na Floridi?
4048,Šta znači DIANE u projektu DIANE?
4049,Šta IHDI konkretno uzima u obzir?
4050,Koju političku stranu  u Američkom građanskom ratu  je podržavao Tajms?
4051,Kolika je najduža susedna linija obale u Sjedinjenim Državama?
4052,Kojoj vrsti škola pripadaju sve javne osnovne i srednje škole u Škotskoj?
4053,Za koji instrument su pisane avangardne atonalne kompozicije?
4054,Koje zemlje je Naser bio vođa?
4055,Koji svet Pugin nije voleo?
4056,Divljenje izvođačima zbog novih interpretacija može se videti kada kompozitori smatraju da izvođač postiže šta?
4057,Koja religija libanskog naroda smatra da se libanski jezik razlikuje od arapskog?
4058,Koliko je dug svaki period u standardnoj fudbalskoj utakmici?
4059,U kojoj godini je NBC Sports obezbedio produženje od šest godina sa Premijer ligom?
4060,U kom je veku živeo arhitekt Le Korbuzije?
4061,Koji odnos prikaza je koristio sistem MUSE kada je demonstriran 1981. godine?
4062,Od čega je napravljen konopac koji gimnastičari koriste u svom programu?
4063,U kojoj nadležnosti je sud poništio kontratužbe?
4064,Kako se Svonzi kvalifikovao za Ligu Evrope?
4065,Kakav je politički sastav najbrže rastućeg područja Floride?
4066,Koje godine je časopis Neuorpsihofarmakologija objavio istraživanje o efektu ukusa piva na mozak?
4067,Na koje brzo rastuće tržište se Opera fokusirala?
4068,Koje zemlje je Nehru bio vođa?
4069,Koji nadimak je dat Sportskom klubu Braga po potpuno istom oponašanju Arsenalove timske sportske opreme?
4070,Šta će kompresija koja se koristi u svim sistemima za skladištenje i prenos VDTV-e učiniti ako je rezolucija previsoka?
4071,"Partitura određuje kako su različiti  delovi usklađeni, visinu tonova i  koji drugi detalj?"
4072,Šta jede glista?
4073,Koji se termin odnosi na proces kroz koji koledž prolazi pre nego što može da dodeli magistarske diplome?
4074,Šta znači KCRSI?
4075,Šta su radili Boasovi savremenici u 40-im godinama?
4076,Šta je predsednik FKK-e rekao da se zalažu i internet i prvi amandman?
4077,U kojoj diviziji je Arsenal bio rangiran do početka Prvog svetskog rata?
4078,Ko je osnovao aerodrom Koledž Park?
4079,U šta je autosegmentalna fonologija prerasla?
4080,"Ključni zadatak psihologa, sociologa i antropologa je da opišu koje teme?"
4081,"Tokom Drugog svetskog rata, Sovjetski dvostruki agent koji je bio dopisnik Tajmsa u Španiji 1930-ih godina kasnije se pridružio kojoj agenciji?"
4082,Koji pojedinci su osnovali Internet arhivu?
4083,Šta je 20. vek doneo kao proširenje antropoloških odeljenja?
4084,Koji je nemački termin za ono što se u francuskom govornom području Švajcarske naziva specijalizovana škola?
4085,Koje godine je osnovan IFAB?
4086,Koji energičan urednik je spasao Tajms od finansijskog kolapsa 1890.?
4087,Na kom standardu su bili zasnovani ATSC i DVE?
4088,Kada se imenovanje parametra veličine kadra ili brzine kadra može smanjiti?
4089,Koje vrsta školovanja može biti najskuplja?
4090,Koja evropska kompanija je pokrenula VD1?
4091,Koja teorija smatra da je bol specifično osećanje?
4092,Koliku je Viakom tražio odštetu u tužbi protiv Jutjuba?
4093,Koja dva velika okeana su postojala tokom periode karbona?
4094,Ko namerno i nenamerno prenosi vrste?
4095,Kada se završila romantična era?
4096,Gde se nalazi Nacionalni muzej prirodne istorije?
4097,Koliko puta su klubovi Premijer lige osvojili Ligu šampiona između 1992. godine i 2013. godine?
4098,Koje godine je Češka Republika izgubila u finalu Evropskog prvenstva?
4099,Koja datoteka se i dalje čuva ako sajt sprečava Internet arhivu da ga snima?
4100,Koju poziciju je Tito imao u Savezu komunista Jugoslavije?
4101,Šta predstavlja EU?
4102,Kada se u Sjedinjenim Državama pojavila srednja škola?
4103,Šta razlikuje plakozoe od ktenofora i knidarija?
4104,Kakva je raznovrsnost bila u materijalima odeće tokom istorije?
4105,Kada je tim Arsenal Dame postao poluprofesionalni?
4106,Iz koliko nacija se WCAA može pohvaliti članovima?
4107,Šta se dogodilo u atmosferi Zemlje posle formiranja kore?
4108,Koji je jedan od primera onoga što signalna ravna kontroliše u sistemu za video-konferencije?
4109,Pomoću čega se iskrcavaju putnici?
4110,Iz kojih različitih oblasti naučnici dolaze u antrozoologiju?
4111,"Ko, prema mišljenju stručnjaka, može osećati bol?"
4112,Šta su Nanking i Peking?
4113,Koja grupa pruža mogućnosti studentima na razmeni iz istočne Evrope i Azije?
4114,Koji su neki od svakodnevnih zadataka sa kojima se trener tima mora da se bavi?
4115,Koliko smrtnih slučajeva se misli da je izazvano alkoholom?
4116,"U kom periodu je Džejms Luis izmislio „predenje na valjcima”""?"
4117,KojI je rani arhitektonski tekst proizvela Indija?
4118,Koje izumiranje je označilo počinjanje ere kenozoika?
4119,Koja etnička pripadnost glumca se uglavnom koriste za predstave u Brazilu?
4120,Čega su primeri zemaljsko emitovanje i direktno satelitsko emitovanja?
4121,Kojom brzinom se izlaže i projektuje standardni fotografski film od 35mm?
4122,Kada su se formirale mnoge ideje koje čine zapadnu klasičnu muziku?
4123,Ko je 2013. godine za razmenu zdravstvene zaštite naručio da se lažno predstavlja kao Obama i objavio to na Jutjub-u?
4124,Kojoj zajednici je Tito naredbom svojim snagama pomogao?
4125,Koji je bio cilj preduzetih mera nakon smrti Amande Tod?
4126,Koji je krajnji cilj mašine za pretragu prošlih verzija?
4127,Šta je Leon Battista Alberti smatrao najvažnijim za lepotu?
4128,Koja upotreba tehnologije može u velikoj meri da dopuni način na koji nastavnici predaju u učionici?
4129,Koliko glasova ima svaki od klubova članica Premijer lige?
4130,Koliko je Arsenal osvojio Liga šampiona?
4131,Do čega su doveli nestandartni dijalekati?
4132,Koja je popularna vrsta arhitekture koja još uvek postoji širom planete?
4133,Koja bitka se odigrala 10. novembra 1444. godine?
4134,Od kada je latinski alfabet korišćen za transliteraciju sanskrita?
4135,Šta je video-konferencije učinilo dostupnim mnogima?
4136,U kojoj godini je Francuska počela prenose sa sistemom od 819 linija?
4137,Kolika je učestalost haplogrupe R1 u Sorbima?
4138,Koja reka se pominje kao mesto preko koje su se desili najraniji slovenski pohodi?
4139,Da li su tkiva imunog obično povezana sa određenim organima?
4140,Koliko provincija je kontrolisalo Osmansko carstvo na početku 17. veka?
4141,Koja rasa ima veoma nisku stopu zauzimanja državnih funkcija u Brazilu?
4142,Šta je pokret četvrtog maja pomogao da se pokrene?
4143,Koji je prvi korak u pravljenju piva kada se slad ječma pomeša sa vrućom vodom?
4144,Brz razvoj koje vrste pregledača je doveo do razvoja nestandartnih HTML dijalekata?
4145,Koji termin koristi UN za deljenje grupa nacija?
4146,"Ko je napisao balet ""Labudovo jezero""?"
4147,Koja vrsta biodiverziteta se nalazi blizu ekvatora?
4148,Koju zastavu su protivnici Tita često palili?
4149,Kako se još može nazvati gregorijansko pojanje?
4150,Koje godine je razvijena osnova za apštant i ausbau?
4151,Da li je Premijer liga najgledanija fudbalska liga na svetu?
4152,Koji je instrument postao značajan u 19. i 20. veku?
4153,Nečija percepija druge osobe je primer kojeg koncepta?
4154,Ko je bio jedan od prvih psihologa koji je pokazao eksplicitno interesovanje identitet?
4155,Ko radi protiv korupcije u Indiji?
4156,Koja je bila uloga Entonija Krozlanda u Vladi?
4157,Koji program zahteva dodatne dve godine studija?
4158,Koje godine nije bilo fudbalskog turnira na Letnjim olimpijskim igrama?
4159,"Koje su, u najmanju ruku, karakteristike na kojim je Ruskin insistirao da bi zgrada mogla da se smatra funkcionalnom?"
4160,Koliki je procenat Portorikanaca na Floridi?
4161,Šta igra ključnu ulogu u čuvanju floralnih i faunalnih vrsta?
4162,Koje kulture su prikazivale veliku raznolikost u arhitekturi?
4163,Šta je kolonizacija Južne Afrike rezultirala?
4164,Šta je poznato kao Boni Plava Zastava?
4165,Šta se smatra de fakto drugim jezikom u južnoj Evropi?
4166,Ko je poznat kao „drug Valter”?
4167,Koliko linija rezolucije su imala evropska monohromatska emitovanja?
4168,U kom ratu je viđena pojava napetosti između carskog Japana i Sjedinjenih Država?
4169,Koliko vremena je Tito dao Dubčeku da odleti u Prag?
4170,Pre koliko vremena su se Antarktik i Australija razdvojili?
4171,Koji se termin koristi za knjige koje određuju pravila pisanja?
4172,U kom užem polju ekonomije se analiziraju emocije?
4173,Tokom koje decenije su razvijeni mehanički diferencijalni analizatori?
4174,Gde je Florida rangirana po rastu stanovništva?
4175,Ko spominje Daurentiusa (577-579) koji je ubio avarskog izaslanika kagana Bajana I?
4176,Koji procenat ljudi koji su imali amputaciju gornjih ekstremiteta oseća fantomsku bol?
4177,Šta je nekada igralo važnu ulogu u klasičnoj muzici?
4178,"Za koji hard rok stil tekstovi pesme ""Born tu bi vajld"" sadrže prvu referencu?"
4179,Kako se naziva planiranje i izgradnja zgrada?
4180,Kada je osnovana Liga nacija?
4181,Kakva je masa Meseca u poređenju sa Zemljom?
4182,"Koje su tri oblasti koje proučava imunologija, a koje međusobno utiču jedna na drugui?"
4183,Koje vrste zgrada se širom sveta uglavnom grade?
4184,Šta bi moglo da smanji sadržaj alkohola tokom pravljenja piva?
4185,Koji sultanat u Egiptu je potisnulo carstvo pod sultanom Selimom prvim?
4186,Koja perioda je došla posle pliocena?
4187,Porodica violina spada u koju vrstu instrumenata?
4188,Šta sistemi bez MCU-a koriste da bi obavili konferencije sa više tačaka?
4189,Ko je u upravi obavljao kontrolu duga Osmanskog carstva?
4190,Koji broj u srpskohrvatskom jeziku se tretira kao pridev?
4191,Koji je element učinio Oejzis jedinstvenim među britpop bendovima 1990-ih godina?
4192,Šta je u 2006. godini Jutjub otkrio da su bili većina dužih videa?
4193,Kako se u Brazilu smatraju bogati crnci?
4194,Šta je američki embargo sprečavao da Japan stekne?
4195,Kako su se zvali oni koji su u drugim socijalističkim državama Istočne Evrope odstranjivali političke protivnike?
4196,Kako se naziva proces u kojem ćelije popunjavaju unutrašnjost gastrule i formiraju mezoderm?
4197,Primeri čega su Roku i AplTV ?
4198,Preko čega je nastavljeno kulturno širenje?
4199,Koja se pretpostavka pravi u vezi sa bojama koje se prenose preko interneta?
4200,Posle kog kontinentalnog događaja je počeo paleozoik?
4201,Šta je bilo posebno izazovno u ranim godinama VDTV-e?
4202,Koji termin su antropolozi koristili da bi referisali na eriksonsku ideju o sopstvu?
4203,Kako se zove računar koji svoj program čuva u memoriji i odvojeno od podataka?
4204,Koja je jedina politehnička škola na Novom Zelandu koja je proglašena za univerzitet?
4205,Koja palata je bila mesto stvaranja oslikanih rukopisa?
4206,Šta je njihova britanska dominantna pozicija omogućila da učine u svetskoj trgovini?
4207,Šta engleski kolonisti nisu priznavali?
4208,Šta se dogodilo u karbonu?
4209,Kako se zove vladin funkcioner koji koristi vlast za nezakonitu privatnu korist?
4210,Ko doprinosi UNFPA?
4211,Na šta starija osoba možda neće reagovati na isti način kao mlađa osoba?
4212,Koje godine je Ministarstvo unutrašnjih poslova pooštrilo pravila o davanju radnih dozvola stranim fudbalskim igračima?
4213,Kada je Grejs Hoperov Harvard Mark 2 bio prekinut moljcem?
4214,Šta se uzme u obzir prilikom utvrđivanja neprimerenog uticaja tamo gde je lobiranje kontrolisano?
4215,Sovjetski dvostruki agent koji je radio za Tajms u Španiji bio je ratni dopisnik tokom kog rata krajem 1930-ih?
4216,Koja je najviša rezolucija videa koju podržava Jutjub?
4217,Koji termin se koristi za proučavanje piva?
4218,Koji je drugi naziv za video-telefonske pozive?
4219,Na kojim bićima je Bard eksperimentisao?
4220,Ko emituje utakmice Premijer lige u Sjedinjenim Državama?
4221,Šta znači „Behraafplats fan de neger”?
4222,Kako izbegavati povrede?
4223,Šta feministički antropolozi tvrde da njihova istraživanja pomažu da se ispravi?
4224,Da li je takmičenje obustavljeno zbog Prvog svetskog rata?
4225,Koji gudački instrument je često svirao baso kontinuo deonice?
4226,Ko pravi Peta-boks rek sisteme?
4227,Od čega je napravljeno Kilbijevo integrisano kolo?
4228,Koje zemlje imaju školski sistem koji je donekle sličan sistemu Severne Irske?
4229,Gde su prebivali Gorali?
4230,Ko je bio prvi izabrani republikanac na Floridi posle rekonstrukcije?
4231,Koje godine je rođen Broz?
4232,Zašto u Pekingu nije bilo novog perioda upravljanja?
4233,Triploblastični crvi su bili uporedivi po veličini sa kojim drugim stvorenjima?
4234,Ko je izabrao Tita za predsednika 1971. godine?
4235,Ko je imao hit singl sa „(Ne plaši se) Žetelac”?
4236,Kada su test prenosi VDTV-a počeli u Evropi?
4237,Šta može zaobići pokretanje alata ili drugog operativnog sistema sa SiDi-Roma?
4238,Kada je osnovana škola okruga Holihed?
4239,Kako se zove nacionalni kanadski  savez 11 škola usmerenih na istraživanje?
4240,Koje godine se Bečka filharmonija suočila sa protestima u SAD?
4241,U kojoj vrsti tradicije klasična muzika ima korene?
4242,Dva dela kojih naučnika su korišćena da bi se visokoj kasti Indije predavao sanskrit?
4243,Koji alat se koristi za izvlačenje piva iz bačve za služenje?
4244,Ko je opisao emocije u kontekstu ekspresivnih pokreta tela i kulturnih etiketa?
4245,Kako se zove kada je osoba nepoštena ili korumpirana za sopstvenu korist?
4246,Ko je glasao za zabranu ženskog fudbala na njegovim terenima 1921. godine?
4247,Ko je bio jedini  originalni član koji je ostao u Gans en' rouziz-u?
4248,Prema Verneru Hajzenbergu šta atomi nisu?
4249,Pod kojim brojem zemlja treba da bude da bi se smatrala zemljom „niskog razvoja”?
4250,Odakle potiče izraz humanista?
4251,Koji je prvi sportski program priznat od strane FIG?
4252,Koja južnoamerička zemlja je bila uključena među sedam promovisanih zemalja?
4253,Šta nudi većina otvorenih izvora obrazovanja?
4254,Koja era je počela kada su gradovi Stare (Antičke) Grčke  postali samoupravne jedinice?
4255,Kako se zove manji računar u nekim dizajnima CPJ-e?
4256,Koji privremeni trener je kasnije bio unapređen u stalnog trenera u Portsmutu?
4257,Koja zemlja ima najvišu stopu vrsta po jedinici površine u svetu?
4258,Sa kim je Tito imao nesiguran savez od početka?
4259,O čemu se feministički antropolozi prvenstveno brinu?
4260,Kada su Britanci osnovalii kolonije u Australiji?
4261,Kada je Arsenal prvobitno formiran?
4262,Zašto je Kenon verovao da fiziološke reakcije nisu dovoljan uzrok za emocije?
4263,Koje vrste govornika govore sanskrit?
4264,Gde su Južni Sloveni i germanski Gepidi stupali u brak sa avarskim osvajačima?
4265,Shvatanje sebe u prošlosti i budućnosti se značajno razlikuje  u zavisnosti od koje dve stvari?
4266,Ko je glumio u Johan Mausu?
4267,Gde su Francuzi izvršili osvajanje 1553. godine?
4268,Šta je rezultiralo bitkom kod Galipolja i opsadom Kuta?
4269,Koja je druga reč za varijacije?
4270,Koji videi su često dostupni za preuzimanje direktno sa Jutjuba?
4271,Koji aspekt istorijskih stilova je mnogim arhitektima nedostajao u modernim stilovima?
4272,Koji je bio jedini državni obrazovni sistem u Irskoj pre uvođenja sveobuhvatnih škola?
4273,Šta je bilo izgrađeno od armiranog betona?
4274,Koliko je vakuumskih cevi sadržao Kolos Mark 1?
4275,Koja su dva primera metoda i teorija kognitivne nauke?
4276,Koja su bila tri hard rok benda sa srednjeg zapada?
4277,Ko je bio razvojni programer prvog kompajlera?
4278,Šta znače trake na trofeju?
4279,Kada su sistemi mlaznih mostova uvedeni na modernim terminalima aerodroma?
4280,Prečnik čega je odgovoran za količinu bola prema teoriji kontrolne kapije?
4281,Na kojoj vrsti metalnog obruča na trofeju Premijer lige su navedeni klubovi osvajači titule?
4282,Od kojih nacionalnosti se sastoji istočnoslovenska grupa?
4283,Koji pregledač je Andrisen objavio 1994. godine?
4284,Od koje srednjoengleske reči može da se izvede reč Slav?
4285,Na čemu je zasnovan partnerski program Jutuba 2007. godine?
4286,Šta su Sjedinjene Države stavile na ratne napore Japana?
4287,Na koji dan u maju se završava štafetna trka „Bratstvo i jedinstvo”?
4288,Koji gen su u arapskim zajednicama otkrila genetska istraživanja?
4289,U kom filmu je prikazan FK Arsenal?
4290,Kako se zove jedini tehnički univerzitet na Mauricijusu?
4291,U kojoj akciji je Grejem delovao i uhvaćen da bi dobio otkaz od Arsenala?
4292,Kada je bila era renesanse?
4293,Sa kojim romanskim jezikom španski nema visok stepen međusobnog razumevanja?
4294,Koliko stranih igrača je bilo na početku Premijer lige za prvo kolo utakmica?
4295,Šta znači EYS?
4296,Koja škola nadgleda Kito astronomski opservatorijum?
4297,Kako je klasa seljaka nazvala zakon o obaveznoj vojnoj službi?
4298,Kako bol može uticati na kvalitet života i opšte funkcionisanje osobe?
4299,Šta su kolonizovali istočni Sloveni?
4300,Za koji događaj je crvena boja usvojena kao priznanje u ime Arsenala?
4301,Koje godine je Zi Zi Top objavio album „Eliminator”?
4302,Koje dva grada u Turskoj su dobili institute za tehnologiju  pedesetih godina prošlog veka?
4303,Na koji način se može MCU okarakterisati?
4304,Ko je bio osnivač Pokreta nesvrstanih?
4305,Koliko dugo se kuva slast sladovine nakon prskanja?
4306,"Koje pivo je bilo najjače 1994. godine, prema Ginisovoj knjizi rekorda?"
4307,Koje godine je Književni dodatak  Tajmsa počeo da se objavljuje na internetu?
4308,Iz koja dva naroda je Osmansko carstvo nateralo moreplovce da pronađu drugi put ka Istoku?
4309,"Tokom kog veka je izmišljen sektor, instrument za izračunavanje?"
4310,Nekada je smatrano da je sanskrit delitelj čega?
4311,Kada su antropolozi prestali da traže daleko druge kulture i umesto toga počeli da „gledaju s druge strane”?
4312,Gde je predstavljen AT&T „Pikčfon” uređaj?
4313,Šta kombinuje ritmička gimnastika?
4314,U kojoj godini je otvoren aerodrom Rim Čampino?
4315,Koje godine je pivarska kompanija BrevDog počela da proizvodi pivo pod nazivom Duh jelen?
4316,"Koji je, pored anksioznosti, primer za emociju koja nije usmerena ni na šta?"
4317,Šta se dogodilo u bici kod Plesija?
4318,Koja vojska je bila nespremna zbog invazije na Čehoslovačku?
4319,"Koja je permutacija kada je osoba spremna da se posveti, ali ne može to da uradi?"
4320,Koja organizacija koristi IUCN-ovu kasifikaciju direktnih pretnji?
4321,"U kojoj zemlji se, pored Maroka i Tunisa, govori Darijas jezikom?"
4322,Pod velikim uticajem koje literature je bilo o tome kako se zarade odnose prema školovanju?
4323,Da li regionalni lingvisti srpski i hrvatski tretiraju kao različite jezike ili kao dijalekte jednog jezika?
4324,"Šta, kada se uzme oralno, može smanjiti ukupno trajanje plača kod novorođenčadi koja prolazi kroz bolan postupak?"
4325,Zašto je viša klasa Latinske Amerike podržala državni udar?
4326,Od koje vrste radijacije odeća može da pruži neku zaštitu?
4327,Koje ljude uključuje termin „crnac”?
4328,Koje tradicionalne opcije su bile dostupne korisnicima i malim preduzećima?
4329,Od čega se sastoji osnovna škola?
4330,Kom timu je bio uskraćen ulazak u Ligu šampiona 2012. godine zbog toga što ga je branilac titule izbacio iz trka?
4331,"Osim što simbolizuju kulture, na šta se još odnose arhitektonska dela?"
4332,Šta znači DIU?
4333,Koje emocije je Kuli smatrao da su od najveće društvene važnosti?
4334,Ko je postigao uspeo u razbijanju tajnih nemačkih vojnih komunikacija tokom Drugog svetskog rata?
4335,Koji uslovi modu izazvati glad?
4336,Koje činovi su uključeni u komunikaciju između strana?
4337,Koje ostrvo se odvojilo od kontinentalne Afrike pre 66 miliona godina?
4338,Koja je svrha srednjeg obrazovanja?
4339,Od kada se starosedeoci Australije nazivaju crncima?
4340,Kako se zove tip turnira koji timovi igraju u regularnoj sezoni?
4341,Koja su kulturna mesta iz kasne jure poznata u Evropi?
4342,Koliko sutri ima u Aṣṭādhyāyī?
4343,Koji debi album Gans en' rouziz je bio drugi najprodavaniji svih vremena?
4344,Čime je proizvoljno izmerena razlika između akutnog i hroničnog bola?
4345,Koji dva žanra su napravila prodor na hard rok 1970-ih godina?
4346,"Koje godine je objavljena knjiga ""Strasti, emocije i smisao života""?"
4347,"Otkako su Arsenal i Totenhem hotspur geografski tako bliski, kako se naziva takmičenje između njih?"
4348,Kako je servis Frivju VD postepeno uveden u Ujedinjenom Kraljevstvu?
4349,Koji su bili neki od hard rok bendova 1970-ih?
4350,Šta se dešava kada se injekcija anestezije ubrizga direktno u nerve patrljka?
4351,Zašto neke životinje dva puta propuštaju hranu kroz stomak?
4352,Koju reku prelazi Kraljev put?
4353,Šta je bilo početno stanje Zemlje?
4354,Koja je najčešća hrišćanska zajednica u zapadnom delu južne Evrope?
4355,Šta je nekada smatrano umetnošću?
4356,Koji standard prenosa je Ujedinjeno Kraljevstvo počelo da koristi u decembru 2009. godine?
4357,Otkrićem čega je postignuto izbegavanje osmanske trgovačke moći?
4358,U kojoj državi Tito ima ulicu imenovanu u svoju čast?
4359,Koji proces štampanja za Tajms je zamenjen računarima 1982. godine?
4360,Šta je učinilo ponovo prisvajanje reči „crnac”?
4361,Koja platforma je pokrenuta u avgustu 2015. godine?
4362,Od čega je sanskrit adapcija?
4363,Na kom operativnom sistemu je bila dostupna aplikacija Jutjub Kidz?
4364,Šta je analiza 13 studija o lečenju bola zaključila u vezi sa efektom pravog tretmana u poređenju sa lažnim tretmanima?
4365,Kako se evropska umetnička muzika razlikuje od neevropske i popularne muzike?
4366,Koja su bila tri čikaška bluz muzičara koji su uticali na hard rok?
4367,Šta znači glagol Imnazo?
4368,Tokom kog perioda je hlađenje Zemljine kore omogućilo stvaranje ploča?
4369,Ko je započeo veliku migraciju Slovana?
4370,Koji model se široko koristi u makrosociologiji?
4371,Koji sporazum obavezuje zemlje da očuvaju biodiverzitet?
4372,Koja je najpoznatija bolest imunog sistema?
4373,Koju vrstu arhitekture je Pugin smatrao istinski hrišćanskom?
4374,Šta je Jutjub preduzeo da ne izgubi tužbe u vezi sa kršenjem autorskih prava?
4375,Koji je okean postojao između Gondvane i Azije u permu?
4376,Kada je mornarica Sjedinjenih država izmislila elektromehanički računar za upotrebu na podmornici?
4377,Koje godine je bila Titova sahrana?
4378,Kada je Sovjetski Savez stekao političko-vojni uticaj i kontrolu nad većinom slovenskih većinskih naroda?
4379,Kakva vrsta jezičkog sistema je fonologija?
4380,Šta vuče avion do jednog od vazdušnih mostova?
4381,Kada je održana prva Svetska gimnastička priredba?
4382,Koji je bio način da se postignu ekonomski ciljevi osmanskog ekonomskog sistema?
4383,Iz koga jezika su izvedeni regionalni romanski jezici Italije?
4384,Na koju kompresiju je kasnije promenjen Evro1080?
4385,U kojoj teoriji je utemeljeno stanovište da je identitet zasnovan na političkim izborima karakteristika?
4386,Koliki je bio honorar za prelaz za Gareta Bejla 2013. godine?
4387,Za šta se sada koriste univerzitetske zgrade koje još uvek stoje u Banske akademiji?
4388,Koja je bila važnost carskog harema?
4389,Iz koje zemlje je igra Čuk-Guk?
4390,Gde su bili sistemi boja PAL i SEKAM?
4391,Kako se zove rubrika sa zagonetkama u Tajmsu?
4392,Odakle je Džon fon Nojman širio prvi nacrt izveštaja o EDPAR-u?
4393,Zbog nedostatka koje perspektive razvoja je HDI kritikovan?
4394,Ko se zalagao za to da Amerikanci koriste termin „Afroamerikanac”?
4395,"Koji izraz opisuje broj i raznovrsnost biljaka, životinja i drugih postojećih organizama?"
4396,U kojoj je sredini bio veliki broj prvih ljudskih naselja?
4397,Na šta su se kadije fokusirale u nekim oblastima?
4398,Koja je glavna vera u južnoj Evropi?
4399,Kada je u Engleskoj datiran moderni period?
4400,"Čega su primeri set-top boks Skaj VD, serije 3 TiVo i VIP 622 Diš Netvorks?"
4401,Kako bi se internet klasifikovao na osnovu Naslova II?
4402,Koja karipska nacija je u gornjem kvartilu HDI-ja (ali nema IHDI)?
4403,Šta radi pravilo jedna kap?
4404,Pisanje je uvedeno nakon što se razvio koji jezik?
4405,"Kako se naziva slična, netakmičarska igra u Japanu?"
4406,Šta radi PRISM?
4407,Kako se zvao zvaničnik koji je blokirao finansiranje UNFPA?
4408,Kada se oslanjamo na agrikulturnu raznolikost da bi se zemlja posadila nečim novim?
4409,U ranim godinama koje decenije  se prvi put pojavio Univerzitet primenjenih nauka?
4410,Koja poznata porodica je 1967. godine prodala Tajms kanadskom izdavačkom magnatu?
4411,Kako je takođe poznata bezbednost računara ?
4412,Susret sa arapskim znanjem ponovo je povezao renesansne mislioce sa učenjima kojih drevnih civilizacija?
4413,Kada je prvi put korišćen rimski abakus?
4414,Koje dve karakteristike klasične muzike se ne mogu pripisati drugim žanrovima?
4415,Koji dijalekt pokriva više površine od svih ostalih dijalekta zajedno?
4416,Tagalog je koja vrsta jezika?
4417,Korišćenje životinjskog krzna kao odeće nekada se smatralo čime?
4418,Koji je primer „šuma“ koji se filtrira kroz procese interpretacije?
4419,Šta je kasnije u naprednoj gimnastici dodato pre doskoka?
4420,Ko je bio prvi britanski igrač u Premijer ligi koji je dobio honorar za prelaz veći od 3 miliona funti?
4421,U kom je gradu Tomi Flauers radio 1930-ih godina?
4422,Gde se nalazi ulica koja nosi Titovo ime za koje je utvrđeno da je neustavno?
4423,U kojoj knjizi je prvi put upotrebljen termin „računar”?
4424,Kakav je uticaj imala pukotina na okeane u kredi?
4425,"Tambura, zvona i rombl-pot su svi koji tip instrumenta?"
4426,Koji sastojak se koristi za amilotičnu fermentaciju japanskog pirinačnog vina?
4427,Na koliko glavnih oblasti su obično podeljene odgovornosti ATC-a?
4428,"Vizantijski grčki σκλάβος sklábos ""rob"", je zauzvrat očigledno izveden od čega?"
4429,U kojoj deceniji su internet video-konferencije postale moguće?
4430,Šta je bilo ubrzano sa teorijom evolucije?
4431,Bez čega može biti navedena brzina kadra u sekundi prilikom imenovanja komercijalnog VDTV proizvoda?
4432,Po kojim pravilima se u ritmičkoj gimnastici takmiče samo žene?
4433,Na kom je mestu Čejztaun?
4434,Čija je knjiga pod naslovom Fiziologija regulacije toplote i Nauka o odeći objavljena 1949. godine?
4435,"Šta razlikuje dijalekt, uz gramatiku i izgovor?"
4436,Kako se zove rubrika subotnjeg izdanja Tajmsa koja se bavi putovanjima i načinom života?
4437,Koji proces je bolji od dopuštanja da se mito nastavi primenjivati?
4438,Kada je objavljen film „Poslednja  ekskurzija”?
4439,Kome je dato zemljište na Floridi?
4440,Koji je osnovni dokument afektivnog računarstva?
4441,Ko je imao kontrolu nad sveštenstvom u Osmanskom carstvu?
4442,Šta je to što može izazvati da prijem i dekodiranje sadržaja poruke bude pogrešno?
4443,Kada je HTML5 zvanično podržao 3D snimke jedan pored drugog?
4444,Bez gubitka čega možda neće moći da se prenese izvor veoma visoke rezolucije ako je potrebno više propusnog opsega nego što je dostupno?
4445,Gde je Tito poslao Dubčeka 1968. godine?
4446,Od čega se sastoji Bulova logika?
4447,"Da je Broka danas živ, koja bi bila njegova profesija?"
4448,U kojim jezičkim državama je sanskrit opcija?
4449,Kada je reč „crnčuga” postala pogrdna reč?
4450,"Koje godine je Samit Ujedinjenih nacija o Zemlji definisao ""biološku raznolikost""?"
4451,Do čega su vežbe dovele?
4452,Ko su bili prvi stanovnici Jugoistočne Azije?
4453,"Koja je, pored britanskog engleskog, glavna varijanta engleskog jezika?"
4454,Šta može da izoluje od hladnih ili vrućih uslova?
4455,"Do koje godine, uključujući i tu godinu, je nova verzija mašine za pretragu prošlih verzija uključivala podatke?"
4456,Gde se desio poslednji otpor Belog pokreta?
4457,Koji je jedan od velikih agrarnih izazova sa kojim se suočavaju poljoprivrednici?
4458,Koji su glavni organi imunog sistema?
4459,Koje su nacionalnosti učenika srednje škole koji su naučili interlingvu u značajnom jezičkom eksperimentu?
4460,Šta znači GNIpc?
4461,Koji procenat igrača u Premijer ligi bili su izvan Ujedinjenog Kraljevstva i Irske do sezone 2004./2005. godine?
4462,Koliko dugo se nacionalni fudbalski kup Engleske održava?
4463,Reaktivne reakcije prisutne su u mozgu kojih životinja?
4464,Koja škola je bila odgovor na brutalizam?
4465,Koji je danas najčešće korišćen sistem transliteracije?
4466,"Prema Lazarusovom gledištu, šta kognitivna aktivnost može biti ako nije svesna?"
4467,Koji delovi Turske su karakteristični za mediteransku klimu?
4468,Kako verska uverenja mogu doprineti tome da osoba ostane u bolu?
4469,Koje zapisi o esnafima još postoje?
4470,Srednjovekovni period počinje padom kog grada?
4471,Kako se naziva kompjuterski program koji proširuje funkcionalnost pregledača?
4472,Koji drugi metod koriste gram-negativne bakterije za oslobađanje materijala?
4473,Razlika u odgovoru imunološkog sistema beba je uzrok čega?
4474,Kada je objavljeno „Sedam lampa arhitekture“?
4475,Koji je najnoviji razvoj sistema VDTV-e?
4476,Koji termin u Brazilu i Španiji označava politehnički institut?
4477,Šta je postalo široko rasprostranjeno u renesansi?
4478,Koliki je bio honorar za prelaz za Kristijana Ronalda u 2009. godini?
4479,U kojoj godini je urbanizacija u Osmanskom carstvu počela da raste?
4480,Kada je sistem MUSE prvi put demonstriran u Sjedinjenim Državama?
4481,U koje tri velike podgrupe su podeljeni Sloveni?
4482,Ko je investirao u evropske dugove?
4483,Ko je poboljšao Gesnerovu teoriju prerade kerozina iz uglja?
4484,Šta je drugi naziv za južnu Evropu
4485,Koji je bio zvanični datum pokretanja Jutjub veb stranice?
4486,"Pored evaluacija i misli, koju su kognitivnu aktivnost teoretičari smatrali neophodnom za emocije?"
4487,U kojoj godini je Osmansko carstvo proglasilo bankrot?
4488,Koja mreža u Australiji nudi gledaocima izbor koju utakmicu u subotu popodne da  gledaju?
4489,Gde Internet arhiva pokreće centar za podatke?
4490,Koji aspekti definišu kulturnu grupu?
4491,Koji tip bola izaziva stimulacija nociceptora?
4492,Kada je Hajberij Arsenalu postao osnova?
4493,Kada se prvi put pojavila većina višećelijskih kola?
4494,Koje vrste propisa pogoršavaju korupciju za javne troškove?
4495,Šta znači AKNTS?
4496,Koje godini je Tito nezavisno od Moskve razvijao svoj plan ekonomskog razvoja?
4497,Kakvi zahtevi su 1979. godine uzrokovali propast Tajmsa?
4498,"Koju vrstu tehnike Kina još uvek koristi, prema mišljenju Stejt departmenta?"
4499,Kada je nastala moderna fizika?
4500,"Šta meri potencijalni razvoj, HDI ili IHDI?"
4501,Šta znači izraz „ljudi crne rase”?
4502,S kojim emocionalnim komponentom su bihevioristi identifikovali emocije?
4503,U kom romanu Ijana Fleminga je opisano da Džejms Bond čita samo Tajms?
4504,Pregledači obično imaju dodatke za podršku čega?
4505,Koja strategija podrazumeva izbegavanje situacije u kojoj bi se mogle doživeti neželjene emocije?
4506,Za koji proces vezujemo prvi arhitektonski dostignuća?
4507,Koliko dugo je Tajms štampan u formatu širokog lista?
4508,Koja organizacija je stvorila kriptološki spektar?
4509,Koja nemačka ministarka je kritikovala sposobnost sveobuhvatnih škola da pomognu učenicima da postignu uspeh?
4510,U kojoj deceniji su se sociolozi fokusirali na društvenu relevantnost emocija?
4511,Koja je profesija Majkla Grejama?
4512,Ko je 1639. godine ponovo osvojio Irak?
4513,Šta je Abisinija?
4514,Koju počast je imao sultan Osmanskog carstva?
4515,Kakva ograničenja postoje u čuvanju kopija veb-stranica?
4516,Koji drugi tekst je bio srodan sa Aštadhjaji?
4517,Koga je Tito nasledio na mestu predsednika Jugoslavije?
4518,Koje vrste signala mogu da snimaju W-VHS snimači?
4519,Od čega se sastoji probavni sistem glista?
4520,Koje godine se Arsenal pridružio fudbalskoj ligi?
4521,Za šta je termin „ljudi crne rase” pokazatelj u Sjedinjenim Državama?
4522,Nakon kog događaja se poslednja gradska iredente pridružila Italiji?
4523,Kada je Dekart propovedao o svojim teorijama o bolu?
4524,Koliki deo brazilskog stanovništva je imao veze sa afričkim poreklom 2007. godine?
4525,Šta je bilo na VD1 za 4 ili 5 sati dnevno?
4526,Gde se nalazila mreža za snabdevanje električnom energijom Tomasa Edisona?
4527,Koji materijal se ne gužva lako?
4528,Kakav pravni sistem su uveli Englezi na Floridi?
4529,Kako se zvala poznata škola u srednjem veku?
4530,Koji proizvođač je postao Arsenalov dobavljač uniformi 1994. godine?
4531,Koji klub je od sezone 1994./1995. godine bio prvi van „Velike četvorke” koji je osvojio titulu ?
4532,Za koje vrste abortusa se optužuje UNFPA?
4533,Kada je Džon fon Nojman objavio prvi nacrt izveštaja o EDPAR-u?
4534,Za koliko je 1982. godine smanjen dozvoljen broj zaposlenih u štampariji u Tajmsu i Sandej Tajmsu?
4535,"Klasična muzika može obuhvatati svu zapadnu umetničku muziku ili preciznije, muziku od 1750-ih do kada?"
4536,Na šta se takođe može odnositi osmanska kaligrafija?
4537,U koju ligu se automatski kvalifikuje petoplasirani u Premijer ligi?
4538,"Baltika i Sibir su primeri čega, tokom periode kambrijuma?"
4539,Koliko puta se FA kup igrao na Ovalu ?
4540,Kakva je bila Raskinova karijera?
4541,Na čemu su se temeljili standardi Srbije i Hrvatske?
4542,Koja je prva faza u pripremi za varenje kod sisara?
4543,Koji termin je sledio posle „crnja” i „obojen”?
4544,Kome je osmanski sultan naredio da prevede Ptolemejevo delo?
4545,"Koji se termin ponekad koristi, ako se samo izgovor razlikuje od standardnog jezika?"
4546,Kako se zove kašasto pivo na bazi prosa napravljeno u Kirgistanu?
4547,Ko je Netbjula smatrao da je pravno lice koje bi trebalo da bude odgovorno za dostupnost svojih snimaka?
4548,U kojoj španskoj koloniji žive Afro-Španci?
4549,Šta se čini da nedostaje gljivama i vinskim mušicama?
4550,Kojoj partiji pripada Barbara Somer?
4551,"Još uvek postoji kontroverza o tome kako izvoditi dela, iako partiture pružaju šta?"
4552,Kakav je bio običaj za one koji su nosili cipele u zatvorenom prostoru u Osmanskom carstvu?
4553,Kada je počela Sinhajska revolucija?
4554,Koga je pobedio Henri sedmi u bici kod Bosvorta?
4555,Šta je objavio Nikolaj Trubeckoj?
4556,Šta arheolozi mogu zaključiti iz materijalnih ostataka?
4557,U kojoj godini je SSA ispratila povećanje broja saslušanja za  55% putem video-konferencija?
4558,U kom vremenskom periodu je došlo do vrhunca svađe između drevnih i modernih?
4559,Koji indeks proučava korelaciju korupcije i vojske u zemlji?
4560,Ispitivanje koje vrste govornika podrazumeva fonološko proučavanje jezika?
4561,Kog opšteg procesa je industrijalizacija deo?
4562,Kada je počeo prvi svetski rat?
4563,U kojoj godini je objavljena Studija televizijskih sistema visoke definicije?
4564,"Koja demonstrirana oprema kojom upravljaju računari, koji nisu povezani na internet, takođe može biti ranjiva?"
4565,U kojoj tehnologiji su Evropljani pobedili Osmansko carstvo?
4566,"Kako su proizvodi postali finansijski dostupniji, za koji je koncept počela da se zanima srednja klasa?"
4567,Koja reč znači politehnička škola na finskom jeziku?
4568,Koji je bio prvi elektronski digitalni programabilni računar na svetu?
4569,Koji muzej ima vazu sa slikom igrača episkirosa?
4570,Šta mogu da prikažu televizori spremni za kablovsku bez upotrebe prijemnika spolja?
4571,Koje su bile dve druge etničke manjine masakrirane tokom osmanskog etničkog čišćenja?
4572,Ko je razvio HDI?
4573,Na čemu se zasniva ocena teškoće gimnastičara?
4574,Šta je dinastija Ćing pokušala da uradi suočena sa građanskim nemirima?
4575,Koju idealnu proporciju je Alberti promovisao?
4576,Šta je paraplegija?
4577,Koju vrstu proizvoda koji nije novina  je Tajms počeo da objavljuje 1895?
4578,Koji su napadi osmišljeni da učine mašinu ili mrežu nedostupnom namenjenim korisnicima?
4579,Ko je bio direktor Akademije nauka Moldavije?
4580,U koje vreme je hladni rat bio blizu kraja?
4581,Uzdizanje kog planinskog područja u Evropi je rezultat pomeranja afričke ploče na sever u evroazijsku?
4582,U kom gradu je bluz stil stvorio prethodnike hard roka u električnom bluzu?
4583,Kako se zove deo na Jutjubu koji omogućava glavnim izdavačima sadržaja da objavljuju filmove i epizode standardne dužine?
4584,Koji delovi reptila reaguju na senzorne signale?
4585,"Kako se naziva uobičajeni način gledanja 3D filma, sa crvenim i plavim naočarima?"
4586,Čega više može zahtevati izvor veoma visoke rezolucije?
4587,"Šta je, osim sadržaja, privuklo negativnu pažnju na komentare na Jutjubu?"
4588,Kada je stvoren prvi analogni računar u obliku mašine za predviđanje plime i oseke?
4589,Ko je dobio prava emitovanja Premijer lige 1992. godine?
4590,Gde se himus apsorbuje?
4591,Ko ima rekord sa najviše golova u Premijer ligi?
4592,Šta generišu stimulusi koji šalju signale duž nervnih vlakana?
4593,Koliko je masovnih izumranja bilo od početka života na Zemlji?
4594,Koliko godina je kao urednik bio urednik koji je podneo ostavku u Tajmsu 1982. godine?
4595,Šta je Rimska laboratorija?
4596,Kada je u antropologiji došlo do epistemološkog pomaka od pozitivističkih tradicija?
4597,Kako se zove proučavanje bolesti koje su uzrokovane poremećajima imunološkog sistema?
4598,Ko je bio praćen prvim računarskim crvom?
4599,Šta je potrebno da bi hardver bio ugrožen?
4600,Koji termin je Venturi koristio za brutalističke i modernističke zgrade?
4601,"Koja tri singla sa albuma „Piromanija”, grupe Def leparda, su bila na listi 40 najboljih?"
4602,Ko više ne može da dizajnira veliku strukturu?
4603,Kako se nazivaju različitosti standardnog italijanskog jezika iz 20. veka?
4604,Gde se mogu naći ostaci improvizatorske tradicije?
4605,Kada je Tim za reagovanje na računarske hitne slučajeve istražio 79 hakerskih incidenata u energetskim kompanijama?
4606,Kada je Hasova rodila Titovog sina?
4607,Koji pokreti mišića se koriste za varenje?
4608,Gde su u 16. veku Osmanlije i Portugalci vodili pomorske ratove?
4609,Koja je najveća zemlja koja je bila uključena među sedam promovisanih zemalja?
4610,"Osim  utvrđivanja osnovnih fonema, šta fonološko proučavanje jezika još pokušava da sazna o jeziku?"
4611,"Osim vode i hmelja, koji je jedini drugi sastojak dozvoljen u pivu?"
4612,Gde su Britanci razbijali tajne nemačke vojne komunikacije tokom Drugog svetskog rata?
4613,Ko je osnovao autosegmentalnu fonologiju?
4614,Za koliko poena Mocartov efekat povećava koeficijenet inteligencije učenika?
4615,Gde je osmanska flota ostala da propada?
4616,Koliko emitera u Japanu je delilo jedan kanal?
4617,Šta znači abv?
4618,Na koje dve stvari se Fond fokusira prilikom formulisanja kako bi podržao održiv razvoj zemljama u razvoju?
4619,Ko je razvio ASI?
4620,Poreklo kog vizantijskog termina je sporno?
4621,Kako se zvao Bon Džovijev album iz 1995. godine?
4622,Koji film je prikazao igru Arsenala na pogrdan način?
4623,U kojoj klimatskoj sredini odeća štiti od sunčevih opekotina i vetrovih oštećenja?
4624,Koliko ima Ciljeva održivog razvoja?
4625,Ko je stvorio najstarije preživele arhitektonske planove?
4626,Kako se nazivaju napadi u kojima se nevini sistemi prevareni da šalju saobraćaj žrtvi?
4627,Gde je doveden Tito kao ratni zarobljenik u Rusiju 1918. godine?
4628,Šta stvara trage slične fosilizovanim tragovima koje su otkrili paleontolozi?
4629,Izvođači mogu da koriste svoje znanje o čemu da bi pomogli u tumačenju pisane partiture?
4630,Šta je Tejlorov izveštaj preporučio za katastrofu u Hilsborou 1989. godine?
4631,Odakle je Francusko carstvo vladalo velikim delom Evrope?
4632,Koji instrument je postao glavni klavijaturni instrument tokom klasične ere?
4633,Šta je bila De Kurtneova profesija?
4634,Na koji se princip usredsredio Novosadski dogovor?
4635,Koje godine je UN glasala za usvajanje Ciljeva održivog razvoja?
4636,Šta uopšteno znači autodidaktizam?
4637,Gde se može biti viđen treći lav?
4638,Za koliko godina je bio ugovor o televizijskim pravima iz 1986. godine?
4639,Koji se drugi termin koristi za usluge specijalnog obrazovanja?
4640,Šta materijalizam ne definiše?
4641,Koliko filmova je bilo u ponudi 2010. godine na servisu za iznajmljivanje na Jutjubu?
4642,Ko pravi procene gubitaka širom sveta koji se mogu pripisati kršenju bezbednosti?
4643,Koja nova vrsta građevinske tehnologije je omogućila izgradnju nebodera?
4644,Kako je Zair nekada bio poznat?
4645,Ko je uveo termin fitohorija?
4646,Koliko prelaznih rokova je dostupno svake godine od Fudbalske asocijacije?
4647,U kom delu sveta je živeo izmišljeni detektiv Nero Vulf?
4648,"Nakon šest meseci, koji procenat ljudi kojima su  amputirani ekstremiteti je još uvek osećao bol u tim ekstremitetima?"
4649,Koliki zapreminski procenat alkohola postiže pivo kada mu se doda kvasac za šampanjac?
4650,Kakvi ljudi su skloniji emocionalnom izražavanju?
4651,Koliko pobeda je Arsenal imao da bi postao najuspešnija ekipa u istoriji FA kupa?
4652,Klasična muzika u 2000-im je izgubila većinu svoje tradicije čega?
4653,Koji veliki uragan je pogodio Nju Orleans?
4654,O kakvom se novcu radi kada se smatra političkom?
4655,Kako se naziva šuplja sfera u koju se zigota prvobitno razvija?
4656,Šta znači PNO?
4657,"Pored flaša i limenki, kako se pivo često prodaje u barovima?"
4658,"Na kakvom tipu diska se često koriste 1080i, 1080p i 720p?"
4659,Koja pab igra je popularna u narodima koji u velikom broju piju pivo?
4660,Za šta se zalažu Pokretači promena?
4661,Ko je razvio sveobuhvatnu teoriju koja se odnosi na ljudsko emocionalno uzbuđenje?
4662,Kakav tip ažuriranja je objavljen 18. decembra 2008. godine?
4663,Šta znači LE?
4664,Koje  jedinice  proučava tradicionalna fonologija?
4665,Zašto Jidish nije dijalekt nemačkog?
4666,Za kupovinu čega se ponekad koristi novac od strane pomoći pored izgradnje luksuznih građevina?
4667,"Šta dela klasičnog repertoara pokazuju u svojoj upotrebi orkestracije , harmonije i forme?"
4668,"Koji je od tri tehnološka univerziteta, osnovanih u poslednje vreme najmlađi, iz 1861. godini?"
4669,Šta je Kancelarija za poštenu trgovinu odlučila u vezi sa tvrdnjom da Skaj zloupotrebljava svoju poziciju od 2002. godine?
4670,Koje zemlje je Gandi bio vođa?
4671,U kojim programima je široko dostupan besplatan softver za video-konferencije?
4672,"Za šta bi se mogli koristiti Vaj-Faj, blutut i mreža mobilnog telefona na uređajima?"
4673,Kada je stvoren biopolarni tranzistor?
4674,Koji broj označava minimalni rezultat da bi se zemlja smatrala zemljom „visokog razvija”?
4675,Koji grad je osvojen od Mlečana 1387. godine?
4676,Neo-eriksonska paradigma statusa identiteta se fokusira na koje dvojne koncepte?
4677,Šta se dešava kada zagrizete nešto što ne možete da žvaćete?
4678,Koje faktore virulencije imaju neke bakterijske vrste?
4679,Koje oblasti sveta naseljavaju Slaveni?
4680,Koliko zemalja je usvojilo Ciljeve održivog razvoja?
4681,Ko je napravio Harvel CADET?
4682,Koja su dva embrionalna sloja koja  formira većina blastula?
4683,"Za šta je, na kraju, korišćen sistem transformatora Sovjetskog Saveza?"
4684,"Koja je permutacija kada osoba nije izabrala ciljeve u prošlosti, ali je spremna da ih izabere u budućnosti?"
4685,Šta je Burge uradio sa kupom?
4686,Ko se udružio sa Osmanlijama u Indijskom okeanu?
4687,Šta je bio glavni uzrok širenja štokavštine?
4688,"Osim engleskog,  koji drugi jezik se govori na Malti?"
4689,Šta se desilo tokom revolucije crvene frakcije?
4690,Koja je druga reč za Kadiju?
4691,Koliko je procenjeno da organizacije održavaju računarske sisteme sa efikasnim sistemima otkrivanja?
4692,Koliko ljudi u Jemenu ima afričko poreklo?
4693,Šta u vezi sa bolom kod životinje nije moguće sa sigurnošću znati?
4694,Kada je reč „Sloveni” upotrebljena u nacionalnoj himni Republike Slovačke?
4695,"Osim što radi direktno sa vladama, sa kim još UNFPA sarađuje?"
4696,Koja je maksimalna dužina videa na Jutjub-u?
4697,Kako je Vajc definisao antropologiju?
4698,Od koje grčke reči je izvedena reč logija?
4699,Šta obeshrabruje raspodelu novca na više instance?
4700,Ko je optužen da je izveo na suđenje veliki broj nacističkih saradnika?
4701,U kojoj oblasti se izučavaju računarski programi koji mogu da uče?
4702,Kada su Rolingstonsi izdali („Ne mogu dobiti ne) zadovoljstvo”?
4703,"U savremenoj Italiji, sa kojom klasom ljudi se ponekad povezuju regionalni jezici?"
4704,"Kada su Rusko carstvo, Srbija i Crna Gora bile jedine slobodne slovenske države na svetu?"
4705,Koliko je perioda u standardnoj fudbalskoj utakmici?
4706,Gde se nalaze Boduli?
4707,Šta pomaže pilotima da pronađu pravac do aerodroma?
4708,"U kojoj grupi se prvo formira anus, a  usta se razvijaju sekundarno?"
4709,Koji američki emiter trenutno prikazuje Premijer ligu?
4710,Na kom fakultetu su napisana pravila Kembridža?
4711,Ko je bio sin Čarlsa Bebidža?
4712,U starijoj formi kog jezika je više od polovine reči pozajmljeno iz sanskrita?
4713,Šta je bilo najznačajnije u arhitekturi prema Ruskinu?
4714,Tokom kojeg perioda je trajala evropska renesansa?
4715,Kada je Osmansko carstvo osvojilo Konstantinopolj?
4716,Sa koliko komercijalnih aerodroma je Britanska uprava za aerodrome prvobitno funkcionisala?
4717,Koja je jedna oblast u kojoj se telekonferencije ne mogu koristiti?
4718,Nijedan dokaz o slovenskom naseljavanju na kom prostoru ne datira pre oko 600 godina nove ere?
4719,Šta je potencijalni vektor napada za javne službe kao što je elektroenergetska mreža?
4720,Šta se sada smatra sistemima sa 525 i 625 linija?
4721,Šta radi Televizija Poljska?
4722,Zašto je štokavski predložen kao zajednička jezička baza?
4723,Ko je bio gitarista benda Krim?
4724,"Ako tim ispadne iz Premijer lige, koju vrstu televizijskog plaćanja dobija?"
4725,Šta je postao Thonburi tehnološki Institut nakon promene imena?
4726,"Da li izraz ""crni ljudi"" može imati različite značenja?"
4727,Koja dvoslovna skraćenica se koristi za dodiplomske/osnovne inženjerske kurseve?
4728,Ko je vodio Burmu 1959. godine?
4729,Koliko konsonanata ima srpskohrvatski jezik?
4730,Kada je izšao Beli album?
4731,Kako se definiše ljudska komunikacija?
4732,Ko je odgovoran za usmeravanje celokupnog zemaljskog saobraćaja u određenim zonama?
4733,"Šta je Betoven proširio u svojim simfonijama  3, 5, 6 i 9?"
4734,Koje grupe su nazvane po osobini rasta linjanjem ili ekdizom?
4735,Koja licenca sledi nakon završetka UEFA „B” i „A” licence?
4736,"U prethodne dve godine, koji rang mora da ima tim igrača da bi dobio radnu dozvolu od Ministarstva unutrašnjih poslova?"
4737,1833. godine slovenski jezici su priznati kao koji jezici?
4738,Šta još takođe zaustavlja mito pored udruživanja sindikata i zaštite dece na radu?
4739,Od čega odeća čuva otrovne materijale?
4740,Ko je obnovio teritorije Osmanskog carstva na Balkanu od 1430-ih godina do 1450-ih godina?
4741,Šta je objavila studijska grupa SMPTE 1979. godine?
4742,Kada je odnos između Slovena i Veneta bio nesiguran?
4743,Šta Prokopije opisuje u svojim spisima o Sklavenima i Antima?
4744,Takođe je uobičajeno povezati aerodrom i grad sa čime?
4745,U kojim vrstama ambalaže se pivo obično prodaje?
4746,Zašto je Karl Marks kritikovao humanističku filozofiju?
4747,"Kojeg hard rok podžanra su sve primeri D sord, Haj on fajr, Vičkraft i Vulfmadr?"
4748,Koja količina sredstava je izdvojena za osnovne resurse UNFPA?
4749,Do pada čega je možda dovelo formiranje pomorskih puteva koji su zaobilazili Bliski Istok?
4750,Koje životinje su osetljivije na smanjenje površine staništa?
4751,Koliko je najmanje američkih aviona oboreno između 1945. godine i 1948. godine?
4752,Koliko godina je trebalo da projekat DIANE raste?
4753,Šta je pokušaj da se razumeju druga društva na njihovim vlastitim uslovima?
4754,Šta je bio razlog polarizacije za pristupačno obrazovanje?
4755,Koliko je Tito govorio engleski?
4756,Šta je u pljuvački koja počinje da vari skrob?
4757,Gde je na Zemlji biodiverzitet najbogatiji?
4758,Zašto je za naučnike  ekonomičnije da proučavaju mali broj vrsta?
4759,Šta je različito od sopstva?
4760,Zašto su crnci strahovali da se prepoznaju kao Afrikanci?
4761,Zašto je u Sjedinjenim Državama uvedena srednja škola?
4762,Ko je izveštavao FA kup od 1988. godine do 1997. godine?
4763,Ko je ubio poslanika kagana Bajana I?
4764,Šta nije bilo dovoljno bogato za mnoge romantične kompozitore?
4765,Ko je proširio ulogu instrumenata sa jednostrukim jezičkom?
4766,U rano formiranje koje države su bili uključeni Skandinavci (Varjazi) i finski narodi?
4767,Koja je najpouzdanija metoda za saznanje o bolu kod ljudi?
4768,Za koji amandman je administracija smatrala da je UNFPA finansiranje prekršilo?
4769,Koji je treći izvor finansiranja istraživanja za institucije visokog obrazovanja u Kanadi pored privatnog kapitala i industrijskih izvora?
4770,Sa kojim civilizacijama su slovenske grupe imale značajan kulturni kontakt?
4771,Šta se dogodilo sa internetom krajem osamdesetih godina prošlog veka?
4772,Kada je Virdžinija usvojila princip dete prati status majke?
4773,Gde su istraživali kineski trgovci?
4774,Kome pripada Godard centra za svemirske letove?
4775,"Šta je, pored gneva, gordosti i sreće, primer za emocionalnu oznaku?"
4776,"Kakav stil je sada ograničen na stranicu ""Sud i društvo"" u Tajmsu kada se govori o upotrebi učtivih titula?"
4777,Koji je cilj gimnastike sa palicama?
4778,Ko pruža uslugu virtuelnog servera?
4779,Kog termina je upotreba jedna tehnologija koja se koristi za primenu bezbednih operativnih sistema?
4780,Koji je jedini tip škole koji funkcioniše u Velsu?
4781,Šta zagovara darvinizam?
4782,Kako se zove davanje državnih poslova pristalicama?
4783,Koja je najčešća hrišćanska zajednica u istočnom delu južne Evrope?
4784,Šta je dijalekatski kontinuum?
4785,Od koje nacionalnosti potiču ljudi koji govore kreolski jezik iz Limona?
4786,Kog jezika je standardni dijalekt standardni filipinski engleski?
4787,O čemu pišu novinari protiv kojih mogu biti podnete lažne optužbe?
4788,Navedite još jednu trku na Floridi?
4789,Kako je Crvena armija savladala svoje neprijatelje?
4790,Koja je bila svrha videa Imana Krosona?
4791,Kako je Draža pogubljen?
4792,"Od 2010. godine, koja je maksimalna dužina video snimka koju korisnik može da objavi, ako ima odgovarajuće ovlašćenje?"
4793,Ko je 1920. godine bio osoba koja je razvila mehaničke diferencijalne analizatore?
4794,Koji je oblik komunikacije koji se primećuje u biljkama?
4795,Kome je Liga pokušala da nametne ekonomske sankcije?
4796,Kada je Nintendo konačno pristao da podeli profit od oglasa sa onima koji objavljuju video snimke?
4797,Koja je starost Zemlje?
4798,Na šta je upotreba sanskrita kao jezika viših klasa izazvala otpor?
4799,Kada je demonstrirano prvo funkcionalno integrisano kolo?
4800,Šta ima simfonijski orkestar što nedostaje  koncertnom bendu?
4801,Koliko pretplatnika trenutno  ima digitalni proizvod Tajmsa od oktobra 2011.godine?
4802,U kom gradu je bila Titova službena rezidencija?
4803,"Pored reči za namernice i porodične odnose, koje su francuske i italijanske reči još slične?"
4804,Zašto su video i audio zapisi od H.323 tehnike višeg kvaliteta?
4805,Protiv čega se Boas suprotstavio?
4806,Ko koristi latinično pismo?
4807,Kako se najranija odeća nosila na telu?
4808,Tokom koje periode su se formirala epikontinentalna mora?
4809,Ko je sprovodio studiju o sveobuhvatnim školama?
4810,Koji kapacitet rasporeda sedenja je Vembli pružio Arsenalu da bi ga privukao da igra tamo?
4811,Koga su skrivali Seminoli?
4812,Šta je proglasio Ustav da će Južna Afrika biti?
4813,Kakav je bio plasman Arsenala u ligi na kraju prošlog veka?
4814,Čiji je koncept korisnosti zamenjen modernijim konceptom funkcije?
4815,Ko je izmislio koncept računara koji može da se programira?
4816,Šta je strogo sprovodila naredba društvenog poretka?
4817,"Koliko članova ima ""Grupa 77""?"
4818,Šta je jedan od glavnih razloga zbog kojih piloti sede na levoj strani aviona?
4819,Kojom brzinom su se ponekad širila urbana naselja?
4820,Kada je vladao sultan Ahmad al-Mansura?
4821,Šta je Pokret „4. maj”?
4822,Zašto bi se Arapin sa crnim izgledom smatrao belcem?
4823,Koga je uznemirili Nemačko sponzorstvo Lenjinovog povratka u Petrograd?
4824,Ko upućuje vozila na koje rulne staze da koriste?
4825,Koje godine je okončano Osmansko carstvo?
4826,Koju filozofsku perspektivu je zastupao Vajc?
4827,Šta je standard EAL4?
4828,Kada je Fudbalska Liga prvobitno osnovana?
4829,Ko se pridružio Kozacima 1648. godine?
4830,Koje godine je Vilijam IV usvojio zakon o čistoći piva?
4831,Kako se zovu najprodavanije britanske dnevne novine  srednjeg tiraža?
4832,Koju političku koaliciju je Tajms podržao 1974. godine?
4833,Kako se zvao veliki hit Kvina iz 1975. godine?
4834,U kojim aspektima prava se navode dokazi o emocijama sem kod krivičnog gonjenja?
4835,Stadijum blastule je karakteristika koja je isključivo  vezana za koji organizam?
4836,Kako se zove program u ROM-i personalnog računara?
4837,U čemu klinička hipnoza može biti efikasna kada je reč o bolu povezanom sa hirurškim procedurama kod odraslih i dece?
4838,Kako se naziva grupa životinja koje često imaju specijalizovanu glavu sa organima za ishranu i senzorne organe?
4839,Na koje druge vrste jezika su primenenjeni principi fonološke analize?
4840,Zašto je postojao najslabiji trenutak za engleski fudbal?
4841,Kog datuma je zakonski osnovana FA Premijer liga ?
4842,Kako su video-konferencijski pozivi danas poznatiji?
4843,Koji događaj je bio prvi VDTV emitovan u Evropi?
4844,Kog datom je FIFA zatražila da sve evropske lige smanje broj timova unutar sebe na 18?
4845,Šta je donela podela što se tiče Osmanskog carstva?
4846,Ko je otkrio korelaciju da kongresmeni koji imaju manje lokalne medijske pokrivenosti manje rade za ljude koji su ih izabrali?
4847,U kom veku je hmelj postao najpopularniji začin piva?
4848,Šta je sistem zajedničkih škola uklonio iz modela sveobuhvatnog školstva?
4849,Kako su neki u MTU videli spornu liniju 750?
4850,Kada se termin „nemački dijalekti” koristi u vezi sa nemačkim jezikom?
4851,Koji dogovor pokušava da postavi standarde za bezbednost i prava radnika?
4852,Koja je prednost kontrole kritičnije infrastruktura preko računarskih programa?
4853,Koju su molitvu ljudi u Mesopotamiji koristili da bi zapamtili recept za pivo?
4854,Čega je Berners-Li bio direktor?
4855,Kom kontinentu je bio pridružen Grenland u epohi paleocena?
4856,Koje godine se Arsenal kvalifikovao za prvu ligu?
4857,Čije su potrebe više bile relevantne za novi stil?
4858,Šta je omogućilo klasičnim muzičarima da izvode muziku od pre mnogo vekova?
4859,Sadašnji kontinenti su ranije bili poznati kao koji kontinent?
4860,Ko su bili duhovni posrednici?
4861,Koliko zemalja je bilo uključeno u HDI za 2009. godinu?
4862,Koje je nacionalnosti Niko Frijdže?
4863,Kada su kolonije kolektivno postale deo Komonvelta Australije?
4864,Gde je bilo sedište Istočnog rimskog carstva?
4865,Šta je Njutnova prirodna filozofija?
4866,Koja kompanija je prva napravila limenku sa punim otvorom za pivo?
4867,Kritičari HDI-a navode da se fokusira na: egalitarizam ili autoritarizam?
4868,Koje potpolje antropologije proučava mentalne procese?
4869,Koji procenat stanovništva Izraela je crnac?
4870,Kako se zvao kontinent tokom periode karbona od koga potiču Severna Amerika i Evropa ?
4871,Koje je vreme emitovanja sanskritskih vesti na nacionalnom kanalu DD?
4872,Na koji tip postojećih škola je Tačer izvršila prisilu da se preobrate?
4873,Koliko je brzina kadra/polja najpre korišćeno 1983. godine?
4874,Iz koje vrste fosila je korišćen kiseonik za datiranje faze hirnantiske faune?
4875,Kada se razvio atomizam?
4876,Koje pivo je bolje za životnu sredinu od flaširanog piva?
4877,Ko je finansirao povezivanje računara širom Sjedinjenih Država 1970-ih godina?
4878,Kako se zvao hard rok album grupe Dip perpl iz 1970. godine?
4879,Ko je napisao U dvorani gorskog kralja?
4880,U kojoj deceniji su uvedene zajedničke škole u Irskoj?
4881,Šta je počelo da se razvija na Gondvani dok se premeštala iznad južnog pola?
4882,Do koje godine je bio operativan prvi tranzistorni računar?
4883,Koliko brojeva može da predstavlja bajt?
4884,Kako se zovu politehnike u Južnoj Africi?
4885,Gde su se odigrali balkanski ratovi?
4886,Šta uključuje aerobna gimnastika?
4887,Šta ne koristi VDTV tako što povećava efektivnu rezoluciju slike?
4888,Koje je godine TAFE Tasmanija započeo trogodišnje restruktuiranje?
4889,"U poređenju sa ordovicijumskom glacijacijom, koliko su bile velike ledene kape na Gondvani tokom silura?"
4890,"Na osnovu čijeg rada je Šef razvio teoriju društvenih veza, sem Kulijevog?"
4891,Koji istoričar je napisao da su banke bile najveća pretnja nezavisnosti Bliskog istoka?
4892,Između kog vremenskog perioda je Tetis nestao?
4893,Ko kontroliše avione u kontrolisanom vazdušnom prostoru koji neposredno okružuje aerodrom?
4894,Šta je zlonamerna tehnika u kojoj napadač prevari korisnika da klikne na dugme ili vezu?
4895,U kojoj je deceniji omogućen prenos digitalne telefonije?
4896,Koji pojedinac je najveći akcionar u odboru Arsenala?
4897,Kroz koji period je vladala kraljica Viktorija?
4898,Čime su obeleženi poslednji dani dinastije Ćing?
4899,Kojoj vrsti jezika pripada srpskohrvatski?
4900,HTTPS je podržan od strane čega?
4901,U kojoj zemlji se najčešće govori makedonski?
4902,Kada je reč „Sloveni” upotrebljena u nacionalnoj himni Jugoslavije?
4903,Do koje godine je Rimsko carstvo bilo podeljeno na dva dela?
4904,Šta je Velika depresija?
4905,Tajms je bio prvi list koji je slao dopisnike na kakve događaje?
4906,"Približno koliko je nedeljnika, dvonedeljnika i kvartala objavljeno na sanskritu?"
4907,Šta znači UEFA?
4908,"Koji je predmet koji se nosi, a ne oblači, a koji se ne smatra odećom?"
4909,"U CST-u, šta izaziva destruktivni imunološki odgovor?"
4910,Koliko je bilo studenata upisano u politehničke škole u Maleziji 2012. godine?
4911,UNFPA je najveći svetski finansijer koje vrste programa?
4912,Koja zemlja se koristi kao primer za ograničene oblike komunikacije?
4913,Kada se desila abisinska kriza?
4914,"Monodija, madrigalska komedija i intermedio su svi prethodnici čega?"
4915,Kada je Davorjanka umrla od tuberkuloze?
4916,Koju italijansku teritoriju je Jugoslavija stekla posle rata?
4917,Koga je Tajms podržao 2012. godine na izborima za predsednika SAD?
4918,Koja je bila Rajtova namera u vezi sa ljudima i prirodom?
4919,Koji klupski nadimak Arsenala se ponekad pojavljivao na klupskim majicama?
4920,Ime koje ličnosti nosi nekoliko javnih prostora u Sloveniji?
4921,"U kom veku su uvedeni 4k, 5k i 8k sistemi?"
4922,Na kraju koje ere su kontinenti poprimili otprilike svoj sadašnji oblik?
4923,Koja teorija govori da se emocionalna epizoda sastoji od komponenti?
4924,Koji akademdi su identifikovali emocije sa fiziološkim promenama?
4925,Koja vrsta organizacije pruža pristup internetu?
4926,Ko je prvi izvršio invaziju na Mandžuriju?
4927,Gde je umro Napoleon Bonaparta?
4928,Koja je trenutna cena dnevnog izdanja Tajmsa?
4929,Šta se može koristiti za identifikovanje arhitektonskih radova?
4930,U čemu se može naći računar sa ARM arhitekturom?
4931,Gde su Džon Mokli i Dž. Presper Ekerta napravili ENIIR?
4932,Kada je počela komercijalna kolonizacija Indije?
4933,Šta je jedan molekula masti?
4934,Šta je aerodrom sa objektima za letove za poletanje i sletanje?
4935,Koje je bilo prvo radio emitovanje FA kupa?
4936,Koji bivši član grupe Ikstrim je kratko bio glavni pevač Van Hejlen-a?
4937,Kada je IPK prvi put objavljen?
4938,Kako su se korisnici prijavili za probnu verziju Jutjub-og HTML5 sajta?
4939,Koji sastojak se filtrira iz većine piva kada se pakuje u flaše i limenke?
4940,Šta nije neophodno za neformalno učenje?
4941,Kako su zahtevi na oblasti u Africi koristili evropskim silama?
4942,Tokom kog celog veka su kompanije i nacije pokušavale da postignu pravu VDTV-e?
4943,Šta se fonemičko u jeziku menja tokom vremena?
4944,Kako se nazivaju instrukcije koje menjaju brojač programa?
4945,Kako se gimnastičari obično dižu na dvovisinski razboj?
4946,Tokom kojeg veka je Čarls Bebidž izumeo prvi mehanički računar?
4947,"Pored oblika sa drevnog Bliskog istoka, koje su druge forme uticale na islamsku arhitekturu?"
4948,Kako se Afro-multirasne osobe identifikuju u 21. veku?
4949,Koje ime je promenjeno u Titograd?
4950,Šta rade DCSnet u Sjedinjenim Državama i SORM u Rusiji?
4951,Koji italijanski nacionalista je govorio o važnosti nacionalnog italijanskog jezika?
4952,Koji je bio nadimak sultana Selima prvog?
4953,Sa kojom godinom se većina naučnika slaže da je počelo ujedinjenje Italije?
4954,Koji veliki događaj u devetnaestom veku  je Tajms nevoljno  podržao uprkos prvobitnom protivljenju?
4955,Na koje se vrste varijacija odnosi biodiverzitet ?
4956,Kako se danas nazivaju neki oblici korupcije?
4957,"Koji je još jedan tip slične vrste govora, zajedno sa slengovima, narodnim izgovorima i pidžin jezicima?"
4958,"Violina, violončelo, kontrabas i koji drugi instrument čine gudački deo orkestra?"
4959,Gde se nalazi Baskija?
4960,Ko je rekao da je sanskrit mrtav?
4961,"Primeri čega su Vaj-Faj, Blutut i mreže mobilnih telefona?"
4962,Od kog datuma je sanskrit ponuđen kao izborni jezik u SAD?
4963,Koje godine je Lange umro?
4964,Ko je bio gitarista u Kinks-u?
4965,Neki ljudi možda neće prijaviti bol jer veruju da je to znak da se šta približava?
4966,Koja vrsta piva koje je odležalo u bačvi se obično sipa sa kvascem?
4967,Kako se zove suosnivač Jutjuba Karim?
4968,Koji je naslov rada Džajaraši Bata?
4969,Kako se zove to kada se ukradu poverena sredstva?
4970,Čije metode je Tito koristio u borbi protiv jugoslovenskih staljinista?
4971,Kako se nazivaju periodi u fudbalskoj utakmici?
4972,"Šta opisuje uništenje staništa, invazivne vrste, zagađenje, prekomerno naseljavanje ljudi i prekomernu žetvu?"
4973,"Koje godine je predstavljen AT&T „Pikčfon”"" uređaj?"
4974,U kojoj godini je Arsenal osvojio svoj drugi evropski kup?
4975,Koji dijalekt nemačkog se retko čuje u Švajcarskoj?
4976,Kog datuma je Osmansko carstvo izdalo spoljne zajmove kako bi pokrilo troškove rata?
4977,Koji oblik je počeo da se formira tokom barokne ere?
4978,Gde se jede hrana na koju se odnosi kuhinja poznata kao osmanska kuhinja?
4979,Kakvo ponašanje izaziva preplavljenje genskog fonda?
4980,Šta je morfologija jezika?
4981,Na čemu se zasnivalo društvo tokom perioda Tokugava?
4982,Ivan Broz je izjavio da je Dalmatinac koji se identifikuje kao Srbin bio isto tako stranac kao i koja dva druga naroda ?
4983,Kako se prikupljaju prirodni proizvodi?
4984,Koje je bilo evropsko gledište o Africi koja sadrži jednu petinu svetske populacije?
4985,Koje carstvo je nekada kontrolisalo zemlje oko Konstantinopolja?
4986,Šta podržava ALS?
4987,"Šta relativnost pokazuje,  koje dve stvari su zamenljive?"
4988,"Koje novine imaju značajno veći tiraž, Sandej Tajms ili Tajms?"
4989,Koja datoteka se koristi za ostvarivanje prava koje promoviše standard za isključivanje robota?
4990,Šta je „Sarva-daršana-samgraha“?
4991,Kada se saksofoni prvi put pojavljuju u partiturama?
4992,Koje ime može da se odnosi i na Balte i na Slovene?
4993,"Kako se zove autor romana "" Hiljadu devetsto osamdeset četvrte""?"
4994,Gde su u Africi Francuzi imali kontrolu?
4995,Koja životinja je namerno invadirala Havaje?
4996,"Pored video blogova i edukativnih snimaka, koji sadržaj je dostupan na YouTube-u?"
4997,Tito je ukinuo mnoga ograničenja crkvama u Jugoslaviji posle svog povratka odakle?
4998,Šta može izazvati kontaktni dermatitis kod nekih ljudi?
4999,Koliko članova bira Evropska asocijacija klubova za UEFA-inu komisiju za klupska takmičenja?
5000,Ko je rekao da treba da istražimo uticaj koji poruka ima na primaoca poruke?
5001,Kako se nazivaju otvori u digestivnim komorama za životinje iz grupe Bilateria?
5002,Koji autor i advokat je objavio više pisama na glavnoj stranici sa pismima Tajmsa nego bilo koji drugi poznat dopisnik?
5003,Na šta se odnosi period između 1600. godine do 1868. godine?
5004,"Tokom građanskog rata u Libanu, koji jezik su libanski hrišćani zvanično koristili?"
5005,Kako su se pritke menjale tokom godina?
5006,"Raspršivanje identiteta, zaključavanje identieta i krize su kategorije čega?"
5007,Kada je postalo uslov da se veb-stranice pojave na Otvorenom direktorijumu za uključivanje u Arhivu?
5008,"Kakva vrsta prijemnika je potrebna da bi stanovnici, u Sjedinjenim Državama, mogli da primaju besplatan program preko vazduha?"
5009,Ko je bio prvi pevač AC/DC-a koji je umro?
5010,Kako korisnik čuva elektronsku poštu?
5011,Ko veruje da bi vladina intervencija uticala na inovacije?
5012,Koji urednik Tajmsa je bio usko povezan sa vladom koja se zalagala za nemačko pomirenje?
5013,Ko je bio odgovoran za dovođenje grčke kulture u Aziju?
5014,Koji mesec označava početak sezone Premijer lige?
5015,Koja je jedna dimenzija sa kojom se komunikacija obično opisuje?
5016,Kada je Svonzi Siti igrao domaću utakmicu protiv Vigan Atletika?
5017,Ko je uspostavio špijunski lanac u jugoslovenskoj partiji?
5018,Šta kolo predstavlja kada je u pozitivnom logičkom prikazu „1”?
5019,Za koliko je savremena medicina povećala prosečni životni vek?
5020,Kako je funkcionisao test sa olovkom?
5021,Koja je administracija u 21. veku odbila finansiranje UNFPA?
5022,Kada se Alan Tjuring pridružio Nacionalnoj fizičkoj laboratoriji?
5023,Ko je napisao knjigu Kontrasti?
5024,Koja kompanija je pomogla u stvaranju video-konferencija za društvene uslugu?
5025,Kada se odigrao Rusko-japanski rat?
5026,Na šta je sanskrit ograničen?
5027,Zašto je pisana muzička notacija efikasna?
5028,Na koja su tri elementa tela usredsređena najnovija istraživanja novijih aspekata imunologije?
5029,Koji hormon može biti izazvan samo ukusom piva kod muškaraca?
5030,Koliki je bio Jutjubov procenjen prihod od oglasa 2013. godine?
5031,Koji je izvor tematske pesme za „Battlstar Galaktiku”?
5032,Koja istorijska škola tvrdi da se osećanja i meta-emocije mogu naučiti?
5033,Šta je obeležilo prvu polovinu 20. veka u Rusiji i Sovjetskom Savezu?
5034,Koju još vrstu imunog sistema imaju kičmenjaci?
5035,Kako se zvala Puginova knjiga?
5036,Koliko ukupno utakmica igra svaki klub u Premijer ligi po sezoni?
5037,Na šta je ekonomska antropologija uglavnom fokusirana?
5038,Koje vrste tema je Dvoržak koristio da bi dodao nacionalistički ukus?
5039,Kako se naziva oblik korupcije koja ne uključuje ličnu korist?
5040,Šta je ukradeno iz računara korporacije Tardžet Korporejšn 2013. godine?
5041,Koje su neke trigonometrijske funkcije?
5042,Po čemu se video-telefonski pozivi razlikuju od video-konferencija?
5043,Zašto je poslednji car Minga izvršio samoubistvo?
5044,Šta se uništava ključanjem slasti sladovine?
5045,Šta je zamenila Njutnova prirodna filozofija?
5046,Gde se Broz oženio Belousovom?
5047,Ko je koristio specifične teme preuzete iz narodne muzike?
5048,"Keš, istorija preuzimanja, kolačići, pregledanje i šta još može brzo da se izbriše u pregledačima?"
5049,Koje godine je bilo  najranije pominjanje  klasične muzike?
5050,Šta je izazvao razvoj novog imperijalizma?
5051,Ko je proučavao nekoliko slovenskih populacija sa ciljem lokalizacije praslovenske domovine?
5052,Gde je Čen živeo 2005. godine?
5053,Šta je bio posao Ričarda Skudamora?
5054,Internet eksplorer je delimično bio finansiran na koja dva načina?
5055,Kako su hakeri mogli da dobiju neograničen pristup rimskim mrežnim sistemima?
5056,"Koje poznato ime potiče od starogrčke lekseme κλῆς (klês - ""slavan"")?"
5057,Koje godine je osnovan prvi institut za tehnologiju ikada?
5058,Šta znači Florida?
5059,Kako se formira standardizovani ekosistem?
5060,Koje godine je Tajms promenio ime iz Dejli Univerzal Registar?
5061,Ko je proglašen za doživotnog predsednika Jugoslavije 1974. godine?
5062,Koje su tri slobodne slovenske države bile u svetu od 1878. godine?
5063,Ko je ušao u istoriju kao prva Jugoslavenska dama?
5064,Gde je napravljena eksperimentalna mašina malih razmera iz Mančestera?
5065,Koliko Tehničkih univerziteta čini TU9 Nemački institut za tehnologiju?
5066,Šta je potrebno za svaku fazu varenja?
5067,Šta je počelo kao gotovo isključivo lingvistički i filološki poduhvat?
5068,Imunologija je grana koje šire oblasti proučavanja?
5069,Kuhinja kojih teritorija potiče od osmanske kuhinje?
5070,Koji grad je osvoji Osmanov sin?
5071,Koje su vrste donacija koje Prijatelji UNFPA koriste da prikupljaju novac?
5072,Ko standardizuje VDTV specifikacije?
5073,Kako ljudi obično nazivaju veb-pregledač?
5074,Usmenim tradicijama je omogućeno formalizovanje čega u kulturama?
5075,Čija prava je UNFPA ciljano želela da zaštiti?
5076,Gde je osmansko carstvo započelo svoj deo u Prvom svetskom ratu?
5077,Za koja dva plemenita metala je prvobitno bila namenjena Banska akademija  za obuku radnika?
5078,Koliko reči memorije može da se uskladišti sa Z3?
5079,Koje vrste razmatranja uzima u obzir arhitektonski dizajn?
5080,Za šta neki ljudi smatraju da je fizikalizam sinonim?
5081,Koliki je maksimalni broj igrača koji se može registrovati u timu Premijer lige?
5082,Kada se grupa D darknes raspala?
5083,Šta može da se odnosi na proučavanje obrazaca u ljudskim kulturama?
5084,Kolika je bila neto dobit Premijer lige u sezoni 2013./2014. godine?
5085,"U kom trenutku se, po mišljenju teoriji psihološke konstrukcije, delovi emocije sastavljaju?"
5086,Šta je ono po čemu se smatra različitom svaka politička korupcija?
5087,Koji je termin bio uobičajen pre biološke raznolikosti?
5088,Tokom kojeg perioda je trajala Berlinska blokada?
5089,Šta video-konferencije mogu ponuditi studentima?
5090,Šta utiče na bogatstvo biodiverziteta?
5091,Koji se pismo razvilo između četvrtog i osmog veka?
5092,Koji je navodni predak svih slovenskih jezika?
5093,Šta su zemlje sa niskim stepenom korupcije čvrsto uspostavile?
5094,Bez odobrenja koje organizacije Zakon o daljem i visokom obrazovanju iz 1992. godine dozvoljava politehnikama da dodeljuju diplome?
5095,"Šta je otvoren prostor dostupan iz vazduha koji uključuje najmanje jednu operativno aktivnu površinu, kao što je pista ili heliodrom?"
5096,Kao šta je poznato kada je računar domaćin prevaren da posredno dozvoli ograničen pristup datotekama?
5097,Šta je u izvesnoj meri odgovorno za raznovrsnost u tome što jedemo?
5098,Ko je komponovao Vartikas na Paninijeve sutre?
5099,Koji je drugi način na koji se „obojeni” mogu razlikovati od „crnaca”?
5100,Od kog materijala su sastavljena Nojseva integralna kola?
5101,Od kog je jezika nastao sanskrit?
5102,Koji je tip jezika je maltieški jezik?
5103,Šta znači „kaboklos”?
5104,Gde je danas napravljena lutka Pjer Žake-Droza?
5105,"Ako dođe do porasta u rangiranju neke zemlje, koji pokazatelj će biti prisutan?"
5106,Gde se dešava neformalno učenje?
5107,Šta znači sanskritska pozajmljenica bhāṣā?
5108,Koliko ljudi u Španiji i Gibraltaru govori španski?
5109,Da li je Aboridžinima bilo dozvoljeno da glasaju?
5110,U kojoj godini je osnovana Premijer liga?
5111,Ko je 1644. godine zauzeo Peking?
5112,Koji procenat ličnog prihoda je potrošen na stanovanje na Floridi?
5113,Koja tehnologija je postala prihvatljivija i dostupnija?
5114,Šta je piring?
5115,Ko su bili osnivači progresivnog obrazovanja?
5116,Kada je postojala Crna garda?
5117,Ko se složio sa Deršovicem?
5118,Od koje do koje godine je živeo Denis Didro?
5119,Da li je francuski sistem od 819 linija bio u boji?
5120,Kako popis stanovništva Sjedinjenih Država definiše „crnac” Amerikance?
5121,Do koje godine je trajala represija UDBA-e?
5122,Kako je sada ARPA poznata?
5123,Kada je Venecuela počela da stvara institute za tehnologiju?
5124,Koji je najčešći način upućivanja na jezik bez određivanja da li je to dijalekt ili nezavisan jezik?
5125,Koje vrste se bore sa unošenjem novih vrsta?
5126,Od koje dve stvari zavisi optimalni format emitovanja?
5127,"Ko je pronašao dokaze da tamo gde su mediji imali slobodu, ima manje političke korupcije?"
5128,Koji stav je snažno podržavao pomoćnik urednika lista Tajms između 1941. i 1946. godine?
5129,Baso kontinuo i složeni tonalni kontrapunkt karakterišu koju vrstu muzike?
5130,Koji je poznat američki predsednik bio autodidakt?
5131,Koliko vrsta je ikada živelo na Zemlji?
5132,Sa kojim fazama počinju pojedinačni programi?
5133,Koja strana odlikovanja je dobio Tito?
5134,Koje druge novine su 1967. godine stavljene pod isto vlasništvo kao i Tajms 1967. da bi se formirala kompanija Tajms Njuzpejpers Limitid?
5135,Šta može izazvati paraplegiju?
5136,Koliko otvora u digestivnoj komori imaju životinje iz grupe Bilateria?
5137,Koji fudbalski klub je ranije bio poznat pod nazivom Ulkuspor?
5138,Šta obično svira ritam gitara u hard roku?
5139,U kojim decenijama su igrači Arsenala bili stereotipni na negativan način?
5140,Koje su invazivne vrste uzrokovale promene u regionu Velikih jezera?
5141,Ko je producirao Zeca iz Sevilje?
5142,Koje druge slovenske jezike je govorio Tito prema zaključku kriptološkog spektra?
5143,Koja je bila najveća grupa predaka na Floridi na popisu iz 1980. godine?
5144,Koji je pregledač automatski uključen u OS iks?
5145,Koja je sanskritska pozajmljenica koja se nalazi u mnogim azijskim jezicima?
5146,Šta je postalo standardizovanije tokom klasičnog doba?
5147,Koliko tomova je imalo Vajcovo delo?
5148,Koju veličinu su dostigli podaci sačuvani mašinom za pretragu prošlih verzija u 2009. godini?
5149,"U sunđerima, kako se blastula razvija u novi sunđer?"
5150,Koje alfavite mogu da se koriste za izrazu srpsko-hrvatskog jezika?
5151,Kako se naziva program Jutjub-a za deljenje prihoda?
5152,Na koji kontekst je teorija Vajsa i Kropansana posebno obratila pažnju?
5153,Šta je najčešći razlog zbog kojeg ljudi traže alternativnu medicinu?
5154,"Za koje su sve populacije karakteristični uzorci dezoksiribonukleinske kiseline od 1228 Rusa, a pokazuju da analizirani Y hromozomi, osim njih 20 (1.6%), spadaju u sedam glavnih haplogrupa?"
5155,Da li sva društva koriste izraz „crnac” na isti način?
5156,Za šta se obično smatraju obuća i šeširi?
5157,Ko je svirao gitaru u Hu-u?
5158,Koliko politehničkih instituta sada ima Malezija?
5159,Ko simbolizuje trećeg lava koji se ne nalazi na trofeju Premijer lige?
5160,"Zajedno sa inhibicijom ponašanja, istraživanje koje osobine je dovelo do podrške Modelu akcione tendencije?"
5161,Koja zemlja nije morala da podlegne stranoj vladavini?
5162,Kako se preskakači spuštaju na stopala?
5163,Da li neke zemlje imaju negativna osećanja prema reči „crnac”?
5164,Koji je avion oboren u julu 1988. godine o kome je poznati strani dopisnik Tajmsa napisao članak koji je kasnije doveo do njegove ostavke?
5165,"Kako se srpski nacionalisti osećaju zbog Hrvata, koji koriste njihov jezik?"
5166,Ko je bio istaknuti učenik Stenlija Šahtera?
5167,Kako se još nazivaju predškolske škole?
5168,Koje godine je Tito počeo da radi na arapsko-izraelskim mirnim procesima?
5169,Šta je obrazovanje?
5170,Ko vodi poreklo od Vlaha koji govore romanski?
5171,Šta je Tito upotrebio da se narod ujedini u borbi protiv okupacije 1941. godine?
5172,Kako um tumači stimulans?
5173,Koji je bio cilj Turske nakon njenog proširenja na Balkanu?
5174,"Osim planiranja i projektovanja, koje druge vrste aspekata arhitektura uključuje?"
5175,Šta je Velika Britanija uspostavila 1824. godine?
5176,U šta se hrana oblikuje pre nego što se proguta?
5177,Koji tip raznolikosti uključuje biljojede i patogene?
5178,Kakav je pristup usvojila Evoluciona fonologija?
5179,Koji trofej je Arsenal osvojio 1987. godine pod vođstvom Grejema?
5180,Sa koje strane je sanskrit putovao da bi došao u Indiju?
5181,Ko donira odbačenu zapadnu odeću ljudima u siromašnim mestima?
5182,Šta je izvršeno sa holandskom istočnoindijskom kompanijom i britanskom istočnoindijskom kompanijom?
5183,Kako se raspoređuje prihod od televizije u Premijer ligi?
5184,U kojoj godini je održana prva javna video-konferencija?
5185,Koliki deo brazilskog stanovništva su potomci robova?
5186,Koja je najveća slovenska manjina?
5187,Koji su aspekti u arhitekturi planirani i dizajnirani?
5188,Ko je lansirao Sputnjik 1?
5189,Koje su teorije  počele da se primenjuju u široj praksi?
5190,Koji materijal se nosi u toplim sezonama?
5191,Kako se naziva porodica instrumenata sa jednostrukim jezičkom ?
5192,Sa kim UNFPA radi osim sa vladom i agencijama UN-a?
5193,Koji kolonisti su zabeležili potpunije identitete Zapadnih Afrikanca?
5194,Koliki je bio ukupan kapacitet sedište stadiona u Premijer ligi u sezoni 2010./2011. godine?
5195,Šta znači skraćenica http?
5196,Koliko igrača ima 100 ili više golova u Premijer ligi?
5197,Koja zemlja ima oko 10% vrsta na Zemlji?
5198,Koji odnos prikaza je bio omiljen ranije?
5199,Neki kontradiktorni pregledi 13 visokokvalitetnih studija su pronašli stvarnu šta?
5200,Tokom kog vremena iz jedne evropske fudbalske lige u drugu igrač može biti prodat drugom klubu?
5201,"Tokom Drugog svetskog rata, kako je Tajms je bio nazvan 1944. godine?"
5202,Šta su neki kablovski prijemnici sposobni da urade?
5203,Kako se zove unuk osnivača Tajmsa koji je nasledio svog oca kao urednik?
5204,Obeležja se mogu koristiti za vršenje čega nad drugim ljudima?
5205,Kada mašina za pretragu prošlih verzija čuva kopiju veb sajta?
5206,Kada se Tito sreo sa Ajzenhauerom u UN?
5207,Kako se naziva debi album Erborna?
5208,Koja Titova unuka je pozorišni reditelj?
5209,Koja muzika je usledila nakon drevne egipatske umetničke muzike?
5210,Kako  savremeni naučnici nazvaju Istočno Rimsko carstvo u srednjem veku?
5211,"Za šta se veruje da je glavni uzrok pivskog stomaka, osim nedostatka mišićnog tonusa?"
5212,Šta nije usvojeno u Brazilu tokom ropstva?
5213,Koliko instituta za tehnologiju su u Holandiji pretvoreni u punopravne univerzitete u poslednjih nekoliko decenija?
5214,Koje karakteristike omogućavaju televizorima spremnim za kablovsku da prikazuju VD sadržaj bez prijemnika spolja?
5215,"Koji je bio prvi automatski, digitalni, programabilni računar koji je stvorio Konrad Zuse?"
5216,"Ko upravlja, kroz zajednička preduzeća, međunarodnim aerodromom Indira Gandi?"
5217,Ko je vladao većim delom Indije u 18. veku?
5218,Koje je bilo drugo ime za Osmansko carstvo?
5219,Za šta je emocija često odgovorna kao pokretačka sila?
5220,Koja je mera koju objavljuje Transperensi Internašonal koja gleda na spremnost strane kompanije da plati mito?
5221,Koje dva formata se obično koriste za snimanje nekinematografskog VDTV videa namenjenog za emitovanje?
5222,Čime su stoni računari i laptopovi obično zaraženi?
5223,U kojoj deceniji su Damazio i Ledu učinili značajno napredak?
5224,Kada su se evropski modeli sportskih klubova počeli formirati u Osmanskom carstvu?
5225,Kako se definišu programske petlje?
5226,Medijski magnat iz koje zemlje je kupio Tajms 1980-ih?
5227,Šta je posebno interesovalo Broku?
5228,"Nakon 1997, Tajms je odbio da daje bilo kakvu podršku partijama, međutim, podržao je pojedinačne kandidate poznate pod kojim imenom?"
5229,Koji sistem tela je povezan sa fiziologijom emocija?
5230,Kog datuma je objavljen izveštaj o ljudskom razvoju za 2007/2008. godinu?
5231,Od čega se razlikuju tradicionalne regionalne vrste nemačkog jezika?
5232,"Ko opisuje ""zli kvartet""?"
5233,Od koga su balkanske države počele da vraćaju svoju nezavisnost?
5234,"Šta još sačinjava jezik, osim sintakse i fonološkog sistema?"
5235,Kog jezika je Maks Vajnrajh lingvista?
5236,Šta se smatra početkom moderne filozofije?
5237,Kakvu perspektivu prema bolu mogu imati i neki ljudi rođeni sa normalnim nervima?
5238,Koji užasan događaj se dešavao tokom Klintonovog mandata koji je uznemirio ljude?
5239,Kada su teorijski lingvisti odbacili tradicionalne koncepte fonema?
5240,Šta je fokus većine terenskog rada u antropologiji životne sredine danas?
5241,Koji je još jedan način na koji se  životinje razlikuju od biljaka i algi?
5242,Koja liga ima najveću prosečnu posećenost u profesionalnom fudbalu?
5243,Ko je sugerisao da zapadna klasična muzika ima korene  u drevnoj egipatskoj umetničkoj muzici?
5244,Čime su smatrana građevinska dela?
5245,"Šta ukazuje na početak piste za sletanje, na pistama?"
5246,Pre koliko vremena neki paleontolozi misle da su se životinje prvi put pojavile?
5247,Gde se u Londonu nalazi redakcija književnog dodatka Tajmsa?
5248,U kom periodu nije postojala simfonija?
5249,Kada je Boris Arkadijevič Maljarčuk koristio uzorak čeških pojedinca da bi utvrdio učestalost „mongoloidnog” porekla mitohondrijske dezoksiribonukleinske kiseline?
5250,Koje carstvo je uništeno pljačkom Konstantinopolja?
5251,Koje je drugo ime za okrugle crve?
5252,Kako je bilo prvobitno ime Hong Kong politehnike?
5253,"Uopšteno, koliko piva može da napravi mikropivara, a da se još uvek klasifikuje kao mikropivara?"
5254,Koji je početni fantomski bol koji osećaju ljudi sa oštećenjem kičme?
5255,Gde se povezuje više DIU-a?
5256,Koje ljude evoluciona antropologija zanima biološkom i kulturnom evolucijom?
5257,Kako je Harold Inis nazivao papirus?
5258,Šta resursi mogu da sadrže kako bi se povezali sa drugim resursima?
5259,Zašto je izvršni direktor Gugla smatrao da je novi softver neophodan?
5260,Koja vrsta razlike poostaje između društvene i kulturne antropologije?
5261,Šta je omogućilo opise i specifikaciju instrumenata?
5262,Kakvom su ljudi smatrali da je bila vladavina kraljice Viktorije?
5263,Koji je univerzitet u Hong Kongu osnovan 1991. godine?
5264,Koliko mora da plati neko ko nije pretplatnik Tajmsa da bi čitao onlajn izdanja?
5265,Koliko je komunista pogubljeno na suđenju Slanskom?
5266,Koja bitka je bila 1683. godine?
5267,Koji postupak može pivu dati 55% abv?
5268,U kojim dvema zemljama je lečenje bola posebna specijalizacija?
5269,Šta se može pratiti kao indikatori bola?
5270,"Šta je, prema vladnim zvaničnicima, stvorilo neuspeh privatnog sektora da efikasno reši problem sajber sigurnosti?"
5271,Kako se naziva poluostrvo na kojem se nalaze Španija i Portugal?
5272,Gde je Džek Kilbi radio kada je stvorio prva integrisana kola?
5273,Jutjub je 2007. godine pokrenuo automatizovani sistem za otkrivanje čega?
5274,Ko je izjavio da nema želju da krši autorska prava pojedinca?
5275,Koji tip stimulacije izaziva bol?
5276,Tokom kojih godina je bio Rusko-turski rat?
5277,Šta se izbegava strogom oznakom razlomljenih brzina koja je potrebna za VD?
5278,Preko koliko dimenzija su Melzak i Kejsi opisali bol?
5279,"Nad kojim tipom država je, pored provincija,  Osmansko carstvo imalo kontrolu?"
5280,U kakvoj posudi se suši delimično proklijalo zrno?
5281,Koju epohu karakteriše nemiri u Evropi?
5282,Koji tip instrumenta su timpani i kastanjete?
5283,Kako se zove organizacija koja se trudi da sve zemlje sa osnovnim obrazovanjem dovede na isti put?
5284,Koji vremenski period je poznat kao period zajedničke prakse?
5285,Kako se zove vodič kroz zabavne događaje u subotnjem izdanju Tajmsa?
5286,"Ko je 545. godine napisao da su se ""Sklaveni i Ante u dalekoj prošlosti imali jedno ime, zbog toga što su se oba u starim vremenima zvali Spori""?"
5287,Šta se oslanja na prirodne i društvene nauke?
5288,Tokom koje ere su počeli da se standardizuju muzički oblici za ples?
5289,Koliko ljudi u Saudijskoj Arabiji i Ujedinjenim Arapskim Emiratima ima afričko poreklo?
5290,Šta se danas smatra odećom?
5291,Koje godine se Ričard Frensis Barton odvojio od Etnološkog društva u Londonu?
5292,Kako se zove mogućnost Jutjub-a koja uklanja oglase i dozvoljava preuzimanje filmova?
5293,Gde je Milan Rešetar rođen?
5294,Koje je poreklo reči „ale”?
5295,Šta je činilo Mauretaniju?
5296,Kako biste nazvali spisak svakog izvora skroba u receptu za pivo?
5297,Šta se postaje kada sudija daje žuti karton i upisuje ime igrača  u svoj dnevnik?
5298,Na šta ukazuje sufiks -enin?
5299,Koji festivali su društvena tradicija u zemljama sa mngobrojnim ispijanjem piva?
5300,Na kom kontinentu je hmelj prvi put dodat u pivo?
5301,Koliko su gledaoci morali da plate za VD1 kanal?
5302,Koju nagradu je Gilbert odbio 1998. godine?
5303,Šta bi moglo biti rešenje za zabrinutost o neutralnosti mreže?
5304,Čime je Britansko carstvo bilo povezano 1902. godine?
5305,Šta je bio još jedan zahtev stranim igračima?
5306,Koji tim se 2012. godine automatski kvalifikovao za Ligu šampiona iako se ipak nije plasirao u prva četiri?
5307,Šta je suprotno od „crnačkog identiteta”?
5308,Ko je pisao na temu arhitektonskih ideala u kontrastu sa jednostavnim izgradnjom?
5309,Koja institucija merkantilizma je uspostavljena sa kolonijama Novog sveta?
5310,Kada je počeo da se razvija polifoni vokalni žanr?
5311,Zašto je Jutjub želeo da osigura da se pušta muzika samo izvođača sa kojima se postigao dogovor?
5312,Kako se zove institut za tehnologiju u Francuskoj?
5313,Ko je stajao iza smrti cara Aurangzeba?
5314,"Koju veb-stranicu, pored Ašli Madson, je Avid Midia dobio instrukciju da isključi?"
5315,Koji je bio datum potpisivanja primirja sa Mudrosa?
5316,Koja su to dva glavna stila muzike postojala u Osmanskom carstvu?
5317,Šta su sva antropološke društva omogućila svom članstvu?
5318,Kolika je veličina orkestara koji  su izvodili Gustav Malerovu Simfoniju broj 8 iz 1906. godine?
5319,Šta je Reganva administracija povećala u vezi sa Sovjetskim Savezom?
5320,Gde je Japan napao Sjedinjene Države?
5321,Od čega zavise uspešni preskoci osim od brzine trčanja?
5322,Ko je bio Edvard Dž. Gerni?
5323,Šta podržava ATC?
5324,Koje nacionalnosti je grupa Raš?
5325,Kome je Tjuring preradio rezultate o granicama dokaza i računanja iz 1931. godine?
5326,Da li 900 miliona dolara za koje je Forbz rekao da je Kastro uzeo može biti samo ono što je od njegove ukupne imovine?
5327,Koje teritorije je Austrougarska pripojila 1908. godine?
5328,Kojim resursima razvijene zemlje imaju bolji pristup?
5329,Na šta je skraćena Stepinčeva kazna?
5330,Koji test je korišćen da bi se utvrdilo da li je neko bio obojen ili crn?
5331,Koja teorija se više može videti u SAD?
5332,Kada je osnovan Savez nemačkog dela?
5333,Koji su neki primeri preosetljivosti (hipersenzibilnosti)?
5334,"Kom bendu je pevač Fri-ja, Pol Rodžers ,pomogao da se formira?"
5335,Koliko je sveobuhvatnih ustavnih amandmana Tito uveo 1971. godine?
5336,Koliko gledalaca je u proseku gledalo sezonu 2014./2015. godine Premijer lige u Sjedinjenim Državama?
5337,Kada je Internet razvijen?
5338,Čega su oblici podmićivanje i pronevera?
5339,Koje je neefikasno lečenje hroničnog bola koje retko pruža bilo kakvu vrstu istinskog olakšanja?
5340,Gde se obrazovanje obično odvija?
5341,"Šta je bilo umanjeno, osim sloga, kao rezultat uticaja ZOE na fonološku teoriju?"
5342,Koji deo antropologije je primenjena antropologija?
5343,Koje su orogeneze pratile nevadansku u periodi krede?
5344,Kako su se naplaćivali porezi u periodu Tokugava?
5345,Kako je rangirana Južna Afrika?
5346,Koja država nije uspela da ratifikuje 87. i 92. član MOR-a?
5347,Šta drže igle ili kaiševi?
5348,Koje su prosečne niske temperature na Floridi?
5349,Čemu se grupe antropologa protive o upotrebi antropologije?
5350,Kako se zvao najveći južni kontinent tokom ordovicijuma?
5351,Koja je definicija bolusa?
5352,Ko je 1937. godine objavio rad o odnosu između emocije i limbičkog sistema?
5353,Koja dva faktora su fokusirana kada se objašnjavaju postupci pojedinca u grupi?
5354,Iz kojih ideala je nastala klasična arhitektura?
5355,"Sa kojim akcentom je, po biografu, Tito govorio nemački?"
5356,"Analiza kog genoma je naglasila je važnost sunđera, plakozoa i hoanoflagelata u objašnjenju dolaska 1500  gena predaka  jedinstvenih za Eumetazoa?"
5357,Zašto je bilo udaljavanja između Premijer lige i Fudbalske lige?
5358,Koja ekipa je napredovala u Premijer ligi 2011. godine?
5359,Ko je napisao „Sarva-daršana-samgrahu“?
5360,Koliko godina je Arsenal igrao na Hajberiju?
5361,Gde se na trofeju mogu videti dva lava?
5362,Kada je monofono pevanje prestalo da bude dominantan oblik?
5363,Šta je još uvek nerazjašnjeno o poreklu odeće?
5364,Koje su provincije Istočnog carstva Sloveni napadali?
5365,Zašto bi avion koji samo prolazi kroz vazdušni prostor trebalo da kontaktira kontrolni toranj?
5366,Šta je evolucionalna fonologija?
5367,Sa čime se himus meša u dvanaestopalačnom crevu?
5368,Šta je nacionalizam u muzici nekada odražavao?
5369,Koja opservatorija je Nacionalna opservatorija Ekvadora?
5370,Koliko hrišćanskih učenika je bilo u osmanskim školama 1861. godine?
5371,Koja je stagnacija koju će populacija dostići tokom 21. veka?
5372,Gde živi Svetlana Broz?
5373,Od koje francuske reči potiče reč emocija?
5374,Kada je razvijen moderni koncept fonema?
5375,Sa kojim kontinentom se Indija sudarala u miocenu?
5376,Koji je bio odnos prikaza na NHK koloru?
5377,Šta je obično privremeno?
5378,Kolika je bila stopa povećanja količine podataka koje je zabeležila mašina za pretragu prošlih verzija od 2003. godine?
5379,Odakle su se Englezi i Škoti irskog porekla preselili na Floridu?
5380,Šta znači skraćenica URL?
5381,Gde se nalazi Velenje?
5382,Koje su nacije ponekad uključene u okvir južne Evrope?
5383,Koliko predstavnika je FIFA imala u IFAB-u?
5384,Šta prihvataju evropske sile koje pokazuju svoju kontrolu nad nekim područjem?
5385,Kada je FKK-e objavio svoje konačno pravilo o propisima o neutralnosti mreže?
5386,Šta je u kineskom programu izazvalo probleme za UNFPA?
5387,Koji savez je pobedio Nemačko carstvo u Prvom svetskom ratu?
5388,U kom geografskom regionu se štokavica proširila?
5389,U kojoj zemlji je započela evropska renesansa?
5390,Šta je poraz Japana značio za Aziju?
5391,Kakve bankove račune često imaju afrički diktatori?
5392,Koju životinju u svojim navikama ishrane može poremetiti Prunus spinosa?
5393,Na šta je reagovala arhitektonska fenomenologija?
5394,Kako odeća može da pomogne tokom opasnih aktivnosti?
5395,U kojoj godini je osnovana Valvort škola?
5396,Marker koji nameće ograničenja na ponašanje drugih je kakva granica?
5397,Koliko se procenjuje da je 2010. godine bilo video snimaka sa reklamnim oglasima objavljenih bez dozvole vlasnika autorskih prava?
5398,Ko finansira UNFPA u SAD?
5399,Koji pravni sistem još uvek koristi Florida?
5400,Gde je tim Arsenala nosio grb godišnjice?
5401,"Šta su Britanci, osim asimiliranja britanske kulture, još smatrali za Indijance?"
5402,Gde su bile centralizovane portugalske kapetanije?
5403,Koji tip životinja pokazuje eksponencijalni porast raznolikosti?
5404,U kom gradu u državi Perak se nalazi Polithenika Ungku Omar?
5405,"U koje je vreme, približno, počela perioda kambrijuma ?"
5406,Koje godine je bilo nekoliko slučajeva koji su pomogli da se ponovo definiše Aboridžin ili ostrvljanin Toresovog moreuza?
5407,Na šta je renesansni humanizam stavio naglasak?
5408,"Koji je bio zvanični jezik Republike Kine, u toku njenog osnivanja?"
5409,"Gde su se čak nastanili polapsko-pomeranski Sloveni, a da je poznato?"
5410,"Sa čime je etologija povezana, pored evolucije?"
5411,Kada se razvilo spoljašnje varenje?
5412,Koliko je geoloških perioda u okviru ere paleozoika?
5413,Koji jezik bi se mogao smatrati dijalektom svih zapadnih jezika?
5414,Do kada Evropa nije osećala potrebu za posedovanjem teritorije u Africi?
5415,Čemu pripada univerzalno osnovno obrazovanje?
5416,Šta nameće potreba za energijom za varenjem?
5417,Kako se izvorno koristio sanskrit?
5418,Kako se u Berlinu zvala kombinacija Hauptšulablšus sa Realšulablšus i Gesamšule?
5419,"Flauta, oboa i fagot,su svi koji tip instrumenta?"
5420,Odakle potiču plemena koja su formirala jedinicu koju je organizovao Osman prvi?
5421,Koliko litara piva se kupuje i prodaje svake godine?
5422,"Zbog neusklađenosti u prihodima od televizijskih prava između liga, ko se bori da izbegne ispadanje iz lige u prvoj sezoni Premijer lige?"
5423,Kada je prvi put bio operativan računar LEO I?
5424,Koji kontinent je ranije bila Južna Amerika?
5425,Koji tip softvera se čuva u BIOS čipu?
5426,Koja je najrasprostranjenija  grupa jezika koja se govori u Južnoj Evropi?
5427,Šta je bila glavna odgovornost osmanske države u vezi sa zemljom?
5428,Kako bi se hronični bol trebao smatrati sam po sebi?
5429,U koja dva sistema se može koristiti domaće obrazovanje?
5430,Zašto su rani sisari bili aktivni noću?
5431,"Ako je identitet virtuelni prostor, šta granice pružaju virtuelnom prostoru?"
5432,Kakvu politiku borbe protiv komunizma su započele Sjedinjene Države i mnoge zapadne zemlje?
5433,Šta je centralni deo antropologije kao nauke?
5434,"Kakav politički sporazum po svoj prilici sledi, ako posedovanje jezika dovodi do toga da se grupa smatra odvojenim narodom?"
5435,Na koji način novorođenčad mogu da dobiju antitela od majke?
5436,Koje svojstva T ćelija su uzrokovale modifikaciju CST?
5437,Koji je nadimak Mančesterskog eksperimentalnog uređaja malih razmera?
5438,Šta je važna briga u radu aerodroma?
5439,Koji pevač je zamenio Ozi Ozborna u Blek Sabatu?
5440,Od koga Sidi vode poreklo?
5441,Tinejdžer koji prolazi kroz raspad porodice i postaje odrasla osoba u stabilnom braku dat je kao primer promene čega?
5442,Šta često predstavlja arhitektonska monumentalnost?
5443,Šta je ASA identifikovala kao etički opasno?
5444,Šta je bio Jinrong pored toga što je bio šef policije?
5445,"Koja škola je 1919. godine otvorena u Vajmaru, u Nemačkoj?"
5446,Šta je praksa koprofagičnog ponašanja?
5447,Do koje decenije su analogni računarski uređaji postali zastareli?
5448,Kada je Henri Bebidž stvorio mlin?
5449,U kom geografskom delu Nemačke su dijalekti češći?
5450,Koji poljoprivrednici koriste integrisane strategije za kontrolisanje štetočina?
5451,Šta znači Um Veled?
5452,Šta je hemijsko varenje?
5453,Kako se nazivao album Dip perpl iz 1980-ih godina?
5454,U kojoj sezoni je Arsenal osvojio svoju drugu duplu krunu lige i kupa?
5455,Koji vođa je napao Anadoliju sa istoka?
5456,Na šta šećer ne menja efekat bola?
5457,"Ko je kreirao standard za DVE-S, DVE-C i DVE-T?"
5458,Kada je Jutjub konačno postao dostupan na Plejstejšnu 4?
5459,Koju igru je Atenej spominje 228. godine nove ere?
5460,Kako dijalekt staje u odnosu na standardni jezik?
5461,Koji časopis je napisao članak o komentarima korisnika Jutjuba 2009. godine?
5462,Koja je jedna od najvažnijih kvalifikacija koje komunikacioni stručnjak treba da ima?
5463,"Koje je polje, zajedno sa psihologijom, neurologijom, endokrinologijom, medicinom, istorijom i sociologijom, uključeno u istraživanje emocija?"
5464,Koj organizacija pruža usluge iznajmljivanja prostora za domen elektronske pošte?
5465,Šta je Jutjub potpuno na nekim mestima?
5466,Tokom kog veka je firentinsko-toskanski jezik počeo da se koristi u poeziji?
5467,Ko je bio inaugurisan u Nankingu kao prvi privremeni predsednik?
5468,Identitet osobe je definisan kao ukupnost čega?
5469,Na šta je reakcionalno ograničiti značenje formalizma?
5470,"Ako se tim već kvalifikuje za Ligu šampiona i osvoji FA Kup ili Liga kup, da li će drugi tim moći da se kvalifikuje za Ligu šampiona?"
5471,Koje druge potrebe društva je arhitektura ispunjavala?
5472,"U kojoj rubrici subotnjeg izdanja Tajmsa su predstavljene umetnost, knjige i ideje?"
5473,Kakve uslove mnogi konfekcionari izdržavaju?
5474,Koju vrstu antropologije feministički antropolozi inkluzivno specijalizuju?
5475,Kada je Fri prekinuo?
5476,Smatra se da je Hg I2a2 nastao gde?
5477,Koja zajednica iz fabrike municije u Vulviču je formirala klub Arsenal?
5478,Tokom kog vremenskog perioda je bila perioda devona?
5479,Od koje grupe je oko 90% bilo proterano iz svojih domova ili etnički očišćeno tokom Kavkaskih ratova?
5480,Ko je rekao: „Povezanost rađa ranljivost?”
5481,Ko je vladao većinom Indije početkom 18. veka?
5482,Koju je državu vodio Naser 1961. godine?
5483,Kada je počela dekolonizacija Amerike?
5484,Od kojih struktura se uglavnom sastoji celokupni imuni sistem?
5485,Koji žanr je postavio temelje hard roka?
5486,Koje nacionalnosti je bio De Kurtne?
5487,Koji termin je skovan u 16. veku da označi sadašnje vreme?
5488,Šta daje pozadinski ritam bubnjeva u hard roku?
5489,Šta su demonstranti uzvikivali tokom Titove posete Ujedinjenim nacijama krajem 1970-e godine?
5490,Za šta se koristi šiber?
5491,Šta je ubica diva?
5492,Koji faktor je izazvao inflaciju u Osmanskom carstvu?
5493,Šta je Burbonska restauracija?
5494,Koja liga je imala samo tri pobede u Ligi šampiona između 1992. godini i 2013. godine?
5495,Koje dve grupe šire znanje o arhitekturi u Evropi?
5496,Koje godine je Čarls Bebidž otkrio da je analitička mašina moguća?
5497,Koje su dobre teme za privlačenje pažnje antropologa?
5498,Koga je Pinoče oborio?
5499,Šta je u Tejlorov izveštaj preporučio da se ukine sa svih stadiona?
5500,"Koliko dugo nakon puštanja iz zatvora, je Tito prisustvovao Biskupskoj konferenciji Jugoslavije?"
5501,Šta se korupcijom preusmerava u kapitalne projekte i stvara ekonomsku izobličenost u javnom sektoru?
5502,Koji je drugi naziv za grčki?
5503,Kako se zove mnogo moćniji računar koji ima mnogo CPJ-a?
5504,Koji bliskoistočni instrumenti se mogu čuti u osmanskoj klasičnoj muzici?
5505,Šta je dodato bodovanju u 2007. godini?
5506,Koliko godina je obično potrebno da se stekne diploma na politehničkim školama u Pakistanu?
5507,Koja zemlja je imala uspešno javno analogno VDTV emitovanje?
5508,Kako se zovu CPJ-e-i koji su konstruisani na jednom integrisanom kolu?
5509,Šta uključuje diploma  B.mus. ili M.mus. stepena?
5510,"Prema vizantijskim istorigrafima, na kojim područjima je nastalo pleme Slovena?"
5511,Šta je Virčou smatrao da nedostaje u Darvinovim zaključcima?
5512,Šta znači „Meidži period”?
5513,Koji sistem je ispitan pri razvoju neurobiološkog objašnjenja ljudskih emocija?
5514,Od koje do koje godine je živeo Pjer Gasendi?
5515,Šta su zahtevala pravila sec?
5516,Kada je nadogradnja mašine za pretragu prošlih verzija puštena za testiranje?
5517,Koja organizacija nadgleda indijske institucije tehničkog obrazovanja?
5518,Mapiranje kultura je ključno za nauku antropologa i koga još?
5519,Ko je smatran „ocem računara”?
5520,Šta je Julska monarhija?
5521,U kojoj godini je engleskim klubovima zabrana ukinuta od strane UEFA?
5522,"Koje novine je više voleo izmišljeni detektiv, Nero Vulf, u odnosu na američke?"
5523,Koje verovanje su drevne kulture smatrale svetim?
5524,Šta je u upotrebi sanskrita uticalo na kinesko-tibetske jezike?
5525,Koja je druga jedinstvena arhitektura počela u Majamiju posle Drugog svetskog rata?
5526,Koje škole je Trubeckoj bio član?
5527,U kojoj zemlji je slovenački glavni jezik?
5528,Šta VDTV-i nije bilo dozvoljeno 1990-ih godina?
5529,U kom sektoru korupcija povećava troškove poslovanja zbog nezakonitih plaćanja?
5530,"Koji je termin za energiju koja se generiše tokom grupnih sastanka, kao što su totemski rituali?"
5531,Šta se dešava sa embrionima deuterostoma tokom deobe ćelija?
5532,Koja vrsta sporta se smatra rvanjem?
5533,Zašto je bilo kritika elitnih klubova?
5534,Koliko godina je imala Jovanka Broz kada se udala za Tita?
5535,Pregledač takođe može da pristupi datotekama gde?
5536,Koji superkontinent se raspao u periodi jure?
5537,Da li posećenost značajno vraća novac Premijer ligi?
5538,Gde je objavljeno „Razmišljanje o Teoriji afektivnih događaja”?
5539,"Ako verujete u idealizam, u šta ne verujete?"
5540,"Koja slovenska reč označava ""strane ljude""?"
5541,Koje je nacionalnosti bio Tin Lizi?
5542,Koja vrsta fudbalske utakmice se pojavljuje u škotskom izdanju Tajmsa?
5543,Koje godine je počeo Prvi svetski rat?
5544,Koja je institucija zadužena za praćenje vulkanske aktivnosti na Galapagoskim ostrvima?
5545,Zašto bi se dodavalo više fermentabilnih šećera pivu tokom postupka vrenja?
5546,Koji je instrument bio prethodnik trube?
5547,Kako se zove supergrupa u koju su molekularna istraživanja svrstala  životinje?
5548,Kojem tipu gramtike je fonologije prvobitno bila deo?
5549,Koje vrste parkova dobijaju posebnu zaštitu od oštećenja ili degradacije?
5550,Kakve prakse neke kulture visoko cene?
5551,Kada je počelo oživljavanje klasičnog učenja?
5552,Šta čini veliku većinu seljaštva u svetu?
5553,Koliko od onoga što zarađuju belci u Sjedinjenim Državama zarađuju crnci?
5554,Gde su fudbalske utakmice postale popularne u Osmanskom carstvu?
5555,Navedite jedno pleme koje su američki starosedeoci osnovali u Americi.
5556,Šta je obilnije u kapitalnim projektima?
5557,Koje nacionalnosti je bio Vilijam Džejmsa?
5558,Koji procenat prihoda dobija Jutjub od oglasa na kanalima partnerskog programa?
5559,Koliko je suglasnika u srpskohrvatskom pismu?
5560,Koje škole nisu dostupne u nekim delovima Nemačke?
5561,Šta je obećano Pejnovim iskrcavanjem?
5562,Šta nestandardni dijalekt obično nema u poređenju sa standardnim dijalektom?
5563,Koji je glavni uzrok koji je 1914. godine izazvao rat?
5564,Kako su poznati doseljenici severne Floride iz teških provincija?
5565,Koje su trenutne podgrupe Slovenaca?
5566,"Gde žive Lemci koji podržavaju ideju ""Karpatsko-rutenske"" nacije?"
5567,Koje su grupe srodnici artropoda?
5568,Na koji je jezik u 18. veku prevedena Vazarisova knjiga?
5569,Koja podgrana antropologije nastoji da razume procese ljudske komunikacije?
5570,Gde se pretežno govori novoštokavsko-ijekavski govor?
5571,Ko je bio izvršni direktor Gugla 2007. godine?
5572,Ko je aktuelni predsednik Premijer lige?
5573,Kod koje grupe ljudi se takođe često nalazi haplogrupa I2a1b1?
5574,Koji festival se održava u Azija Hausu u Londonu?
5575,Kako se osporava odluka Content ID sistema?
5576,Ko je bio vlasnik velike korporacije koja je kupila Tajms 1981.?
5577,S kojom državom je Hitler povezao Nemačku?
5578,U kom regionu su Rusi generalno slični populacijama?
5579,Odakle su nejevrejski doseljenici?
5580,Regionalni italijanski dijalekti često su pod uticajem regionalnih i kojih drugih jezika?
5581,U kojim medicinskim disciplinama postoje posebno snažne primene imunologije?
5582,Šta se kaže da se širi između klubova koji stižu do Premijer lige i onih koji ne uspeju zahvaljujući padobranskim plaćanjima?
5583,Gde je sedište Internet arhive?
5584,Koji klubovi su ispali iz stare Prve divizije na kraju sezone 1991./1992. godine i nisu učestvovali u prvoj sezoni Premijer lige?
5585,U polju imunologije koji aspekti postaju vsve više specijalizovani?
5586,Šta je odgovorno za razlike u površinskim realizacijama prema generativnoj fonologiji?
5587,"Osim povećanog znoja, koja je fiziološka promena povezana sa emocijama?"
5588,"Što se tiče uma, koje su tri teorije koje moderni filozofi pokušavaju da usaglase?"
5589,Zašto su neki kineski građani ispunjavali ulove za socijalnu pomoć?
5590,Kada je SSA otvorila svoj najveći centar samo za video-konferencije?
5591,Kako je takođe poznata video-konferencija?
5592,Šta je TpM?
5593,Koji je primer sanskritske pozajmljenice koja se koristi u jezicima jugoistočne Azije?
5594,Koju uslugu je trebalo da zamnei „Muzički ključ”?
5595,"Koga opslužuju  dajl-ap, DPL, ADPL, kablovski modemi ili IDMU?"
5596,Odakle je Ali Kušći?
5597,Na kom jeziku je napisan Kuran?
5598,Šta je opera bufa?
5599,Ko je odgovoran za ublažavanje i reagovanje na pretnje kritičnoj infrastrukturi Kanade?
5600,Kog pola je većina kompozitora opisana u muzičkim udžbenicima?
5601,Šta nadgledaju ljudi koje svaki klub bira?
5602,Kako se obično zove softver uskladišten u ROM-i?
5603,Prvi deo od uvodnih kurseva imunologije  AAI treba da bude šta?
5604,Čime Jutjub smatra objavljivanje video snimka bez saglasnosti vlasnika autorskih prava?
5605,Koliko zemalja je 2008. godine doprinelo UNFPA-u?
5606,Po čemu  je Mocart bio poznat?
5607,Kakav tip dizajnera je prirodna selekcija?
5608,"Koliko je nagrada, od svih koje je Tito lično dobio, bilo iz Jugoslavije?"
5609,Koji se izraz koristi da označi period od 1750. do 1820. godine?
5610,"Šta je neophodno, pored veština, da bi se posedovala sredstva za izgradnju?"
5611,"Nakon objavljivanja antisemitskih uvodnika 1920. godine, kako je Tajms nazvao Jevreje?"
5612,Kako se naziva period oružanih napada koji su preduzeti u ime hrišćanstva?
5613,Sve do koga veka proza u Osmanskom carstvu nije razvijena na viši nivo?
5614,Ko je rekao da se arhitektura može proširiti izvan svoje funkcije?
5615,Koliko puta je Sultan bio uklonjen smenom u kući Osmana?
5616,Šta je povuklo političke granice zapadne Azije?
5617,O kom ratu je Tajms  prvi put izveštavao koristeći dopisnike?
5618,Evro1080 je bio odeljenje koje bivše kompanije?
5619,Za koju vrstu institucija je Tito ukinuo ograničenja po povratku iz Indije?
5620,Za šta se smatra da je uticalo na odstupanja u epovima?
5621,Kako biljke komuniciraju kako bi upozorile obližnje biljke na opasnost?
5622,Šta se dešava sa zaraženim biljnim ćelijama?
5623,Šta određuje ozbiljnost gladi dok njenu pojavu može izazvati priroda?
5624,Kada je Muhaielat napisan?
5625,Ko je 1931. godine naručio promenu fonta Tajmsa?
5626,Šta strogo naglašava pristup usmeren na partituru?
5627,Kog datom je Berti Mia zamenjen u Arsenalu?
5628,Navedi jednog azijskog arhitektonskog pisca.
5629,Kako je Tajms reagovao na otkrivanje antisemitskih dokumenata kao falsifikata?
5630,Koji popularni stilovi praktikuju improvizaciju i ad libitum ukrašavanje?
5631,Koliko je stanovnika Floride?
5632,Čime je obeležen šesnaesterac?
5633,Kako Florida glasa na predsedničkim izborima?
5634,Koju je bila titula Trubeckoja?
5635,Od koje vrste korupcije se razlikuje institucionalna korupcija?
5636,Iz koje perspektive antropologija razvoja gleda na razvoj?
5637,Šta se smatra glikemijskim indeksom u pivu?
5638,Kako je takođe poznata Oltenija?
5639,Koji aspekt imenovanja stadiona neki navijači ne odobravaju?
5640,Kada je UNFPA prešao pod autoritet Generalne skupštine Ujedinjenih nacija?
5641,Kada su Sloveni naselili Istočne Alpe?
5642,Šta je suprotno od aspirovanog?
5643,Sa kim je Tito potpisao sporazum 28. septembra 1944. godine?
5644,Šta je počelo industrijskom revolucijom?
5645,Šta znači skraćenica IRC?
5646,Iz kog jezika dolazi francuska reč politehnika?
5647,Ko su Kozaci?
5648,"Tokom američkog građanskog rata, koje društvene slojeve je podržavao Tajms?"
5649,Koju je zemlju vodio Dubček?
5650,Koje je značenje reči neuron u grčkom jeziku?
5651,Koje godine je Njuz Internešnl počeo da objavljuje Tajms i u formatu velikih novina i u formatu tabloida?
5652,U kojoj godini je NHK prvi put razvio potrošačku VD televiziju sa odnosom prikaza 5:3?
5653,Koje je novine se prestale da se objavljuju 2007. godine?
5654,Uzbuđenje tokom ratnih igara blokira koji aspekt bola?
5655,Koliki je procenat stanovništva Floride bio Hispoamerikanac u 2010. godini?
5656,Šta bugarski lingvisti smatraju makedonskim jezikom?
5657,Gde su se do kraja 6. veka naselili Sloveni?
5658,Koje zemlje su bile poznate kao „starateljstvo moćnih”?
5659,Razvoj čega je bio povod da se u Osmanskom carstvu prošire poljoprivredne površine?
5660,Kada je izmišljen prvi astrolab sa zupčanicima?
5661,Na kojoj obali Kostarike se govori kreolski engleski iz Limona?
5662,"Etnoistorija može da proučava istoriju kojih vrsta etničkih grupa, koje mogu ili ne mogu da postoje danas?"
5663,Šta je bio stalni problem kod obrazovanja sve dotle dok je samo po sebi bilo  obrazovanje?
5664,Ko je imao vodeću ulogu u oslobođanju Jugoslavije?
5665,Kako se zvalo afričko groblje u Njujorku?
5666,Šta se formiralo na spoljašnjem delu Zemlje nakon što se ohladila?
5667,Ko je bio odgovoran za širenje sveobuhvatnih škola 1965. godine?
5668,Ko je snažno verovao u samoopredeljenje i zbog toga se protivio Staljinu?
5669,Koja rubrika počinje na sredini novina Tajms?
5670,Koliku je štetu Florida nedavno pretrpela od vrtača?
5671,Šta uključuje univerzitetsko obrazovanje?
5672,Bili Džoel i Elton Džon su obojica imali kakvu vrstu obrazovanja?
5673,Koji jezik je sveti jezik hinduizma?
5674,"Na koje se discipline, zajedno sa sociologijom i naukama o ponašanju, oslanjaju naučnici kriminologije?"
5675,Koja su tri glavna enzima koji razlažu hranu?
5676,Koji su mogući načini nesavesnosti operatera?
5677,Koliko dugo obično traje bol?
5678,"U primeru *Slověninъ, množina *Slověne, kako je rekonstruisan slovenski autonim?"
5679,Kada je Samo postao vladar prve poznate slovenske države?
5680,Kada su vremenske oznake Internet arhive korisne za patentne kancelarije?
5681,Ko ili šta je obično kriv za greške?
5682,Koja je bila domaća boja majci Arsenala?
5683,U kom delu se brojač programa može promeniti proračunima?
5684,Šta se dešava kada neko pokuša da poboljša obrazovanje?
5685,Kako se zove inženjerska škola Univerziteta Thamasat?
5686,Koliko dugo u proseku Amerikanci gledaju televiziju dnevno?
5687,"Pored etničke pripadnosti i genetike, koji je još jedan faktor povezan sa razlikama u percepciji bola?"
5688,Ko se takođe zalagao za termin „Afroamerikanac”?
5689,Na šta ukazuju mrštenje lica i zaštitno držanje tela?
5690,Pikolo i tromboni stvaraju iluziju oluje i čega još u Betovenoj Šestoj simfoniji?
5691,Kojim sporazumom je okončan Rusko-turski rat?
5692,Kada je došlo ujedinjenja Italije?
5693,Po kojem imenu je konačno poznat novi stadion Arsenala?
5694,Ko nam govori da su Sklaveni imali močvare i šume za svoje gradove?
5695,Koliko brojeva kreditnih kartica je ukradeno od Houm Dipot-a 2014. godine?
5696,Kroz manipulaciju čega pomoć u hrani takođe može indirektno biti preusmerena od svojih namenjenih primalaca?
5697,Koji termin je bio sinonim za hard rok do kasnih 1960-ih godina?
5698,Kako lekari proučavaju organe imunog sistema pacijenta u hitnim situacijama?
5699,Ko ne izveštava o Jutjubovim finansijskim podacima?
5700,Koja je vrsta instrumenta gamelan?
5701,Čija stopa izumiranja podržava hipotezu o holocenskom izumiranju?
5702,Koje ćelije proizvode antitela?
5703,Ko je tvrdio da fiziološke reakcije nisu dovoljne da bi se objasnile emocionalna iskustva?
5704,U kojoj sekciji  Njujorške filharmonije su žene brojnije od muškaraca?
5705,Šta se smatra trgovinom drogom i pranjem novca?
5706,Koliki deo Brazilskog stanovništva se identifikovao kao crnac u 2000. godini?
5707,Iz kojih sredina su poticali Kozaci?
5708,"Koji su poljoprivrednici generalno manje zavisni od kapitala, biotehnologije i energije?"
5709,Šta je postao dominantan oblik poslovnog organizovanja?
5710,Koje godine je prvi put ime staut upotrebljeno  za opisivanje tamnog piva?
5711,Gde je usidren „Galeb” posle Titove smrti?
5712,Šta je sledilo dobu racionalizma?
5713,Ko je diskutovao o ideji kolektivne svesti?
5714,Koliko nezavisnih izdavača je predstavljao Merlin netvork?
5715,Kojoj epohi je Pulcinella slična?
5716,Koje su tri Vitruvijeva principa za dobro napravljenu zgradu?
5717,Od 1750-ih do početka 1830-ih je epoha Mocarta i kog drugog kompozitora?
5718,Koje je Titovo nekadašnje ime?
5719,U kojoj godini je Sleš napustio Gans en' rouziz?
5720,Koja je komponenta koju imaju sve CPJ-e?
5721,Šta je Netskejp pokrenuo 1998. godine?
5722,Šta koristi video-konferencija koja omogućava komunikaciju u situacijama uživo?
5723,S kim su se Sloveni pomešali u centralnoj Evropi?
5724,Kada su prvi put napravljeni arhitektonski spisi?
5725,Šta je 24 sata Daitona?
5726,Kog benda je Kit Ričards gitarista?
5727,Gde je bilo moguće gledati Svetsko prvenstvo u fudbalu u VDTV-i?
5728,Šta nudi alternativu samo softverskoj bezbednosti računara?
5729,"Kada je reč ""Sloveni"" upotrebljena u nacionalnoj himni Savezne Republike Srbije i Crne Gore?"
5730,Šta još mogu  izazvati adolescentske imunološke promene?
5731,Koja je karakteristika pisanog teksta uticala na upotrebu pisma?
5732,"Ako dođe do pada u rangiranju neke zemlje, koji pokazatelj će biti prisutan?"
5733,"Pošto je zapisana, klasična muzika može dostići visok nivo čega?"
5734,Gde se govori katalonskim algerskim dijalektom?
5735,U kom regionu se proširilo Osmansko carstvo nakon potpisivanja mirovnog sporazuma sa Venecijom?
5736,Kada je osnovana Fudbalska liga?
5737,Drugom sastanku koje organizacije Tito nije prisustvovao?
5738,U kojoj drugoj vrsti škola se takođe uči sanskrit?
5739,Šta je proizašlo iz sličnosti u sistemima?
5740,Iz kojih dela je razvijen šarijat?
5741,Koji deo čoveka je zadužen za obradu jezika?
5742,"Odakle se smatra da potiču životinjske vrste , koje se prepoznaju po tome što nemaju bilateralnu simetriju?"
5743,Sa kojom društvenom klasom se obično povezuje standardni dijalekt ?
5744,Šta se stvara namernim delovanjem i ciljanim razvojem Burse i Istanbula?
5745,Koliko metara od stative se proteže šesnaesterac?
5746,Koja orogeneza je nastala kada se Indija sudarila sa Azijom?
5747,Kojim vlastima su upućivane Titove žalbe o demonstrantima?
5748,Sa koliko kadrova u sekundi oznake 1080i30 ili 1080i60 identifikuju isprepletani format skeniranja?
5749,Gde je bio Brozov radni logor?
5750,Za koliko procenata vrsta se procenjuje da su izumrle?
5751,Ko je poslednji klub koji je osvojio FA kup kao deo duple Lige i Kupa?
5752,Šta predstavlja ENIIRC stvoren u Sjedinjenim Državama?
5753,Kakav je stav zauzeo Tajms koji je 1988. godine doveo do toga da jedan poznati strani dopisnik podnese ostavku?
5754,"Koliko je etničkih Jermena, za koje se veruje, poginulo u genocidu nad Jermenima?"
5755,Ko je eksperimentisao sa stvaranjem pobednika bez potrebe za izvođenjem penala?
5756,Koja su dva instrumenta izmišljena tokom evropske renesanse?
5757,Šta je glavni uzrok gorčine u pivu?
5758,Koji fenomen dovodi do uspeha klasičnih muzičara u popularnoj muzici?
5759,"Ko je napisao „Najveća emisija na Zemlji: Dokazi za evoluciju""?"
5760,Koja vrsta kartice će omogućiti televizoru spremnom za kablovsku da prikazuje VD sadržaj bez prijemnika spolja?
5761,Kako je ranije ime Prijatelja UNFPA?
5762,Koji tip škole predstavlja Gesamšule?
5763,Moderne zabrinutosti o etnicitetu i društvenim pokretima 1970-ih su naveli koju grupu da bude više zainteresovana za identitet?
5764,Racionalizam i empirizam su primeri čega?
5765,Netskejp je želeo da ima konkurentni pregledač koristeći šta?
5766,Koji lider se plašio da prihvatanje američke pomoći znači pristajannje na Zapad?
5767,Koje klase lekova je fentanil primer?
5768,"Šta arhitektura ne bi trebalo da promoviše, prema Rondaninijevoj?"
5769,Koji model podrazumeva pozitivnu povratnu spregu drugog reda?
5770,Koliko je značajnih novinarskih nagrada osvojio strani dopisnik koji je dao ostavku na mesto u Tajmsu?
5771,Kako lični video snimač čuva sadržaj?
5772,Koji antikomunistički nadbiskup je umro 1960. godine?
5773,Šta su Melzak i Kejsi smatrali da može uticati na percepciju intenziteta bola?
5774,Za šta su bramani koristili sanskrit?
5775,Kako je 2011. godine nazvana Florida?
5776,Kada je Konrad Zuze izmislio Z2?
5777,Koju vrstu imena imaju „obojeni”?
5778,Kada su Sjedinjene Države usvojile Zakon o pravima glasa?
5779,Da li je bilo neobično da se novi tim vrati u Fudbalsku ligu nakon prve sezone u Premijer ligi?
5780,Koja zemlja je nekada dozvolila svom caru da nosi samo žutu boju?
5781,Koji fan klub je blisko povezan sa klubom Arsenala?
5782,Šta je termin za cele brojeve?
5783,Koliko novca je svake godine uključeno u podmićivanje u svetu?
5784,U okviru koje teme se proučavaju nadsegmenti?
5785,Koje vrste predmeta se ne nude u Mitelšule?
5786,Gde su pronađena lanena vlakna koja su se mogla koristiti u odeći?
5787,Za koju zemlju je Tito viđen kao ujedinjujući predstavnik?
5788,Koja je bila profesija Pjer Žake-Droz?
5789,Sa kojim drugim romanskim jezikom je italijanski značajno međusobno razumljiv?
5790,Na kojoj poziciji je Totenhem završio u sezoni 2009./2010. godine?
5791,Kako se zove fudbalski klub koji je povezan sa Arsenalom?
5792,Koji tip arhitektonskog stila je posebno poznat po svojim regionalnim razlikama?
5793,"Kada je avion spreman za poletanje, ko preuzima usmeravanje aviona?"
5794,U kom pravcu su kopneni putevi izgubili na značaju?
5795,"Gde su otkrivene metasedementne stene starosti 3,7 milijardi godina?"
5796,Gde živi najveća slovenska manjina?
5797,Koja grupa se smatra delom Poljaka?
5798,Kada je Henri Bebidž pokazao mlin?
5799,Šta Plutčik vidi kao pozitivan ekvivalent gađenja?
5800,S kojim terminom se vizuelna antropologija ponekad koristi?
5801,Šta neki veruju da je razlog male količine arhaičnih stena?
5802,Kog datuma je Arsenal imenovao potpuno strani tim od 16 igrača za utakmicu?
5803,Kada je Madrid osnovao svoje antropološko društvo?
5804,Koji je četvrti i poslednji odeljak želuca kod preživara?
5805,Koja kompanija je predstavila prvi sistem HD za video-konferencije na opštem tržištu?
5806,Koja je partija bila na vlasti kada je Margaret Tačer postala državni sekretar za obrazovanje?
5807,Koju nagradu je dobila Premijer liga 2010. godine?
5808,Na šta mnogi programi provode vreme čekajući?
5809,Zašto konfederacija nije mogla da brani svoje luke?
5810,Koja je švedska reč za politehničku školu?
5811,Koje civilizacije su koristile božanstvo i natprirodno u svojoj arhitekturi?
5812,"Koje instrumente koriste piloti da pronađu pistu i lete pravim pristupom, čak i ako ne mogu da vide zemlju?"
5813,Na konceptima kojeg regiona se zasnivao osmanski ekonomski sistem?
5814,Iz kog mesta je bio bend Blu čir?
5815,Koji je bio prekretnički hard rok album koji su Rolingstonsi snimili 1972. godine?
5816,Koje su tradicionalne boje Arsenala često korišćene za gostujuću sportske opreme?
5817,Neka senzorna vlakna ne mogu da  prave razliku između kog tipa stimulusa?
5818,Šta postaju skrobna zrna nakon  što su osladjena?
5819,Ko je istražio ulogu temperamenta emocionalnih fenotipa na društvenoj povezanosti?
5820,Koju vrstu muzike je elita Osmanskog carstva smatrala važnom?
5821,Ko je nasledio Tomasa Barnsa kao urednika Tajmsa 1841. godine?
5822,Koliko je obično kontrabasista bilo u baroknom orkestru?
5823,Kada je objavljena prva beta verzija Safarija?
5824,U kojim školama učenici imaju najlošije uspehe?
5825,Kako je Prokopij rekao da su nazvani Sklaveni i Anti?
5826,Koja vrsta škole je prevazišla sveobuhvatne škole u Irskoj?
5827,Šta je Evro1080 želeo da pokrene emitovanjem VDTV kanala?
5828,U kom trenutku se ljuska ječma razbija na komadiće?
5829,Čija etnička pripadnost je postala ideološki sukob?
5830,Šta je sa javnim funkcijama kada korupcija urušava vladine kapacitete?
5831,Koji tip klime je bio normalan u periodi ordovicijuma?
5832,Ko drži rekord za najviše golova u Premijer ligi?
5833,Gde je bio glavni fokus panslavizma?
5834,Marker sa kojim su ljudi spremni i žele da se povežu je kakva vrsta granice?
5835,Kako se zove veza između Severne i Južne Amerike?
5836,Zašto je danas termin „srpskohrvatski” kontroverzan?
5837,Ko je popularizovao termin srpskohrvatski?
5838,Šta je Gregorio Maranjon ubrizgavao svojim pacijentima?
5839,Koliko je čitalaca dnevno imao veb-sajt timesonline u aprilu 2009. godine?
5840,Kako se naziva stanje neograničene političke korupcije?
5841,Šta je značajni rani arhitektonski kanonski tip?
5842,Šta je značilo „crni po definiciji”?
5843,"Šta od usluga ili novca može uključivati mito osim traženje, nuđenja i davanje?"
5844,Kako YouTube sada posluje kao kompanija?
5845,U kom vremenskom periodu je Panini pisao svoju gramatiku?
5846,Ko je stvorio pojačivače obrtnog momenta diferencijalnog analizatora?
5847,Od koga drugog perioda je odvojen period Pensilvanije padom nivoa mora u periodi karbona?
5848,Koji dokument iz 1850. godine je formalno je deklarisao nameru da se stvori jedinstven standard?
5849,Kako se zove vodeći članak koji je pomenuo ukidanje jedne od glavnih karakteristika lista Tajms 2005. godine?
5850,Šta su definisali 1920x1080i i 1280x720p?
5851,Kada je Jutjub prvi put zahtevao od korisnika da ima nalog na Guglu da bi mogao da objavi komentar?
5852,Koje vrste zakona se mogu posmatrati kršenjem da je mašina za pretragu prošlih verzija u Evropi?
5853,U kojoj klasi (kom razredu) testiranje učenika određuje njihov prijem u diplomanski program u Pakistanu?
5854,Odakle su poreklom arhaične stene visokog stepena?
5855,Ko je bio značajan sholastički mislilac?
5856,Kako se zvao najveći okean tokom perma?
5857,Koji aspekti zgrade su smatrani delom šireg koncepta funkcije?
5858,Šta se dogodilo sa Skaj-vim sporazumom 2006. godine?
5859,Koliko je strog zakon o oduzimanju prava u Floridi?
5860,Ko još koristi latinično pismo osim rimokatolika?
5861,Koji sistem američke vojske je bio prvi sistem velikih razmera za koordinaciju informacija između nekoliko lokacija?
5862,Ko pruža usluge u oblaku?
5863,Koje vrste ćelija imaju sve životinje?
5864,Kako se zvao dugo očekivan album Gans en' rouziz iz 2008. godine?
5865,Koja osmanska grupa je želela da formira jaču mornaricu početkom 20. veka?
5866,Od kojih nacionalnosti se sastoji južnoslovenska grupa?
5867,Zašto se kineska filozofija počela mešati sa zapadnim konceptima?
5868,Koliko je procenata crnaca bilo na Floridi u ranim 1900-im godinama?
5869,Šta su teoretičari u različitim oblastima počeli da primećuju između životinja i jezika?
5870,Koji termin izbegava razlikovanje između jezika i dijalekta?
5871,Koja je značajna politička zajednica 20. veka obuhvatala većinu Južnih Slovena?
5872,Šta određuje gde preskakač počinje na zaletištu?
5873,Istraživači često koriste granice da bi pomogli da se definiše šta?
5874,Šta se desilo sa tužbom Viakoma 2010. godine?
5875,Za šta se obično smatra zagrevanje FIFA Kupovi konfederacija?
5876,Od koga Jutjub zavisi da se označe neprikladni video snimci?
5877,Ko je opisan kao osnivač romantične epohe?
5878,Šta znači latinska reč animalis?
5879,Šta proučava uticaj jezika na društveni život?
5880,Koja cena je bila određena za televizijska prava Fudbalske lige 1986. godine?
5881,Koja partija dominira Južnom Floridom i Majamijem?
5882,Iz kog jezika dolazi fonologija kao reč?
5883,Sa čime je inteligencija bliže povezana u  53. godini?
5884,Koje su neke od tvrdnji koje se ukazuju na nejednakost u obrazovanju?
5885,Prepoznavanje od strane kog tela može pomoći dijalektu da postane standardizovan?
5886,"Ko je izjavio da je polemika između klasifikacija zasnovanih na policentričenom jeziku i na dvojnim standardima bila „najduža, najozbiljnija i najoštrija rasprava u hrvatskoj kulturi 21. veka”?"
5887,Šta je uspostavljeno da bi se kontrolisali starosedeoci Australije?
5888,Šta verovatno može da uradi neovlašćeni korisnik sa fizičkim pristupom računaru?
5889,Koliko dugo traje postupak fermentacije  u proizvodnji piva?
5890,Koji je pristup korišćen za refersinja na kvalitete istosti u  odnosu na vezu osobe sa drugima?
5891,Kada je otvoren stadion Vembli?
5892,Koje planinsko područje je obrazovano sudarom Indijskog potkontinenta i Azijske ploče?
5893,Kada je bila Mladoturska revolucija?
5894,Kako se zove najpoznatiji privatni  institut za tehnologiju na Tajlandu?
5895,Koji termin se koristi u Belgiji i Holandiji za instituciju kao što je nemački Univerzitet primenjenih nauka?
5896,Kako su se nazivale savezničke sile pre 1917. godine?
5897,Kako biste opisali oblik fudbala?
5898,Koliko procenjenih posetilaca Jutjub ima mesečno od juna 2015. godine?
5899,Koje godine se nazivaju baroknim periodom?
5900,Koji termin se pojavio tek početkom 19. veka?
5901,Ko eventualno kontroliše sopstvene servere elektronske pošte?
5902,Koje godine je osmanska štamparija izdala svoju prvu knjigu?
5903,Kada je aerodrom Haunslou Hit počeo sa redovnim međunarodnim komercijalnim uslugama?
5904,Kada se završila klasična era ?
5905,Koliko nejevrejskih afričkih doseljenika živi u Izraelu?
5906,Komisija je smatrala da povezivanje pregledača sa Vindous računarima šteti čemu?
5907,"1850-ih, Tajms je počeo da trpi zbog porasta konkurencije od strane koje vrste štampe?"
5908,Koji tip antropološke posvećenosti je primećavanje i dokumentovanje genocida?
5909,"Koje oblasti filozofije, zajedno sa filozofijom muzike i umetnosti, proučavaju emocije?"
5910,Koje godine su prvi put osnovane sveobuhvatne škole?
5911,Da li sportisti koriste gimnastičke sprave na međunarodnim AGG takmičenjima?
5912,"Koja zemlja govori dijalekt srodan  švajcarskom nemačkom, osim Švajcarske?"
5913,Šta je ekvivalent univerzitetima za tehnologiju u francuskom govornom području?
5914,Šta je hinduistička arhitektura hramova pokušala da izrazi?
5915,Zašta su mnogi crnci migrirali sa Floride?
5916,Šta je telekomunikacija?
5917,Koja druga mreža je prekinula Skaj-ov monopol na izveštavanje Premijer lige dodeljivanjem televizijskih prava?
5918,"Koja slovenska reč označava ""ljudi koji govore isti jezik""?"
5919,Ko je upotrebio termin antropologija da bi opisao prirodnu istoriju čoveka?
5920,Koja  tri aspekta životne sredine južne Evrope  se mogu koristiti za razlikovanje regiona?
5921,Primer improvizacije u operi je varijacija Beverli Silsa kog dela Hendelovog Đulija Cezarea?
5922,Koja druga organizacija i Globalni integritet su sastavili drugi skup pokazatelja korupcije?
5923,Koliko putnika godišnje opsluži međunarodni aerodrom Mineapolis-Sent Pol?
5924,Koji je vek doneo pojavu tehničkih škola ili tehničkih instituta?
5925,Odakle potiče većina belih imigranta na Floridi?
5926,U kom okruženju su antropolozi do nedavno više istraživali?
5927,Koji sudija je predsedavao slučaj Netbjula protiv Kordijenta?
5928,Šta je početak 18. veka označio za početak u Evropi?
5929,Kada su klubovi Prve divizije napustili Fudbalsku ligu?
5930,U kojoj godini je Premijer liga odlučila da da prava na emitovanje Biskajb-u?
5931,Koje godine je stvoren NHK kolor?
5932,Šta politetrafluoroetilen suzbija?
5933,Šta je Džejms smatrao da stimulacije izazivaju kako bi se proizvela emocionalna iskustva?
5934,Koje godine je osnovana gradska politehnika Hong Konga?
5935,Gde se može snimati na strani terena?
5936,Šta su sudovi naredili za Standard Oil grupu?
5937,Kada je napravljen Feranti Mark 1?
5938,Ko je zvanično postavio VDTV 1993. godine?
5939,Koje godine je Tajms ponovo počeo da štampa vesti na naslovnoj strani umesto malih oglasa?
5940,Kako je sada poznata prva stalna kolonija u Floridi?
5941,"Koju osobinu poseduje dijalekt, zajedno sa sintaksom i gramatikom?"
5942,Ko je bio autor knjige „D Yong Mans Glinings”?
5943,Šta je počelo da se formira u ravnim basenima u Severnoj Americi tokom eocena?
5944,Koji procenat Italijana je govorio standardni italijanski jezik kada je Italija prvi put ujedinjena?
5945,Koje su knjige koristili graditelji kuća?
5946,Kako se u Hamburgu zvala kombinacija Hauptšulablšus sa Realšulablšus i Gesamšule?
5947,Sa kojom školom je spojen Univerzitet Masei?
5948,U kom mesecu je ponovno započelo finansiranje UNFPA od strane SAD?
5949,Kako se zove signal koji zaustavlja izvršavanje instrukcija računara?
5950,Kojoj klasifikaciji pripada osoba koja smatra da su sva iskustva igra uloge i da tako postaje otuđena od svog društvenog sopstva?
5951,Kakvo ponašanje sprovode fudbalski savezi?
5952,Ko je proglasio Kineze iz Južne  Afrike kao „crne ljude”?
5953,Kada može igrač biti prodat drugom klubu?
5954,Šta je zaštita informacionih sistema?
5955,Kako se naziva kada ne možete jesti nefermentisanu hranu na bazi mleka?
5956,Navedite primer nekoga ko je bio privremeni trener?
5957,Za šta se telesno kažnjavanje koristi kao odmazda?
5958,Šta je većina savremenog  slovenskog stanovništva koje ispoveda religiju?
5959,"Ko je napisao ,,Život najprestižnijih slikara, skulptora i arhitekata“?"
5960,Koja vrsta instrumenta je postala razvijenija tokom klasičnog doba?
5961,Ko je smenio generale Gošnjaka i Hamovića?
5962,Koji su neki od vremenskih perioda koji se u proučavanju porodične komunikacije razmatraju?
5963,Koji procenat pregleda na Jutjub-u evidentiraju veliki pop izvođači?
5964,Kakav efekat je podrivanje Lige nacija imalo na ljude?
5965,Koja je uobičajena upotreba tehnologije za konferenciju?
5966,Kako je sanskrit viđen u odnosu na održavanje klase?
5967,Koji put istraživanja je sledilo Antropološko društvo Londona?
5968,Kojoj vrsti muzike određeni kompozitori priznaju dug?
5969,Koji okean je bio zatvoren kada se Afrika pomerila na sever tokom paleocena?
5970,Da li je 1991. godine predlog za novu ligu bio odložen?
5971,Šta idealista smatra najvažnijim?
5972,Šta je zapadni ekvivalent prefiksa pre-?
5973,Šta zemaljskoj posadi može dati više slobodog prostora nakon što avion sleti?
5974,Koja je razlika u plavoj boji gostujuće sportske opreme Arsenala posle 1983.godine?
5975,Koji se irski institut za tehnologiju razvio nezavisno od sistema regionalnog tehničkog koledža?
5976,Ko se zalagao za „nacionalni put ka socijalizmu”?
5977,"Kakve su pozicije u kompanijama, sa kojima su imali saradnju, bile ponuđene političarima koji su bili na kraju svojih političkih karijera?"
5978,Koju je uočljivu promenu Čepman napravio na majcama Arsenala?
5979,Koji je izraz za osećaj samopouzdanja da se preduzme akcija?
5980,Koju teritoriju je 1669. godine osvojio Koprulu vezirat?
5981,Kako se zvao Titov lični doktor?
5982,Kada je počeo Tonijanski period?
5983,Kada je MTU-R počeo da pokušava da radi na uspostavljanju jedinstvenog međunarodnog VDTV standarda?
5984,Šta je glavni izvor alkohola u pivu?
5985,Kakva tema je fizički bol važna u odnosu na mnoga pitanja?
5986,Partitura ne daje potpuna i tačna uputstva o tome kako da se šta uradi?
5987,Kada je Tito umro?
5988,Šta bi antropologija koristila da razlikuje čoveka od njemu najbližih životinja?
5989,Ko je širio zapadnu kulturu i stilove?
5990,Kada je Le Korbuzije živeo i pisao?
5991,Koji grad je osvojen 29. maja 1453. godine?
5992,U brojanju čega je korišćena pomoć kockaste tkanine na stolu u srednjovekovnoj Evropi?
5993,Koji je pravilan izraz za obrezanje?
5994,Koje godine je izvršeno preko stotinu upada u Rimsku laboratoriju?
5995,U koliko geografskih regiona UNFPA radi?
5996,Zbog čega ovo sveukupno planiranje saobraćaja teži da obezbedi izbegavanje redova za sletanje?
5997,Ko je Toni Morison?
5998,Na kom jeziku je prvi put upotrebljen brahmi?
5999,Koja je prednost 4G jezika nad 3G jezikom?
6000,Koji je termin za grupu lokalnih škola koje ne mogu da postoje samostalno?
6001,Od čega zavisi uspešan preskok?
6002,U kojoj geološkoj eri smo sada?
6003,Biološka definicija reči životinja odnosi se na sve članove kog kraljevstva?
6004,U kom se veku prvi put pojavio izraz politehnika?
6005,Gde su ostali Sloveni koji su se uklopili u mađarsko ili rumunsko stanovništvo?
6006,Šta otežava krivično gonjenje mita jer u nekim zemljama ne postoji formalni sporazum?
6007,Koji je jedan problem koji šteti univerzalnom osnovnom obrazovanju?
6008,Da li se i normalni izmet takođe jede?
6009,Na čemu su zasnovani računari u današnje doba što ih čini mnogo bržim od ranijih računara?
6010,Šta je „ilirski”?
6011,Zašto je upotreba reči „Afrikanac” postala problematična?
6012,Gde se danas održava FA kup?
6013,Šta je bila svrha Saveza nemačkog dela?
6014,"Koji benda je snimio hit singl ""Amanda""?"
6015,Eufonijum je obično svirao delove označene kao šta?
6016,Šta je stvoreno radi upoređivanja engleskih dijalekata?
6017,Na koji tip tima se raspoređuju padobranska plaćanja u Premijer ligi?
6018,Kako se naziva proces prolaska hrane niz jednjak u želudac?
6019,Gde se nalaze Istrijanci?
6020,Ko je ponudio mnogim Afrikancima priliku da studiraju u njihovoj zemlji?
6021,Čije ubistvo je naredio Staljin 1937.godine?
6022,Koja teorija tvrdi da koncepcijska kognicija nije potrebna za emocionalno značenje?
6023,Šta je pravilo „jedna kap” uradilo?
6024,Šta su D.C. Sinkler i G. Vedel predlagali da je karakteristika svih kožnih vlakana?
6025,Kada je islamska arhitektura prvi put viđena?
6026,"Osim Grčke, u kojoj drugoj državi je grčki glavni jezik ?"
6027,Iz koje zemlje su došli Skorpionsi?
6028,Ko veruje da je srpskohrvatski jedan jezik sa više varijanti?
6029,Koja je jedna vrsta komponenti adaptivnog imunog sistema?
6030,Kako se naziva jedan oblik korupcije što uključuje zapošljavanje članova porodice?
6031,Kako biste nazvali pivo koje nije filtrirano ili pasterizovano?
6032,Koji su najbliži srodnici  pljosnatih crva?
6033,Kada se Tito venčao sa Lucijom Bauer?
6034,Zbog čega je prodaja državne imovine veoma ugrožena?
6035,Koje vreme se smatralo „modernim periodom” u Koreji?
6036,Ko redovno ažurira portal GetSajberSejf za kanadske građane?
6037,Kako bol utiče na stavove koji se smatraju neprihvatljivim?
6038,Koji termin je zamenljiv sa Negrito?
6039,Tokom koje epohe je nivo mora porastao na 115 stopa?
6040,Šta označava ALJ računara?
6041,Ko je bio poljsko-britanski osnivač antropologije?
6042,Sa koga su savezničke vođe svoju podršku prebacili na Tita?
6043,Na šta je prekomerno oslanjanje glavna prepreka za iskorenjivanje Sajber kriminala?
6044,Koliko ljudi u Oman-Kataru ima afričko poreklo?
6045,Zbog kakvih strahova je moldavski parlament odbio da promeni ime državnog jezika u rumunski 1996. godine?
6046,Ko je grupno migrirao na teoriju specifičnosti?
6047,Koji likovi u Šou Rokija i Bulvinkla su koristili uređaj koji im je omogućio da putuju kroz vreme?
6048,Koju elementarnu silu mogu proizvoditi neke specijalizovane tkanine?
6049,Šta je Fudbalska asocijacija želela da uradi izgradnjom odnosa sa novom ligom?
6050,U šta se razvijaju spoljašnji  ektodermalni i unutrašnji endodermalni sloj?
6051,Kako se zove digitalna arhiva koji sadrži istorijsku arhivu Tajmsa?
6052,Ko je pomogao u kodifikaciji muzičke notacije?
6053,Koji je termin zamenio termin crnja kao opšteprihvaćen?
6054,Koja dva žanra su doprinela opadanju popularnosti hard roka krajem 1980-ih i početkom 1990-ih?
6055,Izvođenje klasične muzike zahteva poznavanje koje vrste principa?
6056,Koje je pismo zamenilo pismo gupta?
6057,Koje godine je formiran fudbalski savez Šefilda?
6058,"Pored pristupa Internetu, pregledači mogu da pristupaju i informacijama koje stavljaju veb-serveri u čemu?"
6059,Kada su Rimljani proglasili hrišćanstvo za svoju zvaničnu   religija?
6060,Šta je razvilo niz srodnih koncepata i termina?
6061,"Šta je, uključujući drogu i pranje novca, treći oblik korupcije koji podstiče kriminalne aktivnosti?"
6062,Koju vrstu memorije CPJ može da čita i piše?
6063,Gde je prvi put korišćen rimski abakus?
6064,Kako su bile poznate vlade u kojima je dominirala vojska?
6065,Razne kulture su smislile načine pravljenja odeće od čega?
6066,Na šta treba da obratimo pažnju prema preporuci Fonda?
6067,Koji je Epl-ov poželjni video standard?
6068,U kojoj zemlji se nalazi organizacija Cask Marque?
6069,Koji glavni font je osnovao Tajms?
6070,Šta etnoarheolozi bolje razumeju proučavanjem živih ljudskih grupa?
6071,Koji su neki treš metal bendovi?
6072,Kada je prvi put izmišljen šiber?
6073,Kao šta je takođe poznat napad prikrivanja korisničkog interfejsa ili napad na ispravljanje korisničkog interfejsa?
6074,Koje su vrste jezika bili prakriti?
6075,Koje godine je Staljin umro?
6076,Sa kojom političkom partijom je povezan kolumnista Tajmsa Dejvid Aronovič?
6077,Da li je Tjellorov izveštaj o standardima bezbednosti stadiona predložio skupe nadogradnje stadiona?
6078,Istraživači koje organizacije proučavaju i razvijaju interlingvu?
6079,Etologija je grana koje discipline?
6080,Šta bi se moglo daljinski aktivirati nakon uspešnog narušavanja?
6081,Proizvodnja medija i prijem medija su primeri kakvog tipa konteksta?
6082,Koja grupa je prebacila fokus istraživanja identiteta?
6083,Na koju vrstu pigmenta kože se odnosi „crnac”?
6084,Koji grad u Venecueli je prvi imao IUT-u?
6085,Čime je rezultirala evolucijska borba u naoružanju između plena i predatora?
6086,"Koja disciplina se bavi fonotaktikom, fonološkom alternacijom i prozodijom?"
6087,Ko je razvio situacionu perspektivu emocija zajedno sa Andreom Skarantino?
6088,Šta se smatra zaštitnim zidovima i izlaznim procedurama?
6089,Šta znači skraćenica IFAB?
6090,"Kakva je to bila televizija Biskajb, koja ga je učinila tako radikalnim emiterom za Premijer ligu?"
6091,Koji model sugeriše da je materija 5% svemira?
6092,Zašto se Greg Dajk iz Londonske vikend televizije 1990. godine sreo sa predstavnicima pet najvećih engleskih fudbalskih klubova?
6093,Koji je bio prvi univerzitet koji je ponudio kurseve liberalne umetnosti?
6094,Koliko tableta je prodato u drugom kvartalu 2013. godine?
6095,Koje godine je prva komunistička zemlja otvorila svoje granice svim stranim posetiocima?
6096,Kog jezika je dijalekt pensilvanskog holandskog?
6097,Između koga se obično vode razgovori koje ljudi prisluškuju?
6098,Za šta je Kremer zaslužan?
6099,Šta je rezultiralo evropskim kapitalom u Osmanskom carstvu?
6100,Na kojoj temperaturi hlađenja se smanjuje ukus piva?
6101,Koliko manje zarađuju crnci u poređenju sa belcima u Brazilu?
6102,Koje polje istraživanja proučava organizacionu ulogu emocija?
6103,Kako se Afrikanci svrstavaju na Arapskom poluostrvu?
6104,Koja je bila standardna posećenost Premijer lige u sezoni 2007./2008. godine?
6105,Kom odeljenju pripada Tim za reagovanje na računarske hitne slučajeve?
6106,Koliko je ukupno pregleda videa ostvario Jutjub od maja 2010. godine?
6107,Koje godine je osnovana FIG?
6108,Zbog čega su zabrinuti primaoci pomoći?
6109,Koja aktivnost je takođe znatno smanjena kod novorođenčadi?
6110,Koje takmičenje je izazvalo rivalstvo sa Mančesterom?
6111,"Šta znači ""émouvoir"" na engleskom?"
6112,Ko je bio Mehmedov naslednik?
6113,Šta je MTU-R počelo da pokušava da uradi 1983. godine?
6114,Kada je pistupno osvetljenje ušlo u upotrebu?
6115,Zbog čega se Mandžurskim pohodom borila Rusija?
6116,Kada su partizani stvorili Prvu proletarsku brigadu?
6117,Koji institut za tehnologiju je otvoren u Bursi 2010. godine?
6118,Šta je gimnastika?
6119,Kako se nazivaju životinje čiji telesni planovi  pokazuju bilateralnu simetriju?
6120,Kako je rangiran Gabon?
6121,Ko ima koristi od političke korupcije?
6122,Iz koje zemlje je „Tri Dejs Grejs”?
6123,Ko je kritikovao sistem IAPS-a?
6124,Šta besplatni DIU-a prikazuju u zamenu za uslugu?
6125,Pomeranje kog kontinenta je doprinelo smanjenju veličine Paleo-Tetisa?
6126,Kada je Berti Mia postao trener Arsenala?
6127,Šta je Sputnjik 1 uveo?
6128,Kako se zove to kada se istrošeno zrno odvaja u procesu pravljenja piva?
6129,Koliko različitih igrača je osvojilo ili podelilo titulu najboljeg strelca u Premijer ligi?
6130,Šta uključuje tercijarno obrazovanje?
6131,Sanskrit je standardizovani dijalekt kojeg jezika?
6132,Koji golovi se računaju za konačni rezultat utakmice?
6133,Koliko dugo je najviše dozvoljeno nelicenciranom privremenom treneru da kontroliše tim Premijer lige?
6134,Kada je osnovano Osmansko carstvo?
6135,U kojoj zemlji se regionalni romanski jezici ponekad nazivaju dijalektima?
6136,Reč životinja se obično koristi samo za označavanje čega?
6137,Formiranje identiteta se odvija kroz identifikacije sa kim?
6138,"Pored senzornih i motornih informacija, koje informacije moraju da prođu kroz međumozak pre nego što se obrade?"
6139,Na koga je uticao Jan Boduen De Kurtne?
6140,Koje zemlje su pod kontrolom Osmanskog carstva doprinele centru uticaja između istoka i zapada ?
6141,Od čega se sastoji tipična vežba na konju sa hvataljkama?
6142,Šta je karakteristika Sent Pitersburg trke?
6143,Šta duguje svoj razvoj klasičnim porecima?
6144,Šta je primer međunarodnog stila?
6145,U kojoj su godini politehnike u Ujedinjenom Kraljevstvu dobile naziv univerzitet?
6146,Koju platformu je Internet arhiva usvojila 2009. godine?
6147,Kada se kontrola vraća na kontrolu na zemlji?
6148,Gde je Tito putovao 1977. godine da bi se pomirio sa kineskim rukovodstvom?
6149,Koliko je maksimalno dugačko zaletište kojim gimnastičari trče pre skoka na odskočnu dasku?
6150,Na koju godinu se HDI odnosi u izveštaju o ljudskom razvoju za 2007/2008. godinu?
6151,Neke kulture pokušavaju da regulišu koju emociju kod dečaka?
6152,Gde je počela Američka revolucija?
6153,Koja velika korporacija poseduje list Tajms u vlasništvu kompanije News UK ?
6154,Koji zastoj „kokoška ili jaje” je podstaklo Evro1080 da emituje HDTV kanale?
6155,Kako se zove Tajmsov atlas?
6156,"Ko je napisao ""Strast, emocije i smisao života""?"
6157,Koje obrasce proučava sociokulturna antropologija?
6158,Šta je primer ranog oblika digitalne video i audio komunikacije?
6159,U kom mesecu je objavljen Tjellorov izveštaj?
6160,Šta foneme diferenciraju?
6161,Koja Titova unuka je kardiolog i pisac?
6162,Odakle dolazi termin Sajid?
6163,Šta je bilo jedino što je nedostajalo u osmanskom pravnom sistemu?
6164,Gde počinje varenje?
6165,Šta predstavlja pojam NATO?
6166,Kako se drugo ime za fudbal?
6167,Nakon čije smrti 1907. godine je ime „bosanski”  promenjeno u „srpskohrvatski”?
6168,U kojoj godini je ponovno započelo finansiranje UNFPA od strane SAD?
6169,"Ko je proglašen krivim zbog saradnje sa nacistima, veleizdaje?"
6170,Koji model emocije je razvio Širar?
6171,Šta uglavnom obuhvataju preventivne mere?
6172,Koje vrste izvođenja baroknih opera zahtevaju improvizaciju?
6173,Klinički dokazi ukazuju da je neuroticizam uzrokovan čime?
6174,Koja evropska vlada je 2008. godine najviše doprinela UNFPA?
6175,Koje kodiranje sadrži i progresivni i isprepletani sadržaj?
6176,Gde se nalaze Janjevci?
6177,Iznad koga su bili „obojeni” ljudi u klasnom sistemu?
6178,Koji je hard rok bend iz 1990-ih godina imao zvuk stadionskog roka?
6179,Kada je uvedena fonema kao koncept?
6180,Koja je vladina kancelarija 2008. godine pronašla visoke nivoe formaldehida u odeći koja se ne gužva?
6181,Koja era je bila od 1400. do 1600. godine?
6182,Koji termin se danas više koristi za označavanje poziva između dve jedinice?
6183,"Šta je, pored cingulatnog korteksa i hippokampusa, istaknuta struktura limbičkog sistema?"
6184,Šta je počelo sa erom baroka?
6185,Kada je VDTV predstavljen u Sjedinjenim Državama?
6186,Šta je Tito ponudio koloni u povlačenju?
6187,Koji istraživači su proučavali korupciju u zemljama podsaharske Afrike za period od 1970. godine do 1996. godine?
6188,Koja je nacija osvojila Ukrajinu tokom Prvog svetskog rata?
6189,Koji jezik je uticao na jezike Indije?
6190,Gde je bilo sedište Zapadnog rimskog carstva?
6191,Šta se dogodilo sa Kinom nakon revolucija početkom 20. veka?
6192,U kom obliku se najčešće luče probavni enzimi?
6193,Šta je sa pobednikom FA kupa?
6194,Ko je tražio specifično slovensku podgrupu R1a1a [M17]?
6195,Koji jezički tekstovi su do 70% sanskritski?
6196,Koju vrstu prakse je Džon D. Rokfeler ispoljio u naftnoj industriji?
6197,Tajm je 2006. godine pisao da Jutjub iskorišćava ljudsku mudrost i šta još?
6198,"U koju trijadu su klasifikovane skale histerije, depresije i hipohondrijaze?"
6199,Čime su bile izazvane odluke Vladimira Lenjina?
6200,Šta se dešava kada se smanjena jedinjenja ugljenika u hrani razgrađuju i oslobađaju uskladištenu sunčevu energiju?
6201,Koji termin opisuje sve vrste biljaka koje postoje?
6202,Zašto PlejStejšn 3 ima široku VD kompatibilnost?
6203,Pokazano je da pravljenje razlike između unutrašnjih grupa i autsajdera utiče na procene drugih u radu u vezi sa čim?
6204,Šta oslobađa formaldehid?
6205,Kako se zove plaćanje državnih funkcionera da koriste svoj položaj u svojoj kancelariji?
6206,Ko je 1971. godine zvanično priznao ženski fudbal?
6207,Koji tip antropologije opisuje funkcionisanje društva širom sveta?
6208,Šta je važno za učenika u obrazovanju?
6209,"U afektivnom računarstvu, šta se koristi za prikupljanje podataka o fizičkom stanju korisnika?"
6210,U kom geografskom delu Nemačke se dijalekti ređe viđaju?
6211,Gde se pridevi pravilno postavljaju u srpskohrvatskom jeziku?
6212,Koji tip perifernog uređaja je miš?
6213,Koje je jedno iskustvo koje studenti mogu ostvariti koristeći video-konferencije?
6214,Šta predstavlja zelena boja malahita na trofeju Premijer lige?
6215,Kako se može opisati struktura komponenti imunog sistema?
6216,Koliko je crnaca služilo u Osmanskoj vojsci tokom austro-turskog rata od 1716. godine do 1718. godine?
6217,Koji sistem ocenjivanja organizacije promoviše održivost?
6218,Kada je Tito napustio Indiju?
6219,Od kojih emocije u mnogim kulturama odvraćaju žene?
6220,U koje tri dimenzije ljudskog razvoja se nejednakost uzima u obzir u IHDI-u?
6221,Godine 1804-1910. označavaju koji period?
6222,Kako je drugo ime za greške u programima?
6223,Šta je VDIU?
6224,Zbog čega su evropska carstva i kraljevine privedene kraju?
6225,Kada je počeo pokret arhitektonske fenomenologije?
6226,Kako se zvao internat za hrišćane tokom Osmanskog kalifata?
6227,"Malo dete, adolescent, mladi odrasli čovek i stariji odrasli čovek su faze čega?"
6228,Šta obično vrši obradu podataka sa ulaznih i izlaznih uređaja?
6229,Na koje su povezane oblasti se oslanjaju lingvistički antropolozi?
6230,Preko kojih opsega vaj-faj može da radi?
6231,U kom periodu su mnoga dela bila dizajnirane za pratnju uz basso continuo?
6232,Koliko vremena je bilo potrebno da video projekta „Biće bolje“ dobije veliki broj odgovora?
6233,Kako se naziva album Blek Sabat-a iz 1970. godine?
6234,Ko je imao kontrolu nad vojskom Beiang?
6235,Ko je bio novi pevač Van Hejlena na 5150?
6236,Šta je Everglejds?
6237,Koje ratove devedesetih godina prošlog veka je fudbal učinio napetijim?
6238,Šta je ujedinjenje Italije?
6239,Koje su neke od životinja u tipu Annelida (prstenasti crvi)?
6240,Koji tip  temperamenta je postao prihvaćen tokom 18. veka?
6241,"Student bi pohađao tehnički institut pre univerziteta ili politehnike, ali posle čega?"
6242,Gde su upadali Indijanci Seminola?
6243,Koja područja evropske teritorije naseljavaju zajednice koje govore slovenski?
6244,Koje drevno društvo je razvilo pojedinačne tone i skale?
6245,Gde je Florida rangirana po broju stanovnika u Sjedinjenim Državama?
6246,Za koliko lokacija se može koristiti video-konferencija?
6247,Šta se nazivalo „Masovnim pokretom”?
6248,Koja vrsta antropologije uključuje relativno novo područje internet istraživanja?
6249,U kojoj ulici se nalazi Univerzitet Vestminster?
6250,Kako se religiozno izjašnjavao Tito kao odrastao?
6251,"Osim toga što se koristi kao jezik religija, za koju drugu primenu se može koristiti sanskrit?"
6252,Kako se zove umetnička pesma?
6253,Koliko mera trenutno objavljuje Transperensi Internašonal?
6254,Šta se dešava kada evropske lige prodaju svoja televizijska prava pojedinačno?
6255,Ko povremeno raspravlja o tome da se škotski tim pridruži Premijer ligi?
6256,U kojoj godini  je počela Arapska pobuna?
6257,Koje godine je osnovana Međunarodna federacija estetske grupne gimnastike?
6258,Od koje godine se gostujuća sportska oprema menja svake godine?
6259,Ko se nije složio sa estetikom brutalizma?
6260,Gde mogu putnici kupiti karte?
6261,Kada Setanta Sports nije ispunio rok za plaćanje?
6262,Ko je stvorio mikroprocesor Intel 4004?
6263,U kojoj vrsti dijalekta je samo prisutan Titov oštar akcenat?
6264,Kada je živeo marokanski sultan Mulaj Ismail?
6265,Od čega je sastavljena ekstracelularna matrica koja okružuje eukariotne ćelije?
6266,Poznavanje stila koji se očekuje od bilo kog kompozitora  je potrebno za koju vrstu izvođenja?
6267,Glavni urednik lista Tajms je 1914. godine tvrdio je da bi Britanska imperija trebalo da uđe u koji rat?
6268,"Zajedno sa iskustvom, funkcijom i poreklom emocije, koji aspekt emocije sadašnji tokovi istraživanja pokušavaju da objasne?"
6269,Na koliko stadiona je igrana Premijer liga od sezone 2015./2016. godine?
6270,Koji komičar je napravio brojne šale o igračima Arsenala?
6271,Kako se zvao antisemitski članak koji je glavni urednik lista Tajms objavio 1914. godine?
6272,Na koliko je 1988. godine porasla cena televizijskog ugovora Fudbalske lige?
6273,Na kojim farmima se koriste biološki destruktivni pesticidi?
6274,Osvajanje Nice je bio napor Sulejmana i kog francuskog kralja?
6275,Koliki je bio honorar za prelaz Luis Suareza 2014. godine?
6276,Tokom kojeg perioda je trajao Korejski rat?
6277,Ko je tvrdio da emocionalni stimulus izaziva iskustvene i fiziološke reakcije na emocije istovremeno?
6278,Koja je druga reč za „svetlu put”?
6279,Zašto je FCC odbacio sisteme kao što je MUSE?
6280,Ima li klubova iz Škotske ili Irske u Premijer ligi?
6281,Šta se dešava sa timovima na dnu tabele na kraju sezone?
6282,Kako je poznata neograničena politička korupcija?
6283,Koja grupa navijača želi više vlasničkih prava u klubu Arsenal?
6284,Koliko članova otprilike ima EmoNet?
6285,Ko je možda Obamin predak?
6286,Kako teorija intenziteta posmatra bol?
6287,Zašto je bilo nekoliko sudskih sporova protiv Skaj-a i Premijer lige?
6288,Ko je proizveo prvi sistem visoke oštrine za video-konferencije?
6289,Ko je napisao da uzbuđujuće činjenice vode do emocija?
6290,Kako neko „glumi belca”?
6291,Kada je prvi put propisano vremensko ograničenje dužine videa na Jutjub-u?
6292,Koliko Instituta za nauku i tehnologiju je bilo povezano sa Univerzitetom u Velsu?
6293,"Ako ekološke promene u zajednici utiču na pristup hrani, sa čime na kraju dolazi do povezanosti?"
6294,"Koji je izum, zajedno sa radiom i javnim obrazovanjem, pomogao da se standardni italijanski jezik proširi među italijanskim stanovništvom?"
6295,Koje su druge grupe kasnije bile primljene u Divan?
6296,Kada je Jutjub Red ponovo pokrenut sa dodatnim funkcijama?
6297,Koju epohu je nasledila klasična era?
6298,"Pri formiranju složenih vremena u španskom, koje se pomoćno sredstvo više ne koristi?"
6299,Koliko je mogućih poena za ritmičke programe?
6300,Koju teritoriju je Osmansko carstvo izgubilo 1830. godine?
6301,Ko je osnovao Osmansko carstvo?
6302,Koji još pregledač ima Gugl kao podrazumevani pretraživač?
6303,Odakle potiču termini „rano moderno” i „moderno doba”?
6304,"Koju grupu su, između ostalih, činili EjTienTi, Filips, Zinit i MIT u 1990-im godinama?"
6305,Ko je podržavao odstranjivanje političkih protivnika protiv „Titoista”?
6306,Ko je bio menadžer proizvoda Gugla 2010. godine?
6307,Šta je dovelo do propadanja Osmanskog carstva?
6308,Suzbijanje čega se takođe smatra političkom korupcijom?
6309,Koju versku pripadnost su imali Kozaci?
6310,Koji tim u sezoni 2003./2004. godine nije imao poraza i na kraju osvojio ligu?
6311,Koji sudija je odbio pokušaj Televizije Poljske da blokira korišćenje sadržaja Internet arhive kao dokaza?
6312,Za šta se veruje da je najstarije alkoholno piće na svetu?
6313,Šta je bila osnova spora između drevnih i modernih?
6314,Pod koju vrstu univerziteta potpada Jel?
6315,Koji grad je imao svoju crnu zajednicu?
6316,Koji drugi OS može da koristi Internet eksplorer?
6317,Kada je Tito boravio u hotelu Luks?
6318,Gde se himus kreće posle dvanaestopalačnog creva?
6319,Iz kog jezika potiče većina italijanskih jezika?
6320,Sa čim je materijalizam povezan?
6321,Iz čega su se razvili kineski znakovi?
6322,Kako se ljudi procenjuju u Brazilu?
6323,"Šta kombinuje elemente baleta, gimnastike, plesa i rukovanje gimnastičkim spravama?"
6324,Gde se značajno koristi dizajn značke u art deko stilu?
6325,Koja stranka je dobila raspravu u vezi Netbjulovom datotekom Roubots.TeIksTe?
6326,Kada je bilo doba renesanse?
6327,"U nacionalnom istraživanju čitalaštva 2009. godine, koje novine imaju najveći broj čitalaca ABC1 25-44?"
6328,"Nakon što se tim premestio u koji grad, grb je ostao bez topova?"
6329,Za koju etničku pripadnost se sada opredeljuje većina slovenskih muslimana ?
6330,Sa koliko kadrova u sekundi oznake 1080i25 ili 1080i50 identifikuju isprepletani format skeniranja?
6331,"Koja je škola, osnovana 1794. godine, prva koristila oblik reči politehnika u svom imenu?"
6332,"U novembru 2006. godine, Tajms je promenio svoj font na koji novi font?"
6333,Koji je drugi termin za izbornu prevaru?
6334,Od koje godine postoji dnevno emitovanje na All India Radio?
6335,Kada je Tim uticaja uspešno narušio veb-sajt Ašli Madson?
6336,Na šta je Centralni odbor za srednje obrazovanje Indije spustio Sanskrit?
6337,U koje vreme je pismo gupta postalo preovlađujuće za pisanje sanskrita?
6338,Koliko timova je ispalo iz Premijer lige 1995. godine?
6339,Kako su nacisti izazvali antisemitska osećanja kod civila?
6340,Kako se naziva nezakonito mešanje u izbore?
6341,Zašto je AGG različita od ritmičke gimnastike?
6342,Šta je DBIU?
6343,Koja je korporacija kupila Tajms 1981.?
6344,Sa kojom političkom partijom je povezan kolumnista Tajmsa Danijel Finkelštajn?
6345,Abnormalnost nervnog sistema može učiniti  mali broj ljdi neosetljivim na šta?
6346,Koji je termin za dijalekt koji je specifičan za društvenu klasu?
6347,Kolika je prosečna dnevna temperatura u Majamiju?
6348,Ko je postao prvi generalni sekretar Pokreta nesvrstanih?
6349,Čije su reči doprinele sistemu islamskog šerijatskog prava?
6350,Koje godine se nazivaju periodom renesanse?
6351,Na račun kog tima dolazi automatski ulazak prethodnog šampiona u Ligu šampiona bez plasmana u prva četiri?
6352,Koji oblik govora pokazuje da su sanskrit i prakrit postojali istovremeno?
6353,Smatra da su prvi govornici sanskrita došli u Indiju kada?
6354,Kog datuma je Svonzi Siti odigrao svoju prvu utakmicu Premijer lige?
6355,Kojoj jezičkoj porodici pripada istočnolombardski?
6356,U kom filmu je korišćena Stepenvulfova pesma?
6357,Ko je napisao „Izjavu o profesionalnoj odgovornosti”?
6358,Koliko je bila procenjena Arsenalova baza navijača u 2011. godini?
6359,Kada je završena Velika depresija u Americi?
6360,Ko je bio vođa Italije kada je počeo Drugi svetski rat?
6361,Šta se u Sjedinjenim Državama smatra najvažnijim faktorom u obrazovanju deteta?
6362,Kako se zove udeo javnog funkcionera kada je uvučen u koruptivno nuđenje?
6363,Kada je počela da se stvara hinduistička arhitektura hramova?
6364,Koju teoriju je razvila Arnold?
6365,Koji je termin kojim  se označava koliko nam se negativnim ili pozitivnim emocionalno iskustvo čini?
6366,Koji sedimenti ukazuju na cepanje Pangee u Sjedinjenim Državama?
6367,Koliko novca je Premijer liga zaradila od televizijskih prava u periodu 2010. godine do 2013. godine?
6368,Koliko konjanika je doveo otac Osmana prvog u pomoć seldžucima iz Ruma?
6369,Pod čijim vladavinom su vizantijski istoriografi opisali slovenska plemena?
6370,Koje godine je Tito inaugurisan za predsednika?
6371,U koliko zemalja UNFPA radi?
6372,Gde je popularna generativna fonologija?
6373,Gde je bilo naseljeno pleme Veneti?
6374,U kojoj industriji se šiberi ipak i danas koriste?
6375,Koliko Afro-Španaca trenutno živi u Španiji?
6376,Šta je omogućilo da se na duvačkom instrumentu svira širi spektar nota?
6377,Koje oblasti posebno imaju koristi od video-konferencije?
6378,Ko je bila prva žena koncertmajstor Bečke filharmonije?
6379,Ko je prvi upotrebio termin srpskohrvatski 1824. godine?
6380,O kome je Prokopije pisao 545. godine?
6381,U čemu se politička korupcija smatra trgovinom?
6382,Šta je Crna garda uradila?
6383,Koji karton koristi sudija da signalizira opomenu igraču?
6384,U kojoj godini se desio krah Vol strita?
6385,Kada je Kolos poslat u Blečli Park?
6386,Na kom lokalnom slovenskom govoru su zasnovani stari crkvenoslovenski rukopisi?
6387,Koja hard rok supergrupa je sadržala članove Saudgarden i Rejdž Agenst De Mašin?
6388,Kome su Indijanci ponudili utočište?
6389,Koju vrsu članka o svojim dopisnicima je Tajms prestao da štampa 2005. godine?
6390,Čija je zvanična nezavisnost proglašena 1908. godine?
6391,Tokom kojih godina je Tito vodio partizane?
6392,Šta je privremeni trener?
6393,Kako su ljudi u Brazilu klasifikovani?
6394,Od kada sezone Premijer lige kreću?
6395,Ko sponzoriše Premijer ligu?
6396,Kako je Adalard Stariji bio poznat 822. godine nove ere?
6397,Koji je proizvod video-konferencije na kojem su radili i IBM i Pikčtelefon?
6398,Kojoj jezičkoj porodici pripada galurski?
6399,Šta održava struju u avionu kada stoji na terminalu?
6400,Koliko je Sequoia Capital investirao u Jutjub u novembru 2005. godine?
6401,"Koji liturgijski oblik, osim moteta, je opstao tokom čitavog perioda renesanse?"
6402,Ko je bio autor dela  „O arhitekturi“?
6403,U kojoj godini je Sulejman Veličanstveni osvojio Beograd?
6404,Od koga su bežala germanska plemena?
6405,Kako se nazivaju lične idiosinkrazije koje odvajaju pojedince?
6406,Šta pružaju DIU-e?
6407,U kom sukobu su osmanlijski Turci koristili sokolnike?
6408,Šta obezbeđuje propusni opseg za povezivanje iznajmljenog prostora DIU-e i pristup DIU-e?
6409,"Rodni, etnički i profesionalni identitet su aspekti čega?"
6410,Koja vrsta nauke je čvrsto fiksirana na vidljivom svetu?
6411,Kakav je bio Čapmanov taktički stil koji je pružio osnovu za klupski uspeh Arsenala?
6412,Koji je razlog za podelu UN na regione?
6413,Šta podržava VASI?
6414,Na kojim područjima se govore četiri standardne srpskohrvatske varijante?
6415,Gde je izmišljen prvi astrolab sa mehaničkim kalendarom?
6416,"U kojoj godini je, nakon ustavnih promena, Tito smanjio svoju ulogu u svakodnevnom upravljanju državom?"
6417,"Kojoj vrsti hemikalija pripadaju dopamin, serotonin i noradrenalin?"
6418,Kada Premijer liga ima svoju sezonu?
6419,Šta još ima i IksBoks 360 pored toga što ima Blu-Rej plejer?
6420,Koje različite vrste sertifikata učenici Gesamšule mogu da steknu?
6421,Od kada je poznata prva upotreba reči „računar”?
6422,Šta utiče na opšte zdravstveno stanje?
6423,Koji žanr koristi više nezavisnih vokalnih melodija?
6424,Koji odnos prikaza je dogovoren zbog uticaja širokog ekrana bioskopa?
6425,Koje verovanje su drevne civilizacije smatrale svetim?
6426,Koja je veza između indoiranskih i baltičkih jezika?
6427,Kom jeziku su ponekad smatrani dijalektima mandarinski i kantonski?
6428,Koji klub je bio prvi tim od sezone 1994./1995. godine van „Velike četvorke” koji je pobedio u sezoni 2011./2012. godine?
6429,"Šta je, pored osmeha i mrštenja, primer pokreta lica ili tela izazvan emocijom?"
6430,Ko je izjavio da ne želi da nanese štetu Internet arhivi?
6431,Kada su osnovani prvi komercijalni DIU-a?
6432,Gde Edvard Broz živi?
6433,"Koja zemlja svoje politehnike, univerzitete i fakultete smatra državnim institucijama?"
6434,Iz kog perioda su najranije datirani natpisi na sanskritu?
6435,"Odakle su još, osim iz otprilike 100 zemalja,  prikupljene informacije da bi se pokazalo da više ljudi koji čitaju novine ima veću političku odgovornost?"
6436,Kakav pravni stav je Arsenal iskoristio da dobije parnicu protiv trgovca?
6437,Koja se korporacija 1979. godine borila sa upravljanjem lista Tajms?
6438,Za koje vrste aktivnosti su se daju prava u ž šumskim rezervatima?
6439,Koliko stadiona je zatvoreno od početka Premijer lige?
6440,Koje godine je objavljena Psihologija odeće J. C. Flugela?
6441,Šta je neverbalna komunikacija?
6442,Ko je tvrdio da reč *Slava potiče od rekonstruisane praindoevropske reči *(s)lavos?
6443,Kako se sada naziva Fond Ujedinjenih nacija za populacionu aktivnost?
6444,Šta je autohtono obrazovanje?
6445,Koja je bila prva politehnika  u Hong Kongu?
6446,Šta je Ibrahim Sinasi napisao 1860. godine?
6447,Da li su se južnoslovenski jezici razvijali koherentno ili samostalno?
6448,Kako se zove pivara koja proizvodi malu količinu piva?
6449,Šta je pojas zelenih stena?
6450,Koji rat je promenio način na koji su Sjedinjene Države gledale na rasu?
6451,Šta je vazdušna luka?
6452,Kako se zove proces pravljenja piva?
6453,Kako su Aristotelijanci nazivali emocije?
6454,Kako se još naziva sporazum Balta limanski sporazum?
6455,U kojoj je političkoj partiji bio član Džejms Kalagan?
6456,Kada možete postati autodidakt?
6457,Kakve programe izvode grupe opšte gimnastike?
6458,Šta je visoko obrazovanje?
6459,Otprilike kada je arhitektura počela da se specijalizuje?
6460,Šta je Zapadni front?
6461,Koja karipska nacija je u prvom kvartilu HDI-a (ali joj nedostaje IHDI)?
6462,Kojih grupa podrška rezultira u dijalekt koji postoje standardizovan?
6463,U kojoj deceniji su razvojni programeri proširili mogućnosti video-konferencije na više uređaja?
6464,Kako se u pivarama naziva mala bačva napunjena hmeljom?
6465,"Klavirski instrumenti su uključivali orgulje , čembalo i koji drugi instrument?"
6466,Šta su kontrolisali odbori za zaštitu Aboridžina?
6467,Šta je izazvalo tehnološki i ekonomski napredak?
6468,Šta je bila važna karakteristika Premijer lige sredinom dvehiljaditih godina prošlog veka?
6469,Koje godine je anketa navijača rekla da je rivalstvo Totenhema bilo najveće?
6470,Šta narodni muzičari obično nisu?
6471,Kako se prvobitno zvala aerobna gimnastika?
6472,Navedite jedan od razloga zbog kojih je urbanizacija porasla u Kini?
6473,Koliko instituta za tehnologiju  ima u Nemačkoj?
6474,Kako je bio poznat novi osmanski sudski sistem?
6475,Kada je Sovjetski Savez razvio Transformator?
6476,Nakit se ne smatra odećom jer se obično nosi isključivo iz kog razloga?
6477,Šta kontroliše konferenciju dok je aktivna na signalnoj ravni?
